Train_No,Start_Station,End_Station,Start_Departure,End_Arrival,Total_Distance,Number_of_Stops,Journey_Duration
107,SAWANTWADI R,MADGOAN JN.,10:25:00,12:10:00,78,4,0 days 01:45:00
108,MADGOAN JN.,SAWANTWADI R,20:30:00,22:25:00,83,4,0 days 01:55:00
128,MADGOAN JN.,CHHATRAPATI,19:40:00,17:45:00,978,22,0 days 22:05:00
290,DELHI-SAFDAR,DELHI-SAFDAR,18:30:00,02:30:00,2694,14,5 days 08:00:00
401,AURANGABAD,VARANASI JN.,21:30:00,10:00:00,1618,12,1 days 12:30:00
421,LUCKNOW JN.,SHRI MATA VA,23:00:00,08:00:00,1276,5,1 days 09:00:00
422,SHRI MATA VA,LUCKNOW JN.,11:45:00,14:30:00,1277,5,1 days 02:45:00
477,SIRSA,SIRSA,12:10:00,15:20:00,2616,14,2 days 03:10:00
502,RAJENDRANAGA,AMBALA CANTT,10:30:00,09:30:00,1206,9,0 days 23:00:00
504,PATNA JN.,BATHINDA JN,09:00:00,10:00:00,1313,3,1 days 01:00:00
506,PATNA JN.,PATIALA,14:15:00,15:45:00,1161,3,1 days 01:30:00
557,URKURA,PANJIPARA,23:30:00,11:00:00,1301,2,0 days 11:30:00
604,PATNA JN.,AMRITSAR JN.,12:30:00,16:00:00,1429,3,1 days 03:30:00
1011,CST-MUMBAI,NAGPUR JN.(C,00:20:00,14:20:00,841,18,0 days 14:00:00
1037,LOKMANYA TIL,SAWANTWADI R,01:10:00,10:30:00,513,10,0 days 09:20:00
1038,SAWANTWADI R,LOKMANYA TIL,14:05:00,00:20:00,503,10,0 days 10:15:00
1045,LOKMANYA TIL,KARMALI,01:10:00,11:00:00,563,11,0 days 09:50:00
1119,AJNI,KARMALI,19:50:00,20:30:00,1329,24,1 days 00:40:00
1120,KARMALI,AJNI,21:30:00,22:00:00,1319,24,1 days 00:30:00
1122,KARMALI,CST-MUMBAI,22:30:00,10:30:00,569,14,0 days 12:00:00
1196,NAGPUR JN.(C,KARMALI,19:50:00,21:30:00,1332,26,1 days 01:40:00
1301,PUNE JN.,MANGALORE JN,18:50:00,12:30:00,976,17,0 days 17:40:00
1302,MANGALORE JN,PUNE JN.,15:45:00,13:10:00,973,17,0 days 21:25:00
1442,DELHI-SAFDAR,KHADKI,11:15:00,02:15:00,1581,13,1 days 15:00:00
1655,PUNE JN.,JABALPUR,10:45:00,06:15:00,1050,13,0 days 19:30:00
1656,JABALPUR,PUNE JN.,19:30:00,14:05:00,1050,13,0 days 18:35:00
1705,BANDRA TERMI,JABALPUR,00:15:00,21:40:00,1261,14,0 days 21:25:00
1706,JABALPUR,BANDRA TERMI,14:20:00,11:15:00,1262,14,0 days 20:55:00
1707,JABALPUR,ATARI JN,09:15:00,11:45:00,1360,17,1 days 02:30:00
1708,ATARI JN,JABALPUR,14:45:00,17:20:00,1362,17,1 days 02:35:00
2025,CST-MUMBAI,KARMALI,05:00:00,13:20:00,579,7,0 days 08:20:00
2026,KARMALI,CST-MUMBAI,14:30:00,23:00:00,569,7,0 days 08:30:00
2191,JABALPUR,SANTRAGACHI,20:10:00,16:00:00,1123,16,0 days 19:50:00
2192,SANTRAGACHI,JABALPUR,20:40:00,15:50:00,1123,16,0 days 19:10:00
2195,REWA,BHOPAL,13:20:00,23:00:00,551,10,0 days 09:40:00
2196,BHOPAL,REWA,23:45:00,09:45:00,549,10,0 days 10:00:00
2515,TRIVANDRUM C,SILCHAR,00:05:00,05:00:00,3939,58,3 days 04:55:00
2651,PALANI,POLLACHI,07:45:00,09:10:00,62,3,0 days 01:25:00
2652,POLLACHI,PALANI,16:45:00,18:10:00,62,3,0 days 01:25:00
2731,HYDERABAD DE,JAIPUR JN.,16:25:00,06:25:00,1854,29,1 days 14:00:00
2732,JAIPUR JN.,HYDERABAD DE,14:35:00,02:00:00,1853,29,1 days 11:25:00
2821,PUNE JN.,SANTRAGACHI,10:30:00,18:15:00,2066,14,1 days 07:45:00
2822,SANTRAGACHI,PUNE JN.,18:30:00,02:45:00,2073,14,1 days 08:15:00
2833,RAJKOT,SANTRAGACHI,22:20:00,16:35:00,2332,29,1 days 18:15:00
2834,SANTRAGACHI,RAJKOT,21:05:00,13:45:00,2351,29,1 days 16:40:00
2841,SANTRAGACHI,CHENNAI CENT,12:40:00,15:20:00,1656,12,1 days 02:40:00
2842,CHENNAI CENT,SANTRAGACHI,18:20:00,23:30:00,1656,12,1 days 05:10:00
2845,PUNE JN.,HATIA,10:45:00,18:20:00,1770,17,1 days 07:35:00
2846,HATIA,PUNE JN.,21:00:00,02:45:00,1791,17,1 days 05:45:00
3101,KOLKATA,PURI,23:55:00,11:50:00,523,9,0 days 11:55:00
3102,PURI,KOLKATA,22:45:00,10:25:00,522,9,0 days 11:40:00
3301,ASANSOL MAIN,DHANBAD JN.,10:10:00,11:35:00,58,13,0 days 01:25:00
3302,DHANBAD JN.,ASANSOL MAIN,11:45:00,13:10:00,58,13,0 days 01:25:00
3305,DHANBAD JN.,KUSUNDA,11:30:00,11:50:00,3,2,0 days 00:20:00
3306,KUSUNDA,DHANBAD JN.,12:05:00,12:25:00,3,2,0 days 00:20:00
3307,SONARDIH,PHULWARTANR,14:40:00,15:15:00,4,4,0 days 00:35:00
3308,PHULWARTANR,SONARDIH,13:15:00,13:45:00,4,4,0 days 00:30:00
3501,JASIDIH JN.,ANAND VIHAR,18:30:00,14:10:00,1193,5,0 days 19:40:00
3502,ANAND VIHAR,JASIDIH JN.,19:50:00,17:30:00,1193,5,0 days 21:40:00
4401,ANAND VIHAR,SHRI MATA VA,22:20:00,13:00:00,710,13,0 days 14:40:00
4402,SHRI MATA VA,ANAND VIHAR,23:50:00,14:05:00,710,13,0 days 14:15:00
4409,DELHI JN.,SHRI MATA VA,21:10:00,11:30:00,653,7,0 days 14:20:00
4410,SHRI MATA VA,DELHI JN.,13:30:00,03:15:00,653,7,0 days 13:45:00
4419,MADGOAN JN.,HAZRAT NIZAM,10:40:00,16:55:00,1916,13,1 days 06:15:00
4420,HAZRAT NIZAM,MADGOAN JN.,15:35:00,19:40:00,1924,13,1 days 04:05:00
4735,BIKANER JN.,HARIDWAR JN,19:45:00,10:25:00,691,17,0 days 14:40:00
4736,HARIDWAR JN,BIKANER JN.,19:50:00,09:25:00,691,17,0 days 13:35:00
4767,HANUMANGARH,SHRI GANGANA,14:25:00,16:05:00,67,10,0 days 01:40:00
4768,SHRI GANGANA,HANUMANGARH,11:10:00,13:00:00,67,10,0 days 01:50:00
4769,HANUMANGARH,SHRI GANGANA,17:45:00,19:30:00,67,10,0 days 01:45:00
4770,SHRI GANGANA,HANUMANGARH,15:30:00,17:05:00,67,10,0 days 01:35:00
4771,SADULPUR JN,SHRI GANGANA,02:35:00,08:45:00,232,24,0 days 06:10:00
4772,SHRI GANGANA,SADULPUR JN,18:45:00,01:00:00,232,24,0 days 06:15:00
4773,SHRI GANGANA,SURATGARH JN,19:35:00,22:40:00,125,16,0 days 03:05:00
4774,SURATGARH JN,SHRI GANGANA,01:20:00,03:55:00,125,10,0 days 02:35:00
4801,PARVATSAR CI,MAKRANA JN.,06:30:00,07:30:00,21,3,0 days 01:00:00
4802,MAKRANA JN.,PARVATSAR CI,19:20:00,20:20:00,21,3,0 days 01:00:00
4831,JODHPUR JN.,HARIDWAR JN,13:30:00,10:45:00,882,22,0 days 21:15:00
4832,HARIDWAR JN,JODHPUR JN.,16:45:00,11:45:00,881,22,0 days 19:00:00
4851,MERTA ROAD J,RATANAGARH J,06:50:00,11:30:00,197,21,0 days 04:40:00
4852,RATANAGARH J,MERTA ROAD J,16:55:00,22:00:00,197,21,0 days 05:05:00
4853,RATANAGARH J,CHURU,11:55:00,13:10:00,42,6,0 days 01:15:00
4854,CHURU,RATANAGARH J,15:45:00,16:45:00,42,6,0 days 01:00:00
4921,SAHARANPUR J,AMBALA CANTT,04:45:00,06:30:00,81,13,0 days 01:45:00
4922,AMBALA CANTT,SAHARANPUR J,20:45:00,22:40:00,81,13,0 days 01:55:00
4991,PATHANKOT JN,JAMMU TAWI,14:40:00,17:10:00,99,14,0 days 02:30:00
4992,JAMMU TAWI,PATHANKOT JN,09:50:00,12:10:00,99,14,0 days 02:20:00
5061,GORAKHPUR JN,BARHNI,06:45:00,09:50:00,112,5,0 days 03:05:00
5062,BARHNI,GORAKHPUR JN,17:20:00,20:05:00,112,5,0 days 02:45:00
5065,CHHAPRA JN.,LUCKNOW JN.,19:30:00,08:15:00,503,15,0 days 12:45:00
5066,LUCKNOW JN.,CHHAPRA JN.,20:25:00,08:25:00,505,15,0 days 12:00:00
5105,GORAKHPUR JN,BASTI,11:45:00,13:35:00,64,4,0 days 01:50:00
5106,BASTI,GORAKHPUR JN,14:10:00,15:40:00,64,4,0 days 01:30:00
5305,KANPUR ANWAR,FARRUKHABAD,14:55:00,18:25:00,136,11,0 days 03:30:00
5306,FARRUKHABAD,KANPUR ANWAR,11:35:00,14:30:00,136,11,0 days 02:55:00
5309,BAREILLY CIT,LALKUA JN.,20:55:00,22:45:00,81,6,0 days 01:50:00
5310,LALKUA JN.,BAREILLY CIT,17:30:00,19:25:00,81,6,0 days 01:55:00
5521,JAMALPUR JN.,SAHARSA JN.,20:40:00,00:25:00,81,12,0 days 03:45:00
5522,SAHARSA JN.,JAMALPUR JN.,05:10:00,08:00:00,81,12,0 days 02:50:00
5613,JHALAWAR CIT,KOTA,06:00:00,08:05:00,85,11,0 days 02:05:00
5614,KOTA,JHALAWAR CIT,19:10:00,21:25:00,85,9,0 days 02:15:00
5619,NORTH LAKHIM,MURKEONG SEL,13:20:00,17:30:00,153,20,0 days 04:10:00
5620,MURKEONG SEL,NORTH LAKHIM,08:45:00,12:50:00,153,20,0 days 04:05:00
5631,GUWAHATI,SILCHAR,17:30:00,05:55:00,380,10,0 days 12:25:00
5632,SILCHAR,GUWAHATI,19:20:00,07:45:00,379,10,0 days 12:25:00
5715,NEW JALPAIGU,KISHANGANJ,03:00:00,05:10:00,87,2,0 days 02:10:00
5716,KISHANGANJ,NEW JALPAIGU,04:00:00,06:30:00,87,2,0 days 02:30:00
5719,KATIHAR JN.,SILIGURI JN.,23:15:00,03:15:00,204,11,0 days 04:00:00
5720,SILIGURI JN.,KATIHAR JN.,18:00:00,23:00:00,205,11,0 days 05:00:00
5863,RANGIYA JN.,RANGAPARA NO,18:20:00,21:25:00,89,15,0 days 03:05:00
5864,RANGAPARA NO,RANGIYA JN.,05:00:00,07:45:00,88,15,0 days 02:45:00
5865,RANGIYA JN.,MURKEONG SEL,08:15:00,20:20:00,426,53,0 days 12:05:00
5866,MURKEONG SEL,RANGIYA JN.,06:00:00,17:45:00,425,53,0 days 11:45:00
6001,CHENNAI EGMO,TIRUNELVELI,21:50:00,10:30:00,649,14,0 days 12:40:00
6002,TIRUNELVELI,CHENNAI EGMO,15:00:00,03:30:00,649,15,0 days 12:30:00
6006,ERNAKULAM. J,CHENNAI CENT,19:25:00,10:30:00,699,14,0 days 15:05:00
6009,SANTRAGACHI,PONDICHERRY,14:10:00,20:15:00,1844,27,1 days 06:05:00
6010,PONDICHERRY,SANTRAGACHI,19:15:00,04:30:00,1843,27,1 days 09:15:00
6041,CHENNAI CENT,QUILON,18:20:00,11:00:00,849,19,0 days 16:40:00
6042,QUILON,CHENNAI CENT,16:15:00,08:30:00,851,20,0 days 16:15:00
6043,CHENNAI CENT,QUILON,22:30:00,14:30:00,849,18,0 days 16:00:00
6044,QUILON,CHENNAI CENT,15:15:00,07:20:00,852,19,0 days 16:05:00
6046,QUILON,CHENNAI CENT,14:45:00,08:45:00,852,19,0 days 18:00:00
6047,CHENNAI CENT,QUILON,18:20:00,10:30:00,849,19,0 days 16:10:00
6048,QUILON,CHENNAI CENT,13:30:00,06:30:00,852,20,0 days 17:00:00
6049,CHENNAI EGMO,QUILON,14:45:00,05:50:00,855,19,0 days 15:05:00
6050,QUILON,CHENNAI EGMO,13:00:00,05:30:00,857,20,0 days 16:30:00
6053,KOCHUVELI,MANGALORE JN,18:35:00,05:10:00,626,14,0 days 10:35:00
6054,MANGALORE JN,KOCHUVELI,15:40:00,05:00:00,627,14,0 days 13:20:00
6057,SANTRAGACHI,CHENNAI CENT,23:50:00,05:30:00,1656,19,1 days 05:40:00
6058,CHENNAI CENT,SANTRAGACHI,15:15:00,19:00:00,1655,19,1 days 03:45:00
6065,CHENGALPATTU,MADURAI JN,17:20:00,06:45:00,500,13,0 days 13:25:00
6066,MADURAI JN,CHENGALPATTU,15:55:00,02:30:00,501,13,0 days 10:35:00
6067,CHENGALPATTU,COIMBATORE,19:45:00,05:40:00,522,9,0 days 09:55:00
6068,COIMBATORE,CHENGALPATTU,17:30:00,05:25:00,522,9,0 days 11:55:00
6081,COIMBATORE,POLLACHI,13:35:00,14:45:00,45,4,0 days 01:10:00
6082,POLLACHI,COIMBATORE,15:05:00,16:15:00,45,4,0 days 01:10:00
6412,DELHI-SAFDAR,PAYYANUR,11:10:00,16:20:00,2462,21,2 days 05:10:00
6512,MARIKUPPAM,BANASWADI,08:00:00,10:20:00,77,14,0 days 02:20:00
6513,BANGARPET JN,MARIKUPPAM,07:10:00,07:45:00,17,6,0 days 00:35:00
6541,YESVANTPUR J,PANDHARPUR,18:00:00,11:35:00,881,14,0 days 17:35:00
6542,PANDHARPUR,YESVANTPUR J,13:35:00,06:20:00,878,14,0 days 16:45:00
6547,YESVANTPUR J,ERNAKULAM. J,22:45:00,10:30:00,632,14,0 days 11:45:00
6548,ERNAKULAM. J,YESVANTPUR J,14:45:00,04:30:00,634,13,0 days 13:45:00
6579,YESVANTPUR J,VISAKHAPATNA,18:35:00,14:35:00,1089,21,0 days 20:00:00
6580,VISAKHAPATNA,YESVANTPUR J,13:45:00,09:05:00,1086,21,0 days 19:20:00
6581,YESVANTPUR J,BELGAUM,20:15:00,09:31:00,607,85,0 days 13:16:00
6582,BELGAUM,YESVANTPUR J,19:10:00,08:26:00,604,85,0 days 13:16:00
6591,YESVANTPUR J,HOSUR,06:30:00,08:00:00,62,9,0 days 01:30:00
6592,HOSUR,YESVANTPUR J,08:15:00,09:50:00,61,9,0 days 01:35:00
6593,WHITE FIELD,BAIYYAPPANAH,18:15:00,18:40:00,10,4,0 days 00:25:00
6594,BAIYYAPPANAH,WHITE FIELD,08:25:00,08:50:00,10,4,0 days 00:25:00
6595,YESVANTPUR J,DEVANHALLI,10:35:00,11:25:00,33,7,0 days 00:50:00
6596,DEVANHALLI,YESVANTPUR J,13:15:00,14:25:00,33,7,0 days 01:10:00
6647,KORBA,BILASPUR JN.,05:30:00,07:40:00,89,8,0 days 02:10:00
6648,BILASPUR JN.,KORBA,16:00:00,18:30:00,89,8,0 days 02:30:00
6769,PALGHAT TOWN,PALANI,04:50:00,07:30:00,116,11,0 days 02:40:00
6770,PALANI,PALGHAT TOWN,19:25:00,22:30:00,116,11,0 days 03:05:00
6851,KARAIKAL,NAGORE,06:00:00,06:20:00,10,3,0 days 00:20:00
6852,NAGORE,KARAIKAL,21:05:00,21:30:00,10,3,0 days 00:25:00
6853,KARAIKAL,NAGORE,14:45:00,15:08:00,10,3,0 days 00:23:00
6854,NAGORE,KARAIKAL,14:10:00,14:35:00,10,3,0 days 00:25:00
6919,HUBLI JN.,BIJAPUR JN,06:25:00,13:21:00,247,36,0 days 06:56:00
6920,BIJAPUR JN,HUBLI JN.,13:30:00,20:21:00,248,36,0 days 06:51:00
7005,HYDERABAD DE,RAXAUL JN.,21:30:00,17:30:00,2276,34,1 days 20:00:00
7006,RAXAUL JN.,HYDERABAD DE,01:30:00,23:15:00,2297,34,1 days 21:45:00
7007,SECUNDERABAD,DARBHANGA JN,22:00:00,13:45:00,2023,27,1 days 15:45:00
7008,DARBHANGA JN,SECUNDERABAD,05:00:00,22:10:00,2033,28,1 days 17:10:00
7016,KACHEGUDA,VISAKHAPATNA,18:45:00,07:50:00,670,18,0 days 13:05:00
7044,TIRUPATI,VISAKHAPATNA,16:45:00,07:50:00,735,11,0 days 15:05:00
7061,KAKINADA POR,VIJAYWADA JN,09:00:00,13:30:00,217,8,0 days 04:30:00
7062,VELANKANNI,TIRUPATI,15:00:00,03:30:00,437,14,0 days 12:30:00
7075,SECUNDERABAD,KAKINADA TOW,19:20:00,05:30:00,554,17,0 days 10:10:00
7076,KAKINADA TOW,SECUNDERABAD,18:10:00,06:00:00,553,17,0 days 11:50:00
7109,HYDERABAD DE,QUILON,15:55:00,23:10:00,1589,40,1 days 07:15:00
7110,QUILON,HYDERABAD DE,02:15:00,10:30:00,1593,40,1 days 08:15:00
7113,KARIM NAGAR,QUILON,16:00:00,23:10:00,1543,37,1 days 07:10:00
7133,HYDERABAD DE,QUILON,15:30:00,23:10:00,1508,39,1 days 07:40:00
7134,QUILON,HYDERABAD DE,02:15:00,10:30:00,1511,39,1 days 08:15:00
7141,HYDERABAD DE,QUILON,16:15:00,23:10:00,1560,39,1 days 06:55:00
7142,QUILON,HYDERABAD DE,02:15:00,08:30:00,1563,39,1 days 06:15:00
7146,TIRUPATI,KACHEGUDA,17:00:00,06:30:00,763,16,0 days 13:30:00
7149,SECUNDERABAD,GUWAHATI,07:30:00,08:45:00,2563,37,2 days 01:15:00
7211,KAKINADA TOW,QUILON,23:50:00,06:30:00,1433,36,1 days 06:40:00
7212,QUILON,KAKINADA TOW,09:30:00,13:30:00,1436,36,1 days 04:00:00
7213,VIJAYWADA JN,QUILON,04:00:00,06:30:00,1221,29,1 days 02:30:00
7214,QUILON,VIJAYWADA JN,09:30:00,09:35:00,1226,30,1 days 00:05:00
7217,NARASAPUR,QUILON,23:50:00,06:30:00,1360,37,1 days 06:40:00
7218,QUILON,NARASAPUR,09:30:00,13:45:00,1363,37,1 days 04:15:00
7410,TIRUPATI,AURANGABAD,09:15:00,09:30:00,1147,29,1 days 00:15:00
7417,TIRUPATI,NAGARSOL,07:30:00,11:55:00,1330,33,1 days 04:25:00
7418,NAGARSOL,TIRUPATI,22:00:00,04:00:00,1331,33,1 days 06:00:00
7425,KACHEGUDA,KAKINADA POR,18:45:00,06:00:00,537,15,0 days 11:15:00
7426,KAKINADA POR,KACHEGUDA,17:50:00,05:10:00,537,15,0 days 11:20:00
7429,SECUNDERABAD,TIRUPATI,18:30:00,07:00:00,742,11,0 days 12:30:00
7430,TIRUPATI,SECUNDERABAD,14:15:00,04:00:00,744,11,0 days 13:45:00
7431,KAKINADA TOW,TIRUPATI,20:10:00,07:10:00,597,13,0 days 11:00:00
7432,TIRUPATI,KAKINADA TOW,17:00:00,04:00:00,597,14,0 days 11:00:00
7435,KAKINADA TOW,SECUNDERABAD,18:00:00,06:00:00,555,14,0 days 12:00:00
7436,SECUNDERABAD,KAKINADA TOW,19:15:00,07:20:00,554,15,0 days 12:05:00
7438,KACHEGUDA,TATANAGAR JN,13:00:00,19:45:00,1533,28,1 days 06:45:00
7439,TATANAGAR JN,KACHEGUDA,22:50:00,05:00:00,1533,28,1 days 06:10:00
7487,TIRUPATI,VISAKHAPATNA,22:30:00,10:45:00,735,11,0 days 12:15:00
7505,AURANGABAD,QUILON,11:00:00,03:45:00,1973,49,1 days 16:45:00
7509,ADILABAD,QUILON,13:25:00,03:45:00,1886,47,1 days 14:20:00
7517,BIDAR,PANDHARPUR,22:30:00,07:45:00,350,9,0 days 09:15:00
7525,SILIGURI JN.,NEW BONGAIGA,12:00:00,21:15:00,322,33,0 days 09:15:00
7526,NEW BONGAIGA,SILIGURI JN.,05:00:00,15:00:00,322,33,0 days 10:00:00
7603,KACHEGUDA,KRISHNA RAJA,18:00:00,06:00:00,624,14,0 days 12:00:00
7604,KRISHNA RAJA,KACHEGUDA,15:25:00,06:55:00,624,14,0 days 15:30:00
7607,NANDED,TIRUPATI,18:45:00,14:00:00,1014,19,0 days 19:15:00
7608,TIRUPATI,NANDED,15:45:00,11:30:00,1016,19,0 days 19:45:00
7613,NIZAMABAD,QUILON,12:10:00,23:10:00,1636,38,1 days 11:00:00
7614,QUILON,NIZAMABAD,02:15:00,13:15:00,1641,39,1 days 11:00:00
7644,KAKINADA TOW,TIRUPATI,20:10:00,07:45:00,597,11,0 days 11:35:00
7645,RENIGUNTA JN,KAKINADA TOW,23:00:00,08:15:00,587,10,0 days 09:15:00
7757,SECUNDERABAD,VIJAYWADA JN,05:30:00,10:45:00,314,6,0 days 05:15:00
7758,VIJAYWADA JN,SECUNDERABAD,17:30:00,22:50:00,314,6,0 days 05:20:00
7941,KAKINADA TOW,RENIGUNTA JN,19:00:00,06:00:00,587,12,0 days 11:00:00
7942,TIRUPATI,KAKINADA TOW,19:00:00,05:30:00,597,13,0 days 10:30:00
8001,KHARAGPUR,JHARGRAM,10:10:00,10:45:00,39,2,0 days 00:35:00
8002,JHARGRAM,KHARAGPUR,18:25:00,19:10:00,39,2,0 days 00:45:00
8014,MIDNAPORE,KHARAGPUR,08:25:00,09:05:00,12,4,0 days 00:40:00
8017,KHARAGPUR,JHARGRAM,05:10:00,06:00:00,39,6,0 days 00:50:00
8018,JHARGRAM,KHARAGPUR,21:40:00,22:35:00,39,6,0 days 00:55:00
8035,KHARAGPUR,BALASORE,12:15:00,15:10:00,120,19,0 days 02:55:00
8036,BALASORE,KHARAGPUR,15:20:00,18:20:00,120,19,0 days 03:00:00
8051,KHARAGPUR,JHARGRAM,06:05:00,06:34:00,39,3,0 days 00:29:00
8052,JHARGRAM,KHARAGPUR,18:35:00,19:20:00,39,5,0 days 00:45:00
8061,SHALIMAR,JAIPUR JN.,20:20:00,06:35:00,1847,24,1 days 10:15:00
8062,JAIPUR JN.,SHALIMAR,12:45:00,23:20:00,1838,24,1 days 10:35:00
8063,KHARAGPUR,BANKURA,19:00:00,22:00:00,115,17,0 days 03:00:00
8064,YESVANTPUR J,HOWRAH JN.,01:00:00,09:10:00,2039,16,1 days 08:10:00
8065,KHARAGPUR,BANKURA,15:10:00,17:50:00,115,17,0 days 02:40:00
8082,BANKURA,BISHNUPUR,22:20:00,22:50:00,30,6,0 days 00:30:00
8087,BISHNUPUR,BANKURA,06:55:00,07:23:00,30,6,0 days 00:28:00
8101,CHAIBASA,CHAKARADHARP,21:15:00,22:35:00,40,5,0 days 01:20:00
8102,CHAKARADHARP,CHAIBASA,20:00:00,20:55:00,40,5,0 days 00:55:00
8301,SAMBALPUR JN,BANASWADI,09:30:00,16:40:00,1567,15,1 days 07:10:00
8302,BANASWADI,SAMBALPUR JN,00:30:00,06:35:00,1567,15,1 days 06:05:00
8403,PURI,SANTRAGACHI,21:25:00,06:45:00,495,9,0 days 09:20:00
8404,SANTRAGACHI,PURI,19:10:00,04:00:00,497,9,0 days 08:50:00
8501,VISAKHAPATNA,SECUNDERABAD,23:00:00,12:00:00,700,13,0 days 13:00:00
8502,SECUNDERABAD,VISAKHAPATNA,16:30:00,04:50:00,698,13,0 days 12:20:00
8511,KIRANDUL,VISAKHAPATNA,15:00:00,03:00:00,471,12,0 days 12:00:00
8512,VISAKHAPATNA,KIRANDUL,22:15:00,10:00:00,471,12,0 days 11:45:00
8567,VISAKHAPATNA,QUILON,23:00:00,03:45:00,1571,29,1 days 04:45:00
8568,QUILON,VISAKHAPATNA,05:45:00,12:30:00,1578,29,1 days 06:45:00
8573,VISAKHAPATNA,TIRUPATI,22:55:00,13:25:00,760,15,0 days 14:30:00
8574,TIRUPATI,VISAKHAPATNA,15:30:00,06:50:00,759,15,0 days 15:20:00
8581,BALHARSHAH,CHANDAFORT,23:30:00,23:50:00,11,2,0 days 00:20:00
8582,CHANDAFORT,BALHARSHAH,04:45:00,05:00:00,11,2,0 days 00:15:00
8617,RANCHI,ANAND VIHAR,14:05:00,13:55:00,1365,15,0 days 23:50:00
8618,ANAND VIHAR,RANCHI,22:50:00,22:30:00,1356,15,0 days 23:40:00
8627,HOWRAH JN.,RANCHI,12:50:00,22:10:00,484,13,0 days 09:20:00
8628,RANCHI,HOWRAH JN.,05:45:00,15:15:00,481,14,0 days 09:30:00
8872,DURG,GONDIA JN.,21:30:00,00:15:00,133,17,0 days 02:45:00
9003,BANDRA TERMI,HAZRAT NIZAM,16:05:00,06:00:00,1355,5,0 days 13:55:00
9004,HAZRAT NIZAM,BANDRA TERMI,16:15:00,06:10:00,1358,5,0 days 13:55:00
9005,MUMBAI CENTR,NEW DELHI,16:00:00,07:55:00,1373,4,0 days 15:55:00
9006,NEW DELHI,MUMBAI CENTR,14:50:00,06:55:00,1376,4,0 days 16:05:00
9011,BANDRA TERMI,BIKANER JN.,11:15:00,09:25:00,1209,20,0 days 22:10:00
9012,BIKANER JN.,BANDRA TERMI,14:50:00,12:45:00,1211,20,0 days 21:55:00
9433,BANDRA TERMI,GANDHIDHAM J,00:25:00,13:50:00,780,14,0 days 13:25:00
9434,GANDHIDHAM J,BANDRA TERMI,16:35:00,06:15:00,780,14,0 days 13:40:00
9621,AJMER JN.,BANDRA TERMI,06:30:00,04:45:00,1281,12,0 days 22:15:00
9622,BANDRA TERMI,AJMER JN.,06:15:00,03:25:00,1281,12,0 days 21:10:00
9721,JAIPUR JN.,UDAIPUR CITY,06:15:00,13:30:00,429,12,0 days 07:15:00
9722,UDAIPUR CITY,JAIPUR JN.,15:05:00,22:05:00,429,12,0 days 07:00:00
9761,SHRI GANGANA,SURATGARH JN,04:20:00,07:05:00,125,13,0 days 02:45:00
9809,KOTA,HAZRAT NIZAM,21:10:00,04:20:00,447,11,0 days 07:10:00
9810,HAZRAT NIZAM,KOTA,05:15:00,13:15:00,450,11,0 days 08:00:00
10103,CST-MUMBAI,MADGOAN JN.,07:10:00,18:45:00,590,20,0 days 11:35:00
10104,MADGOAN JN.,CST-MUMBAI,09:15:00,21:40:00,594,20,0 days 12:25:00
10111,CST-MUMBAI,MADGOAN JN.,23:05:00,10:45:00,590,20,0 days 11:40:00
10112,MADGOAN JN.,CST-MUMBAI,18:00:00,05:50:00,594,20,0 days 11:50:00
10215,MADGOAN JN.,ERNAKULAM. J,21:30:00,10:55:00,726,13,0 days 13:25:00
10216,ERNAKULAM. J,MADGOAN JN.,13:50:00,03:15:00,727,13,0 days 13:25:00
11001,SAI NAGAR SH,PANDHARPUR,05:00:00,12:15:00,348,12,0 days 07:15:00
11002,PANDHARPUR,SAI NAGAR SH,13:00:00,20:25:00,348,12,0 days 07:25:00
11003,DADAR,SAWANTWADI R,00:05:00,10:40:00,502,21,0 days 10:35:00
11004,SAWANTWADI R,DADAR,18:50:00,06:45:00,504,21,0 days 11:55:00
11005,DADAR,PONDICHERRY,21:30:00,07:15:00,1636,39,1 days 09:45:00
11006,PONDICHERRY,DADAR,20:50:00,05:40:00,1639,38,1 days 08:50:00
11007,CST-MUMBAI,PUNE JN.,07:00:00,11:05:00,191,12,0 days 04:05:00
11008,PUNE JN.,CST-MUMBAI,15:15:00,19:17:00,191,11,0 days 04:02:00
11009,CST-MUMBAI,PUNE JN.,14:30:00,18:40:00,191,12,0 days 04:10:00
11010,PUNE JN.,CST-MUMBAI,06:05:00,09:55:00,191,11,0 days 03:50:00
11011,LOKMANYA TIL,NANDED,12:05:00,04:45:00,723,16,0 days 16:40:00
11012,NANDED,LOKMANYA TIL,06:30:00,23:45:00,723,16,0 days 17:15:00
11013,LOKMANYA TIL,COIMBATORE,22:35:00,07:15:00,1515,34,1 days 08:40:00
11014,COIMBATORE,LOKMANYA TIL,08:55:00,14:30:00,1515,34,1 days 05:35:00
11015,LOKMANYA TIL,GORAKHPUR JN,22:45:00,07:05:00,1678,47,1 days 08:20:00
11016,GORAKHPUR JN,LOKMANYA TIL,19:00:00,04:20:00,1677,46,1 days 09:20:00
11017,LOKMANYA TIL,KARAIKAL,12:05:00,18:35:00,1631,30,1 days 06:30:00
11018,KARAIKAL,LOKMANYA TIL,14:00:00,23:45:00,1634,30,1 days 09:45:00
11019,CST-MUMBAI,BHUBANESWAR,15:10:00,04:15:00,1941,39,1 days 13:05:00
11020,BHUBANESWAR,CST-MUMBAI,15:25:00,03:55:00,1941,40,1 days 12:30:00
11021,DADAR,TIRUNELVELI,21:30:00,11:45:00,1843,40,1 days 14:15:00
11022,TIRUNELVELI,DADAR,15:00:00,05:40:00,1845,39,1 days 14:40:00
11023,CST-MUMBAI,CHHATRAPATI,17:50:00,06:05:00,517,28,0 days 12:15:00
11024,CHHATRAPATI,CST-MUMBAI,22:50:00,11:50:00,517,31,0 days 13:00:00
11025,BHUSAVAL JN.,PUNE JN.,00:25:00,12:05:00,545,19,0 days 11:40:00
11026,PUNE JN.,BHUSAVAL JN.,11:45:00,21:50:00,545,19,0 days 10:05:00
11027,CST-MUMBAI,CHENNAI CENT,23:45:00,03:30:00,1281,52,1 days 03:45:00
11028,CHENNAI CENT,CST-MUMBAI,23:55:00,03:45:00,1283,52,1 days 03:50:00
11029,CST-MUMBAI,CHHATRAPATI,08:40:00,20:25:00,517,35,0 days 11:45:00
11030,CHHATRAPATI,CST-MUMBAI,07:55:00,20:05:00,517,34,0 days 12:10:00
11031,SOLAPUR,BIJAPUR JN,10:10:00,12:20:00,108,5,0 days 02:10:00
11032,BIJAPUR JN,SOLAPUR,14:50:00,17:40:00,108,5,0 days 02:50:00
11033,PUNE JN.,DARBHANGA JN,16:15:00,06:45:00,1955,30,1 days 14:30:00
11034,DARBHANGA JN,PUNE JN.,16:45:00,08:05:00,1953,30,1 days 15:20:00
11035,DADAR,MYSORE JN.,21:30:00,21:40:00,1210,27,1 days 00:10:00
11036,MYSORE JN.,DADAR,06:15:00,05:40:00,1213,26,0 days 23:25:00
11037,PUNE JN.,GORAKHPUR JN,16:15:00,01:05:00,1777,17,1 days 08:50:00
11038,GORAKHPUR JN,PUNE JN.,15:30:00,04:05:00,1777,17,1 days 12:35:00
11039,CHHATRAPATI,GONDIA JN.,15:30:00,20:15:00,1352,62,1 days 04:45:00
11040,GONDIA JN.,CHHATRAPATI,08:20:00,12:45:00,1353,60,1 days 04:25:00
11041,CST-MUMBAI,CHENNAI CENT,14:00:00,16:30:00,1281,36,1 days 02:30:00
11042,CHENNAI CENT,CST-MUMBAI,12:20:00,13:35:00,1283,34,1 days 01:15:00
11043,LOKMANYA TIL,MADURAI JN,00:15:00,10:10:00,1696,27,1 days 09:55:00
11044,MADURAI JN,LOKMANYA TIL,18:00:00,05:45:00,1700,26,1 days 11:45:00
11045,CHHATRAPATI,DHANBAD JN.,23:45:00,12:00:00,2894,39,2 days 12:15:00
11046,DHANBAD JN.,CHHATRAPATI,13:50:00,03:35:00,2892,39,2 days 13:45:00
11047,MIRAJ JN.,HUBLI JN.,00:10:00,06:25:00,278,12,0 days 06:15:00
11048,HUBLI JN.,MIRAJ JN.,23:30:00,05:15:00,279,12,0 days 05:45:00
11049,AHMEDABAD,CHHATRAPATI,19:25:00,15:25:00,949,18,0 days 20:00:00
11050,CHHATRAPATI,AHMEDABAD,12:50:00,07:45:00,949,18,0 days 18:55:00
11051,SOLAPUR,CHHATRAPATI,23:35:00,06:20:00,314,9,0 days 06:45:00
11052,CHHATRAPATI,SOLAPUR,23:55:00,07:30:00,314,9,0 days 07:35:00
11053,LOKMANYA TIL,AZAMGARH,16:40:00,02:10:00,1552,17,1 days 09:30:00
11054,AZAMGARH,LOKMANYA TIL,05:20:00,12:15:00,1551,17,1 days 06:55:00
11055,LOKMANYA TIL,GORAKHPUR JN,10:55:00,20:20:00,1732,23,1 days 09:25:00
11056,GORAKHPUR JN,LOKMANYA TIL,06:20:00,16:15:00,1732,23,1 days 09:55:00
11057,CST-MUMBAI,AMRITSAR JN.,23:30:00,16:30:00,2026,90,1 days 17:00:00
11058,AMRITSAR JN.,CST-MUMBAI,08:30:00,04:05:00,2029,91,1 days 19:35:00
11059,LOKMANYA TIL,CHHAPRA JN.,10:55:00,21:05:00,1772,24,1 days 10:10:00
11060,CHHAPRA JN.,LOKMANYA TIL,05:15:00,16:15:00,1770,24,1 days 11:00:00
11061,LOKMANYA TIL,DARBHANGA JN,12:15:00,01:10:00,1885,41,1 days 12:55:00
11062,DARBHANGA JN,LOKMANYA TIL,13:05:00,03:40:00,1883,39,1 days 14:35:00
11063,CHENNAI EGMO,SALEM JN.,23:00:00,05:20:00,352,14,0 days 06:20:00
11064,SALEM JN.,CHENNAI EGMO,21:20:00,03:45:00,352,14,0 days 06:25:00
11067,LOKMANYA TIL,FAIZABAD JN.,05:23:00,08:55:00,1510,20,1 days 03:32:00
11068,FAIZABAD JN.,LOKMANYA TIL,15:35:00,21:30:00,1509,20,1 days 05:55:00
11071,LOKMANYA TIL,VARANASI JN.,12:40:00,19:25:00,1645,43,1 days 06:45:00
11072,VARANASI JN.,LOKMANYA TIL,15:50:00,22:50:00,1647,41,1 days 07:00:00
11073,LOKMANYA TIL,CHENNAI CENT,13:20:00,12:55:00,1265,18,0 days 23:35:00
11074,CHENNAI CENT,LOKMANYA TIL,15:15:00,16:00:00,1267,17,1 days 00:45:00
11075,LOKMANYA TIL,BIDAR,12:05:00,01:30:00,651,13,0 days 13:25:00
11076,BIDAR,LOKMANYA TIL,08:20:00,23:55:00,651,13,0 days 15:35:00
11077,PUNE JN.,JAMMU TAWI,17:20:00,10:05:00,2155,67,1 days 16:45:00
11078,JAMMU TAWI,PUNE JN.,21:45:00,15:10:00,2157,65,1 days 17:25:00
11079,LOKMANYA TIL,GORAKHPUR JN,15:50:00,01:30:00,1745,25,1 days 09:40:00
11080,GORAKHPUR JN,LOKMANYA TIL,05:30:00,16:00:00,1745,24,1 days 10:30:00
11081,LOKMANYA TIL,GORAKHPUR JN,15:50:00,02:05:00,1731,20,1 days 10:15:00
11082,GORAKHPUR JN,LOKMANYA TIL,13:05:00,23:00:00,1731,19,1 days 09:55:00
11083,LOKMANYA TIL,KAZIPET JN.,11:30:00,15:00:00,1153,29,1 days 03:30:00
11084,KAZIPET JN.,LOKMANYA TIL,17:45:00,23:15:00,1153,28,1 days 05:30:00
11085,LOKMANYA TIL,MADGOAN JN.,05:33:00,17:30:00,574,11,0 days 11:57:00
11086,MADGOAN JN.,LOKMANYA TIL,06:00:00,17:10:00,578,11,0 days 11:10:00
11087,VERAVAL,PUNE JN.,08:25:00,04:40:00,1053,26,0 days 20:15:00
11088,PUNE JN.,VERAVAL,19:50:00,16:45:00,1053,25,0 days 20:55:00
11089,BHAGAT-KI-KO,PUNE JN.,05:30:00,04:40:00,1074,26,0 days 23:10:00
11090,PUNE JN.,BHAGAT-KI-KO,19:50:00,17:10:00,1072,26,0 days 21:20:00
11091,NEW BHUJ,PUNE JN.,08:55:00,04:40:00,981,24,0 days 19:45:00
11092,PUNE JN.,NEW BHUJ,19:50:00,15:20:00,981,24,0 days 19:30:00
11093,CST-MUMBAI,VARANASI JN.,00:10:00,04:40:00,1516,27,1 days 04:30:00
11094,VARANASI JN.,CST-MUMBAI,11:20:00,14:15:00,1515,26,1 days 02:55:00
11095,AHMEDABAD,PUNE JN.,16:15:00,04:40:00,623,17,0 days 12:25:00
11096,PUNE JN.,AHMEDABAD,19:50:00,07:45:00,622,16,0 days 11:55:00
11097,PUNE JN.,ERNAKULAM. J,23:30:00,08:10:00,1278,33,1 days 08:40:00
11098,ERNAKULAM. J,PUNE JN.,23:30:00,05:05:00,1279,32,1 days 05:35:00
11101,PUNE JN.,GWALIOR JN,00:25:00,03:10:00,1373,23,1 days 02:45:00
11102,GWALIOR JN,PUNE JN.,15:00:00,20:05:00,1373,23,1 days 05:05:00
11103,JHANSI JN,BANDRA TERMI,16:50:00,16:45:00,1321,21,0 days 23:55:00
11104,BANDRA TERMI,JHANSI JN,05:10:00,06:40:00,1321,21,1 days 01:30:00
11107,GWALIOR JN,VARANASI JN.,20:40:00,10:50:00,629,31,0 days 14:10:00
11108,VARANASI JN.,GWALIOR JN,17:45:00,09:05:00,629,37,0 days 15:20:00
11109,JHANSI JN,LUCKNOW JN.,06:10:00,12:05:00,291,11,0 days 05:55:00
11110,LUCKNOW JN.,JHANSI JN,16:40:00,22:35:00,291,11,0 days 05:55:00
11111,GWALIOR JN,"BALRAMPUR,",13:05:00,09:00:00,939,12,0 days 19:55:00
11112,"BALRAMPUR,",GWALIOR JN,11:55:00,06:10:00,941,12,0 days 18:15:00
11123,BARAUNI JN.,GWALIOR JN,18:45:00,20:55:00,1051,49,1 days 02:10:00
11124,GWALIOR JN,BARAUNI JN.,11:50:00,13:00:00,1054,49,1 days 01:10:00
11125,INDORE BG,GWALIOR JN,20:05:00,07:47:00,561,11,0 days 11:42:00
11126,GWALIOR JN,INDORE BG,19:30:00,07:55:00,561,11,0 days 12:25:00
11201,LOKMANYA TIL,AJNI,16:40:00,14:15:00,1015,26,0 days 21:35:00
11202,AJNI,LOKMANYA TIL,16:15:00,13:45:00,1015,26,0 days 21:30:00
11203,NAGPUR JN.(C,JAIPUR JN.,11:55:00,14:05:00,1340,28,1 days 02:10:00
11204,JAIPUR JN.,NAGPUR JN.(C,16:30:00,19:15:00,1340,28,1 days 02:45:00
11205,LOKMANYA TIL,NIZAMABAD,16:40:00,09:15:00,699,20,0 days 16:35:00
11206,NIZAMABAD,LOKMANYA TIL,23:15:00,13:45:00,699,20,0 days 14:30:00
11265,JABALPUR,AMBIKAPUR,14:00:00,23:00:00,432,14,0 days 09:00:00
11266,AMBIKAPUR,JABALPUR,06:15:00,14:55:00,434,14,0 days 08:40:00
11272,BHOPAL,ITARSI,18:15:00,12:10:00,737,47,0 days 17:55:00
11301,CST-MUMBAI,KRANTIVIRA S,08:10:00,08:50:00,1154,35,1 days 00:40:00
11302,KRANTIVIRA S,CST-MUMBAI,20:45:00,20:15:00,1154,34,0 days 23:30:00
11303,HYDERABAD DE,CHHATRAPATI,23:10:00,22:40:00,989,38,0 days 23:30:00
11304,CHHATRAPATI,HYDERABAD DE,07:35:00,06:45:00,987,38,0 days 23:10:00
11307,GULBARGA,HYDERABAD DE,10:15:00,14:50:00,221,7,0 days 04:35:00
11308,HYDERABAD DE,GULBARGA,16:00:00,21:00:00,223,7,0 days 05:00:00
11309,SOLAPUR,MIRAJ JN.,06:00:00,12:05:00,267,14,0 days 06:05:00
11310,MIRAJ JN.,SOLAPUR,15:25:00,20:55:00,267,14,0 days 05:30:00
11401,CST-MUMBAI,NAGPUR JN.(C,16:35:00,16:15:00,1053,34,0 days 23:40:00
11402,NAGPUR JN.(C,CST-MUMBAI,06:00:00,05:35:00,1052,34,0 days 23:35:00
11403,NAGPUR JN.(C,CHHATRAPATI,15:00:00,14:00:00,1026,22,0 days 23:00:00
11404,CHHATRAPATI,NAGPUR JN.(C,12:50:00,12:35:00,1026,22,0 days 23:45:00
11405,PUNE JN.,AMRAVATI,22:00:00,15:00:00,811,18,0 days 17:00:00
11406,AMRAVATI,PUNE JN.,18:30:00,13:15:00,812,18,0 days 18:45:00
11407,PUNE JN.,LUCKNOW JN.,22:00:00,02:30:00,1478,17,1 days 04:30:00
11408,LUCKNOW JN.,PUNE JN.,06:30:00,11:05:00,1478,17,1 days 04:35:00
11423,SOLAPUR,HUBLI JN.,06:25:00,14:30:00,357,14,0 days 08:05:00
11424,HUBLI JN.,SOLAPUR,15:00:00,23:15:00,356,14,0 days 08:15:00
11447,JABALPUR,HOWRAH JN.,23:50:00,04:15:00,1156,45,1 days 04:25:00
11448,HOWRAH JN.,JABALPUR,13:10:00,14:25:00,1155,46,1 days 01:15:00
11449,JABALPUR,SHRI MATA VA,06:30:00,15:20:00,1561,34,1 days 08:50:00
11450,SHRI MATA VA,JABALPUR,21:55:00,07:25:00,1564,31,1 days 09:30:00
11463,SOMNATH,JABALPUR,09:30:00,15:10:00,1416,50,1 days 05:40:00
11464,JABALPUR,SOMNATH,12:00:00,17:45:00,1417,50,1 days 05:45:00
11465,SOMNATH,JABALPUR,09:30:00,18:00:00,1572,49,1 days 08:30:00
11466,JABALPUR,SOMNATH,10:00:00,17:45:00,1575,50,1 days 07:45:00
11651,JABALPUR,SINGRAULI,15:30:00,22:25:00,344,14,0 days 06:55:00
11652,SINGRAULI,JABALPUR,04:55:00,11:55:00,345,14,0 days 07:00:00
11701,JABALPUR,INDORE BG,05:40:00,20:30:00,751,16,0 days 14:50:00
11702,INDORE BG,JABALPUR,04:10:00,19:35:00,751,16,0 days 15:25:00
11703,REWA,MHOW,23:10:00,16:05:00,823,20,0 days 16:55:00
11704,MHOW,REWA,20:10:00,12:15:00,821,20,0 days 16:05:00
11801,JHANSI JN,ETAWAH,17:25:00,22:30:00,215,6,0 days 05:05:00
11802,ETAWAH,JHANSI JN,05:10:00,10:05:00,215,6,0 days 04:55:00
11901,MATHURA JN.,KURUKSHETRA,05:30:00,12:40:00,292,13,0 days 07:10:00
11902,KURUKSHETRA,MATHURA JN.,14:55:00,21:35:00,294,13,0 days 06:40:00
12001,HABIBGANJ,NEW DELHI,15:00:00,23:30:00,688,10,0 days 08:30:00
12002,NEW DELHI,HABIBGANJ,06:00:00,14:25:00,690,10,0 days 08:25:00
12003,LUCKNOW JN.,NEW DELHI,15:35:00,22:15:00,504,7,0 days 06:40:00
12004,NEW DELHI,LUCKNOW JN.,06:10:00,12:40:00,504,7,0 days 06:30:00
12005,NEW DELHI,KALKA,17:15:00,21:20:00,268,5,0 days 04:05:00
12006,KALKA,NEW DELHI,06:15:00,10:20:00,268,5,0 days 04:05:00
12007,CHENNAI CENT,MYSORE JN.,06:00:00,13:00:00,498,4,0 days 07:00:00
12008,MYSORE JN.,CHENNAI CENT,14:15:00,21:25:00,499,4,0 days 07:10:00
12009,MUMBAI CENTR,AHMEDABAD,06:25:00,12:45:00,490,9,0 days 06:20:00
12010,AHMEDABAD,MUMBAI CENTR,14:40:00,21:20:00,490,9,0 days 06:40:00
12011,NEW DELHI,KALKA,07:40:00,11:45:00,268,6,0 days 04:05:00
12012,KALKA,NEW DELHI,17:45:00,21:55:00,268,6,0 days 04:10:00
12013,NEW DELHI,AMRITSAR JN.,16:30:00,22:30:00,447,8,0 days 06:00:00
12014,AMRITSAR JN.,NEW DELHI,05:00:00,11:00:00,447,8,0 days 06:00:00
12015,NEW DELHI,AJMER JN.,06:05:00,12:45:00,442,10,0 days 06:40:00
12016,AJMER JN.,NEW DELHI,15:45:00,22:40:00,442,10,0 days 06:55:00
12017,NEW DELHI,DEHRA DUN,06:45:00,12:40:00,314,8,0 days 05:55:00
12018,DEHRA DUN,NEW DELHI,17:00:00,22:45:00,314,8,0 days 05:45:00
12019,HOWRAH JN.,RANCHI,06:05:00,13:15:00,436,10,0 days 07:10:00
12020,RANCHI,HOWRAH JN.,13:45:00,21:30:00,434,10,0 days 07:45:00
12021,HOWRAH JN.,BARBIL,06:20:00,13:05:00,402,10,0 days 06:45:00
12022,BARBIL,HOWRAH JN.,13:45:00,20:50:00,401,11,0 days 07:05:00
12023,HOWRAH JN.,PATNA JN.,14:05:00,22:45:00,530,14,0 days 08:40:00
12024,PATNA JN.,HOWRAH JN.,05:35:00,13:25:00,531,14,0 days 07:50:00
12025,PUNE JN.,SECUNDERABAD,05:50:00,14:20:00,598,8,0 days 08:30:00
12026,SECUNDERABAD,PUNE JN.,14:45:00,23:10:00,598,8,0 days 08:25:00
12027,CHENNAI CENT,KRANTIVIRA S,17:30:00,22:30:00,360,4,0 days 05:00:00
12028,KRANTIVIRA S,CHENNAI CENT,06:00:00,11:00:00,361,4,0 days 05:00:00
12029,NEW DELHI,AMRITSAR JN.,07:20:00,13:45:00,447,8,0 days 06:25:00
12030,AMRITSAR JN.,NEW DELHI,16:50:00,23:05:00,447,8,0 days 06:15:00
12031,NEW DELHI,AMRITSAR JN.,07:20:00,13:45:00,447,8,0 days 06:25:00
12032,AMRITSAR JN.,NEW DELHI,16:50:00,23:05:00,447,8,0 days 06:15:00
12033,KANPUR CENTR,NEW DELHI,06:00:00,11:20:00,430,5,0 days 05:20:00
12034,NEW DELHI,KANPUR CENTR,15:50:00,20:45:00,430,4,0 days 04:55:00
12035,JAIPUR JN.,AGRA  FORT,07:05:00,10:35:00,240,4,0 days 03:30:00
12036,AGRA  FORT,JAIPUR JN.,17:40:00,21:20:00,240,4,0 days 03:40:00
12037,NEW DELHI,LUDHIANA JN.,07:00:00,12:25:00,328,7,0 days 05:25:00
12038,LUDHIANA JN.,NEW DELHI,16:40:00,22:10:00,328,7,0 days 05:30:00
12039,KATHGODAM,NEW DELHI,15:35:00,21:05:00,283,8,0 days 05:30:00
12040,NEW DELHI,KATHGODAM,06:00:00,11:40:00,283,8,0 days 05:40:00
12041,HOWRAH JN.,NEW JALPAIGU,14:15:00,22:30:00,560,7,0 days 08:15:00
12042,NEW JALPAIGU,HOWRAH JN.,05:30:00,13:35:00,560,7,0 days 08:05:00
12043,NEW DELHI,MOGA,07:00:00,14:05:00,397,8,0 days 07:05:00
12044,MOGA,NEW DELHI,15:00:00,22:10:00,397,8,0 days 07:10:00
12045,NEW DELHI,CHANDIGARH,19:15:00,22:45:00,243,4,0 days 03:30:00
12046,CHANDIGARH,NEW DELHI,12:00:00,15:25:00,243,4,0 days 03:25:00
12047,NEW DELHI,FIROZPUR CAN,16:20:00,22:50:00,385,10,0 days 06:30:00
12048,FIROZPUR CAN,NEW DELHI,04:00:00,11:20:00,385,10,0 days 07:20:00
12049,AGRA CANTT,HAZRAT NIZAM,17:50:00,19:30:00,181,2,0 days 01:40:00
12050,HAZRAT NIZAM,AGRA CANTT,08:10:00,09:50:00,183,2,0 days 01:40:00
12051,DADAR,MADGOAN JN.,05:25:00,14:05:00,581,9,0 days 08:40:00
12052,MADGOAN JN.,DADAR,14:30:00,23:05:00,585,9,0 days 08:35:00
12053,HARIDWAR JN,AMRITSAR JN.,14:45:00,22:05:00,406,11,0 days 07:20:00
12054,AMRITSAR JN.,HARIDWAR JN,06:50:00,14:10:00,406,11,0 days 07:20:00
12055,NEW DELHI,DEHRA DUN,15:20:00,21:10:00,304,9,0 days 05:50:00
12056,DEHRA DUN,NEW DELHI,05:05:00,11:15:00,304,10,0 days 06:10:00
12057,NEW DELHI,UNA HIMACHAL,14:35:00,22:10:00,386,14,0 days 07:35:00
12058,UNA HIMACHAL,NEW DELHI,05:00:00,12:00:00,386,14,0 days 07:00:00
12059,KOTA,HAZRAT NIZAM,05:55:00,12:30:00,447,10,0 days 06:35:00
12060,HAZRAT NIZAM,KOTA,13:15:00,20:00:00,450,10,0 days 06:45:00
12061,HABIBGANJ,JABALPUR,17:40:00,22:55:00,330,10,0 days 05:15:00
12062,JABALPUR,HABIBGANJ,05:30:00,11:00:00,330,10,0 days 05:30:00
12065,AJMER JN.,HAZRAT NIZAM,05:45:00,12:35:00,389,10,0 days 06:50:00
12066,HAZRAT NIZAM,AJMER JN.,15:30:00,22:25:00,389,10,0 days 06:55:00
12067,GUWAHATI,JORHAT TOWN,06:30:00,13:20:00,376,11,0 days 06:50:00
12068,JORHAT TOWN,GUWAHATI,14:30:00,21:20:00,375,11,0 days 06:50:00
12069,RAIGARH,GONDIA JN.,06:25:00,13:25:00,419,15,0 days 07:00:00
12070,GONDIA JN.,RAIGARH,15:00:00,22:00:00,411,15,0 days 07:00:00
12071,DADAR,JALNA,14:00:00,21:30:00,422,7,0 days 07:30:00
12072,JALNA,DADAR,04:45:00,12:30:00,422,7,0 days 07:45:00
12073,HOWRAH JN.,BHUBANESWAR,13:25:00,20:20:00,442,9,0 days 06:55:00
12074,BHUBANESWAR,HOWRAH JN.,06:00:00,12:40:00,441,9,0 days 06:40:00
12075,CALICUT,TRIVANDRUM C,13:40:00,21:05:00,399,12,0 days 07:25:00
12076,TRIVANDRUM C,CALICUT,06:00:00,13:00:00,398,12,0 days 07:00:00
12077,CHENNAI CENT,VIJAYWADA JN,07:35:00,14:45:00,453,10,0 days 07:10:00
12078,VIJAYWADA JN,CHENNAI CENT,15:20:00,22:35:00,453,10,0 days 07:15:00
12079,KRANTIVIRA S,HUBLI JN.,06:00:00,13:25:00,470,11,0 days 07:25:00
12080,HUBLI JN.,KRANTIVIRA S,14:00:00,21:25:00,468,11,0 days 07:25:00
12081,KANNUR,TRIVANDRUM C,04:50:00,14:00:00,500,15,0 days 09:10:00
12082,TRIVANDRUM C,KANNUR,14:40:00,23:50:00,499,15,0 days 09:10:00
12083,MAYILADUTURA,COIMBATORE,14:50:00,21:15:00,361,10,0 days 06:25:00
12084,COIMBATORE,MAYILADUTURA,07:10:00,13:40:00,361,10,0 days 06:30:00
12085,GUWAHATI,DIBRUGARH,12:10:00,21:15:00,506,10,0 days 09:05:00
12086,DIBRUGARH,GUWAHATI,05:00:00,13:55:00,505,10,0 days 08:55:00
12087,NAHARLAGUN,GUWAHATI,05:00:00,11:00:00,332,8,0 days 06:00:00
12088,GUWAHATI,NAHARLAGUN,15:20:00,21:40:00,332,8,0 days 06:20:00
12101,LOKMANYA TIL,HOWRAH JN.,20:35:00,03:35:00,1956,16,1 days 07:00:00
12102,HOWRAH JN.,LOKMANYA TIL,22:50:00,05:50:00,1963,17,1 days 07:00:00
12103,PUNE JN.,LUCKNOW JN.,16:15:00,17:10:00,1478,13,1 days 00:55:00
12104,LUCKNOW JN.,PUNE JN.,06:30:00,08:05:00,1478,13,1 days 01:35:00
12105,CST-MUMBAI,GONDIA JN.,19:05:00,11:15:00,971,26,0 days 16:10:00
12106,GONDIA JN.,CST-MUMBAI,14:50:00,07:00:00,972,27,0 days 16:10:00
12107,LOKMANYA TIL,LUCKNOW JN.,16:25:00,15:10:00,1408,11,0 days 22:45:00
12108,LUCKNOW JN.,LOKMANYA TIL,22:45:00,23:00:00,1408,11,1 days 00:15:00
12109,CST-MUMBAI,MANMAD JN.,18:15:00,22:50:00,260,10,0 days 04:35:00
12110,MANMAD JN.,CST-MUMBAI,06:02:00,10:45:00,260,10,0 days 04:43:00
12111,CST-MUMBAI,AMRAVATI,19:55:00,08:05:00,676,14,0 days 12:10:00
12112,AMRAVATI,CST-MUMBAI,19:05:00,06:25:00,676,14,0 days 11:20:00
12113,PUNE JN.,NAGPUR JN.(C,17:40:00,09:25:00,895,9,0 days 15:45:00
12114,NAGPUR JN.(C,PUNE JN.,18:35:00,09:45:00,895,9,0 days 15:10:00
12115,CST-MUMBAI,SOLAPUR,22:45:00,06:50:00,456,14,0 days 08:05:00
12116,SOLAPUR,CST-MUMBAI,22:45:00,06:50:00,457,15,0 days 08:05:00
12117,LOKMANYA TIL,MANMAD JN.,15:00:00,19:25:00,244,10,0 days 04:25:00
12118,MANMAD JN.,LOKMANYA TIL,08:35:00,13:00:00,244,10,0 days 04:25:00
12119,AMRAVATI,AJNI,05:30:00,08:15:00,180,5,0 days 02:45:00
12120,AJNI,AMRAVATI,18:30:00,21:40:00,180,5,0 days 03:10:00
12121,JABALPUR,HAZRAT NIZAM,19:10:00,09:05:00,883,7,0 days 13:55:00
12122,HAZRAT NIZAM,JABALPUR,17:25:00,07:45:00,886,7,0 days 14:20:00
12123,CST-MUMBAI,PUNE JN.,17:10:00,20:25:00,191,5,0 days 03:15:00
12124,PUNE JN.,CST-MUMBAI,07:15:00,10:25:00,191,4,0 days 03:10:00
12125,CST-MUMBAI,PUNE JN.,16:25:00,19:50:00,190,8,0 days 03:25:00
12126,PUNE JN.,CST-MUMBAI,07:50:00,11:15:00,190,7,0 days 03:25:00
12127,CST-MUMBAI,PUNE JN.,06:40:00,09:57:00,191,6,0 days 03:17:00
12128,PUNE JN.,CST-MUMBAI,17:55:00,21:05:00,191,5,0 days 03:10:00
12129,PUNE JN.,HOWRAH JN.,18:25:00,04:10:00,2026,30,1 days 09:45:00
12130,HOWRAH JN.,PUNE JN.,21:50:00,06:50:00,2033,30,1 days 09:00:00
12131,DADAR,SAI NAGAR SH,21:45:00,03:45:00,330,8,0 days 06:00:00
12132,SAI NAGAR SH,DADAR,22:25:00,04:30:00,330,8,0 days 06:05:00
12133,CST-MUMBAI,MANGALORE JN,22:02:00,12:40:00,903,14,0 days 14:38:00
12134,MANGALORE JN,CST-MUMBAI,13:55:00,04:25:00,909,14,0 days 14:30:00
12135,PUNE JN.,NAGPUR JN.(C,17:40:00,09:25:00,895,18,0 days 15:45:00
12136,NAGPUR JN.(C,PUNE JN.,18:35:00,09:45:00,895,18,0 days 15:10:00
12137,CST-MUMBAI,FIROZPUR CAN,19:35:00,05:50:00,1910,56,1 days 10:15:00
12138,FIROZPUR CAN,CST-MUMBAI,21:40:00,07:35:00,1913,54,1 days 09:55:00
12139,CST-MUMBAI,NAGPUR JN.(C,15:00:00,06:10:00,841,33,0 days 15:10:00
12140,NAGPUR JN.(C,CST-MUMBAI,21:00:00,12:00:00,841,33,0 days 15:00:00
12141,LOKMANYA TIL,PATLIPUTRA,23:35:00,04:00:00,1693,14,1 days 04:25:00
12142,PATLIPUTRA,LOKMANYA TIL,11:05:00,15:15:00,1692,13,1 days 04:10:00
12143,LOKMANYA TIL,SULTANPUR JN,16:40:00,20:00:00,1540,14,1 days 03:20:00
12144,SULTANPUR JN,LOKMANYA TIL,23:55:00,04:10:00,1541,14,1 days 04:15:00
12145,LOKMANYA TIL,PURI,20:35:00,07:30:00,1888,27,1 days 10:55:00
12146,PURI,LOKMANYA TIL,21:25:00,07:30:00,1895,27,1 days 10:05:00
12147,CHHATRAPATI,HAZRAT NIZAM,09:05:00,17:10:00,1897,22,1 days 08:05:00
12148,HAZRAT NIZAM,CHHATRAPATI,05:50:00,16:20:00,1900,22,1 days 10:30:00
12149,PUNE JN.,DANAPUR,20:55:00,03:30:00,1757,19,1 days 06:35:00
12150,DANAPUR,PUNE JN.,22:55:00,05:30:00,1756,19,1 days 06:35:00
12151,LOKMANYA TIL,HOWRAH JN.,20:35:00,08:25:00,2089,24,1 days 11:50:00
12152,HOWRAH JN.,LOKMANYA TIL,21:15:00,07:30:00,2095,23,1 days 10:15:00
12153,LOKMANYA TIL,HABIBGANJ,16:25:00,05:20:00,820,10,0 days 12:55:00
12154,HABIBGANJ,LOKMANYA TIL,18:20:00,07:30:00,820,10,0 days 13:10:00
12155,HABIBGANJ,HAZRAT NIZAM,21:05:00,08:00:00,681,10,0 days 10:55:00
12156,HAZRAT NIZAM,HABIBGANJ,20:55:00,07:05:00,683,10,0 days 10:10:00
12157,PUNE JN.,SOLAPUR,18:00:00,22:00:00,265,4,0 days 04:00:00
12158,SOLAPUR,PUNE JN.,06:30:00,10:30:00,265,4,0 days 04:00:00
12159,AMRAVATI,JABALPUR,17:45:00,06:55:00,725,20,0 days 13:10:00
12160,JABALPUR,AMRAVATI,20:50:00,09:50:00,725,20,0 days 13:00:00
12161,LOKMANYA TIL,AGRA CANTT,16:25:00,13:00:00,1320,21,0 days 20:35:00
12162,AGRA CANTT,LOKMANYA TIL,23:35:00,23:00:00,1320,21,0 days 23:25:00
12163,DADAR,CHENNAI EGMO,20:30:00,19:45:00,1278,24,0 days 23:15:00
12164,CHENNAI EGMO,DADAR,06:50:00,06:00:00,1281,22,0 days 23:10:00
12165,LOKMANYA TIL,VARANASI JN.,05:23:00,07:05:00,1488,16,1 days 01:42:00
12166,VARANASI JN.,LOKMANYA TIL,20:20:00,21:30:00,1487,16,1 days 01:10:00
12167,LOKMANYA TIL,VARANASI JN.,00:35:00,03:45:00,1500,13,1 days 03:10:00
12168,VARANASI JN.,LOKMANYA TIL,10:25:00,12:25:00,1500,13,1 days 02:00:00
12169,PUNE JN.,SOLAPUR,09:30:00,13:30:00,265,5,0 days 04:00:00
12170,SOLAPUR,PUNE JN.,14:00:00,18:05:00,265,5,0 days 04:05:00
12171,LOKMANYA TIL,HARIDWAR JN,07:55:00,13:15:00,1756,12,1 days 05:20:00
12172,HARIDWAR JN,LOKMANYA TIL,18:45:00,23:45:00,1759,12,1 days 05:00:00
12173,LOKMANYA TIL,PARTAPGARH J,16:25:00,19:05:00,1581,13,1 days 02:40:00
12174,PARTAPGARH J,LOKMANYA TIL,01:50:00,06:00:00,1581,13,1 days 04:10:00
12175,HOWRAH JN.,GWALIOR JN,17:45:00,17:15:00,1291,31,0 days 23:30:00
12176,GWALIOR JN,HOWRAH JN.,07:15:00,06:45:00,1292,31,0 days 23:30:00
12177,HOWRAH JN.,MATHURA JN.,17:45:00,20:20:00,1451,34,1 days 02:35:00
12178,MATHURA JN.,HOWRAH JN.,04:25:00,06:45:00,1453,34,1 days 02:20:00
12179,LUCKNOW JN.,AGRA CANTT,15:55:00,21:55:00,323,14,0 days 06:00:00
12180,AGRA CANTT,LUCKNOW JN.,05:50:00,11:45:00,323,14,0 days 05:55:00
12181,JABALPUR,AJMER JN.,20:25:00,14:20:00,1024,22,0 days 17:55:00
12182,AJMER JN.,JABALPUR,15:30:00,08:45:00,1024,22,0 days 17:15:00
12183,BHOPAL,PARTAPGARH J,19:20:00,09:00:00,754,11,0 days 13:40:00
12184,PARTAPGARH J,BHOPAL,19:10:00,08:50:00,754,11,0 days 13:40:00
12185,HABIBGANJ,REWA,22:00:00,08:00:00,555,15,0 days 10:00:00
12186,REWA,HABIBGANJ,20:05:00,06:05:00,557,15,0 days 10:00:00
12187,JABALPUR,CST-MUMBAI,19:30:00,12:15:00,996,15,0 days 16:45:00
12188,CST-MUMBAI,JABALPUR,13:30:00,06:00:00,996,15,0 days 16:30:00
12189,JABALPUR,HAZRAT NIZAM,18:10:00,11:40:00,937,29,0 days 17:30:00
12190,HAZRAT NIZAM,JABALPUR,16:05:00,09:35:00,938,28,0 days 17:30:00
12191,NEW DELHI,JABALPUR,14:05:00,07:15:00,1021,24,0 days 17:10:00
12192,JABALPUR,NEW DELHI,17:30:00,11:50:00,1019,24,0 days 18:20:00
12193,YESVANTPUR J,JABALPUR,15:50:00,22:15:00,1747,20,1 days 06:25:00
12194,JABALPUR,YESVANTPUR J,06:45:00,13:30:00,1734,20,1 days 06:45:00
12195,AGRA  FORT,AJMER JN.,05:05:00,11:50:00,375,14,0 days 06:45:00
12196,AJMER JN.,AGRA  FORT,15:00:00,21:40:00,375,14,0 days 06:40:00
12197,BHOPAL,GWALIOR JN,15:30:00,00:15:00,484,11,0 days 08:45:00
12198,GWALIOR JN,BHOPAL,06:20:00,15:00:00,484,11,0 days 08:40:00
12201,LOKMANYA TIL,KOCHUVELI,16:55:00,20:25:00,1513,25,1 days 03:30:00
12202,KOCHUVELI,LOKMANYA TIL,08:45:00,11:45:00,1517,25,1 days 03:00:00
12203,SAHARSA JN.,AMRITSAR JN.,14:55:00,21:05:00,1711,23,1 days 06:10:00
12204,AMRITSAR JN.,SAHARSA JN.,04:10:00,10:10:00,1714,23,1 days 06:00:00
12205,NEW DELHI,DEHRA DUN,23:50:00,05:40:00,304,7,0 days 05:50:00
12206,DEHRA DUN,NEW DELHI,23:35:00,05:20:00,304,7,0 days 05:45:00
12207,KATHGODAM,JAMMU TAWI,18:30:00,09:45:00,768,16,0 days 15:15:00
12208,JAMMU TAWI,KATHGODAM,23:15:00,14:40:00,768,16,0 days 15:25:00
12209,KANPUR CENTR,KATHGODAM,06:15:00,14:50:00,415,12,0 days 08:35:00
12210,KATHGODAM,KANPUR CENTR,19:10:00,04:35:00,415,12,0 days 09:25:00
12211,MUZAFFARPUR,ANAND VIHAR,15:15:00,12:35:00,1057,14,0 days 21:20:00
12212,ANAND VIHAR,MUZAFFARPUR,20:55:00,18:05:00,1059,14,0 days 21:10:00
12213,YESVANTPUR J,DELHI-SARAI,23:40:00,07:00:00,2350,7,1 days 07:20:00
12214,DELHI-SARAI,YESVANTPUR J,23:00:00,07:55:00,2351,6,1 days 08:55:00
12215,DELHI-SARAI,BANDRA TERMI,09:20:00,08:10:00,1431,18,0 days 22:50:00
12216,BANDRA TERMI,DELHI-SARAI,12:45:00,12:15:00,1429,18,0 days 23:30:00
12217,KOCHUVELI,CHANDIGARH,09:20:00,15:45:00,3086,22,2 days 06:25:00
12218,CHANDIGARH,KOCHUVELI,09:30:00,14:45:00,3084,22,2 days 05:15:00
12219,LOKMANYA TIL,SECUNDERABAD,23:05:00,11:05:00,774,4,0 days 12:00:00
12220,SECUNDERABAD,LOKMANYA TIL,23:05:00,11:05:00,774,4,0 days 12:00:00
12221,PUNE JN.,HOWRAH JN.,15:15:00,19:40:00,2026,8,1 days 04:25:00
12222,HOWRAH JN.,PUNE JN.,08:20:00,11:45:00,2033,8,1 days 03:25:00
12223,LOKMANYA TIL,ERNAKULAM. J,20:50:00,17:50:00,1301,6,0 days 21:00:00
12224,ERNAKULAM. J,LOKMANYA TIL,21:30:00,18:15:00,1306,6,0 days 20:45:00
12225,AZAMGARH,DELHI JN.,16:25:00,07:05:00,795,15,0 days 14:40:00
12226,DELHI JN.,AZAMGARH,19:15:00,09:30:00,796,15,0 days 14:15:00
12227,MUMBAI CENTR,INDORE BG,23:15:00,11:05:00,831,5,0 days 11:50:00
12228,INDORE BG,MUMBAI CENTR,23:00:00,11:40:00,831,5,0 days 12:40:00
12229,LUCKNOW JN.,NEW DELHI,22:15:00,07:10:00,492,9,0 days 08:55:00
12230,NEW DELHI,LUCKNOW JN.,22:05:00,06:45:00,492,9,0 days 08:40:00
12231,LUCKNOW JN.,CHANDIGARH,22:30:00,10:10:00,644,16,0 days 11:40:00
12232,CHANDIGARH,LUCKNOW JN.,21:10:00,08:50:00,644,16,0 days 11:40:00
12235,DIBRUGARH,NEW DELHI,18:15:00,13:55:00,2446,26,1 days 19:40:00
12236,NEW DELHI,DIBRUGARH,09:25:00,06:15:00,2448,26,1 days 20:50:00
12237,VARANASI JN.,JAMMU TAWI,12:50:00,11:25:00,1253,13,0 days 22:35:00
12238,JAMMU TAWI,VARANASI JN.,14:00:00,12:40:00,1253,13,0 days 22:40:00
12239,MUMBAI CENTR,JAIPUR JN.,23:15:00,14:35:00,1157,5,0 days 15:20:00
12240,JAIPUR JN.,MUMBAI CENTR,19:10:00,11:40:00,1158,5,0 days 16:30:00
12241,CHANDIGARH,AMRITSAR JN.,17:10:00,21:25:00,247,6,0 days 04:15:00
12242,AMRITSAR JN.,CHANDIGARH,05:15:00,09:15:00,247,6,0 days 04:00:00
12243,CHENNAI CENT,COIMBATORE,07:15:00,14:15:00,491,6,0 days 07:00:00
12244,COIMBATORE,CHENNAI CENT,15:25:00,22:15:00,493,6,0 days 06:50:00
12245,HOWRAH JN.,YESVANTPUR J,10:55:00,16:00:00,1957,6,1 days 05:05:00
12246,YESVANTPUR J,HOWRAH JN.,11:00:00,16:15:00,1959,6,1 days 05:15:00
12247,BANDRA TERMI,HAZRAT NIZAM,16:35:00,09:40:00,1355,7,0 days 17:05:00
12248,HAZRAT NIZAM,BANDRA TERMI,15:35:00,09:20:00,1358,7,0 days 17:45:00
12249,HOWRAH JN.,ANAND VIHAR,18:40:00,11:20:00,1425,7,0 days 16:40:00
12250,ANAND VIHAR,HOWRAH JN.,19:50:00,12:40:00,1426,7,0 days 16:50:00
12251,YESVANTPUR J,KORBA,23:40:00,04:30:00,1611,25,1 days 04:50:00
12252,KORBA,YESVANTPUR J,08:00:00,13:30:00,1605,26,1 days 05:30:00
12253,YESVANTPUR J,BHAGALPUR,13:30:00,08:30:00,2478,29,1 days 19:00:00
12254,BHAGALPUR,YESVANTPUR J,13:30:00,09:05:00,2477,29,1 days 19:35:00
12257,YESVANTPUR J,KOCHUVELI,21:00:00,13:00:00,798,19,0 days 16:00:00
12258,KOCHUVELI,YESVANTPUR J,17:00:00,09:30:00,797,19,0 days 16:30:00
12259,SEALDAH,NEW DELHI,18:30:00,11:30:00,1448,5,0 days 17:00:00
12260,NEW DELHI,SEALDAH,19:40:00,12:35:00,1449,5,0 days 16:55:00
12261,CST-MUMBAI,HOWRAH JN.,17:15:00,19:40:00,1972,7,1 days 02:25:00
12262,HOWRAH JN.,CST-MUMBAI,08:20:00,10:30:00,1979,7,1 days 02:10:00
12263,PUNE JN.,HAZRAT NIZAM,11:10:00,06:55:00,1498,7,0 days 19:45:00
12264,HAZRAT NIZAM,PUNE JN.,10:55:00,07:10:00,1501,7,0 days 20:15:00
12265,DELHI-SARAI,JAMMU TAWI,22:15:00,07:25:00,577,3,0 days 09:10:00
12266,JAMMU TAWI,DELHI-SARAI,19:20:00,04:20:00,577,3,0 days 09:00:00
12267,MUMBAI CENTR,AHMEDABAD,23:25:00,05:55:00,490,2,0 days 06:30:00
12268,AHMEDABAD,MUMBAI CENTR,23:40:00,06:00:00,490,2,0 days 06:20:00
12269,CHENNAI CENT,HAZRAT NIZAM,06:40:00,10:35:00,2156,7,1 days 03:55:00
12270,HAZRAT NIZAM,CHENNAI CENT,15:45:00,20:10:00,2155,7,1 days 04:25:00
12273,HOWRAH JN.,NEW DELHI,08:35:00,06:25:00,1516,6,0 days 21:50:00
12274,NEW DELHI,HOWRAH JN.,12:55:00,10:40:00,1517,6,0 days 21:45:00
12275,ALLAHABAD JN,NEW DELHI,22:40:00,06:25:00,629,2,0 days 07:45:00
12276,NEW DELHI,ALLAHABAD JN,22:15:00,05:50:00,629,2,0 days 07:35:00
12277,HOWRAH JN.,PURI,14:25:00,21:55:00,504,8,0 days 07:30:00
12278,PURI,HOWRAH JN.,05:45:00,13:40:00,503,8,0 days 07:55:00
12279,JHANSI JN,HAZRAT NIZAM,15:20:00,22:05:00,385,11,0 days 06:45:00
12280,HAZRAT NIZAM,JHANSI JN,07:00:00,14:10:00,388,11,0 days 07:10:00
12281,BHUBANESWAR,NEW DELHI,08:00:00,06:25:00,1714,6,0 days 22:25:00
12282,NEW DELHI,BHUBANESWAR,12:55:00,10:45:00,1717,6,0 days 21:50:00
12283,ERNAKULAM. J,HAZRAT NIZAM,23:30:00,19:40:00,2636,11,1 days 20:10:00
12284,HAZRAT NIZAM,ERNAKULAM. J,21:35:00,15:40:00,2634,11,1 days 18:05:00
12285,SECUNDERABAD,HAZRAT NIZAM,13:10:00,10:35:00,1651,6,0 days 21:25:00
12286,HAZRAT NIZAM,SECUNDERABAD,15:45:00,14:00:00,1652,6,0 days 22:15:00
12289,CST-MUMBAI,NAGPUR JN.(C,20:15:00,07:20:00,841,4,0 days 11:05:00
12290,NAGPUR JN.(C,CST-MUMBAI,20:40:00,08:05:00,841,4,0 days 11:25:00
12291,YESVANTPUR J,CHENNAI CENT,22:45:00,05:15:00,364,7,0 days 06:30:00
12292,CHENNAI CENT,YESVANTPUR J,23:30:00,06:00:00,363,7,0 days 06:30:00
12293,LOKMANYA TIL,ALLAHABAD JN,17:25:00,12:35:00,1353,5,0 days 19:10:00
12294,ALLAHABAD JN,LOKMANYA TIL,19:30:00,14:55:00,1352,5,0 days 19:25:00
12295,KRANTIVIRA S,DANAPUR,09:00:00,09:05:00,2703,36,2 days 00:05:00
12296,DANAPUR,KRANTIVIRA S,20:10:00,20:20:00,2697,37,2 days 00:10:00
12297,AHMEDABAD,PUNE JN.,22:30:00,07:10:00,623,4,0 days 08:40:00
12298,PUNE JN.,AHMEDABAD,21:35:00,06:20:00,622,4,0 days 08:45:00
12301,HOWRAH JN.,NEW DELHI,16:55:00,10:00:00,1438,8,0 days 17:05:00
12302,NEW DELHI,HOWRAH JN.,16:55:00,09:50:00,1439,8,0 days 16:55:00
12303,HOWRAH JN.,NEW DELHI,08:05:00,06:05:00,1516,25,0 days 22:00:00
12304,NEW DELHI,HOWRAH JN.,17:35:00,16:55:00,1517,25,0 days 23:20:00
12305,HOWRAH JN.,NEW DELHI,14:05:00,10:00:00,1516,9,0 days 19:55:00
12306,NEW DELHI,HOWRAH JN.,16:55:00,12:15:00,1517,9,0 days 19:20:00
12307,HOWRAH JN.,JODHPUR JN.,23:40:00,06:50:00,1803,28,1 days 07:10:00
12308,JODHPUR JN.,HOWRAH JN.,20:30:00,04:00:00,1805,28,1 days 07:30:00
12309,RAJENDRANAGA,NEW DELHI,19:00:00,07:40:00,987,6,0 days 12:40:00
12310,NEW DELHI,RAJENDRANAGA,17:15:00,05:30:00,987,6,0 days 12:15:00
12311,HOWRAH JN.,KALKA,19:40:00,04:30:00,1699,39,1 days 08:50:00
12312,KALKA,HOWRAH JN.,23:55:00,07:55:00,1700,40,1 days 08:00:00
12313,SEALDAH,NEW DELHI,16:50:00,10:25:00,1448,8,0 days 17:35:00
12314,NEW DELHI,SEALDAH,16:25:00,10:10:00,1449,8,0 days 17:45:00
12315,KOLKATA,UDAIPUR CITY,13:10:00,02:45:00,2119,23,1 days 13:35:00
12316,UDAIPUR CITY,KOLKATA,00:20:00,15:10:00,2120,23,1 days 14:50:00
12317,KOLKATA,AMRITSAR JN.,07:40:00,17:20:00,1884,23,1 days 09:40:00
12318,AMRITSAR JN.,KOLKATA,05:55:00,15:15:00,1885,23,1 days 09:20:00
12319,KOLKATA,AGRA CANTT,13:10:00,12:00:00,1416,12,0 days 22:50:00
12320,AGRA CANTT,KOLKATA,17:00:00,17:20:00,1417,11,1 days 00:20:00
12321,HOWRAH JN.,CST-MUMBAI,22:00:00,11:25:00,2165,48,1 days 13:25:00
12322,CST-MUMBAI,HOWRAH JN.,21:30:00,11:45:00,2167,49,1 days 14:15:00
12323,HOWRAH JN.,ANAND VIHAR,18:50:00,17:05:00,1425,9,0 days 22:15:00
12324,ANAND VIHAR,HOWRAH JN.,07:05:00,06:00:00,1426,9,0 days 22:55:00
12325,KOLKATA,NANGAL DAM,07:40:00,16:00:00,1792,18,1 days 08:20:00
12326,NANGAL DAM,KOLKATA,06:55:00,15:15:00,1793,18,1 days 08:20:00
12327,HOWRAH JN.,DEHRA DUN,13:00:00,18:10:00,1577,20,1 days 05:10:00
12328,DEHRA DUN,HOWRAH JN.,22:10:00,03:15:00,1577,20,1 days 05:05:00
12329,SEALDAH,ANAND VIHAR,13:10:00,11:50:00,1435,8,0 days 22:40:00
12330,ANAND VIHAR,SEALDAH,19:10:00,17:25:00,1436,8,0 days 22:15:00
12331,HOWRAH JN.,JAMMU TAWI,23:55:00,12:35:00,2010,32,1 days 12:40:00
12332,JAMMU TAWI,HOWRAH JN.,22:45:00,11:30:00,2011,32,1 days 12:45:00
12333,HOWRAH JN.,ALLAHABAD CI,20:00:00,12:00:00,878,31,0 days 16:00:00
12334,ALLAHABAD CI,HOWRAH JN.,15:40:00,07:30:00,879,31,0 days 15:50:00
12335,BHAGALPUR,LOKMANYA TIL,09:00:00,20:00:00,1917,39,1 days 11:00:00
12336,LOKMANYA TIL,BHAGALPUR,08:05:00,18:30:00,1918,38,1 days 10:25:00
12337,HOWRAH JN.,BOLPUR,10:10:00,12:25:00,146,4,0 days 02:15:00
12338,BOLPUR,HOWRAH JN.,13:10:00,15:40:00,146,4,0 days 02:30:00
12339,HOWRAH JN.,DHANBAD JN.,17:20:00,21:40:00,258,13,0 days 04:20:00
12340,DHANBAD JN.,HOWRAH JN.,05:55:00,10:25:00,259,13,0 days 04:30:00
12341,HOWRAH JN.,ASANSOL MAIN,18:20:00,21:35:00,199,7,0 days 03:15:00
12342,ASANSOL MAIN,HOWRAH JN.,05:30:00,08:45:00,200,7,0 days 03:15:00
12343,SEALDAH,NEW JALPAIGU,22:05:00,08:00:00,571,6,0 days 09:55:00
12344,NEW JALPAIGU,SEALDAH,20:00:00,06:00:00,571,6,0 days 10:00:00
12345,HOWRAH JN.,GUWAHATI,15:50:00,09:50:00,1023,13,0 days 18:00:00
12346,GUWAHATI,HOWRAH JN.,12:30:00,05:10:00,1023,13,0 days 16:40:00
12347,HOWRAH JN.,RAMPUR HAT,11:55:00,15:35:00,206,9,0 days 03:40:00
12348,RAMPUR HAT,HOWRAH JN.,16:35:00,20:15:00,206,9,0 days 03:40:00
12349,BHAGALPUR,NEW DELHI,17:30:00,13:00:00,1206,13,0 days 19:30:00
12350,NEW DELHI,BHAGALPUR,23:45:00,20:00:00,1206,13,0 days 20:15:00
12351,HOWRAH JN.,RAJENDRANAGA,20:35:00,06:15:00,528,23,0 days 09:40:00
12352,RAJENDRANAGA,HOWRAH JN.,21:10:00,06:35:00,529,23,0 days 09:25:00
12353,HOWRAH JN.,LALKUA JN.,08:15:00,07:20:00,1299,18,0 days 23:05:00
12354,LALKUA JN.,HOWRAH JN.,19:20:00,18:55:00,1300,18,0 days 23:35:00
12355,RAJENDRANAGA,JAMMU TAWI,07:00:00,10:30:00,1506,19,1 days 03:30:00
12356,JAMMU TAWI,RAJENDRANAGA,20:10:00,23:05:00,1506,19,1 days 02:55:00
12357,KOLKATA,AMRITSAR JN.,12:10:00,17:20:00,1807,15,1 days 05:10:00
12358,AMRITSAR JN.,KOLKATA,05:55:00,11:35:00,1807,15,1 days 05:40:00
12359,KOLKATA,PATNA JN.,20:05:00,05:30:00,534,13,0 days 09:25:00
12360,PATNA JN.,KOLKATA,20:05:00,05:15:00,534,13,0 days 09:10:00
12361,ASANSOL MAIN,CST-MUMBAI,19:45:00,06:15:00,2043,21,1 days 10:30:00
12362,CST-MUMBAI,ASANSOL MAIN,11:05:00,23:15:00,2044,21,1 days 12:10:00
12363,KOLKATA,HALDIBARI,09:05:00,20:20:00,621,11,0 days 11:15:00
12364,HALDIBARI,KOLKATA,08:30:00,19:40:00,620,11,0 days 11:10:00
12365,PATNA JN.,RANCHI,06:00:00,13:55:00,410,12,0 days 07:55:00
12366,RANCHI,PATNA JN.,14:25:00,22:15:00,407,12,0 days 07:50:00
12367,BHAGALPUR,ANAND VIHAR,11:15:00,08:00:00,1193,21,0 days 20:45:00
12368,ANAND VIHAR,BHAGALPUR,14:40:00,12:25:00,1193,21,0 days 21:45:00
12369,HOWRAH JN.,HARIDWAR JN,13:00:00,16:40:00,1525,20,1 days 03:40:00
12370,HARIDWAR JN,HOWRAH JN.,23:50:00,03:15:00,1526,20,1 days 03:25:00
12371,HOWRAH JN.,JAISALMER,08:15:00,23:45:00,2245,29,1 days 15:30:00
12372,JAISALMER,HOWRAH JN.,01:10:00,16:30:00,2246,29,1 days 15:20:00
12373,SEALDAH,RAMPUR HAT,09:05:00,12:45:00,217,7,0 days 03:40:00
12374,RAMPUR HAT,SEALDAH,11:00:00,14:40:00,216,7,0 days 03:40:00
12375,CHENNAI CENT,ASANSOL MAIN,14:40:00,21:55:00,1729,27,1 days 07:15:00
12376,ASANSOL MAIN,CHENNAI CENT,16:00:00,22:45:00,1727,27,1 days 06:45:00
12377,SEALDAH,NEW ALIPURDU,23:15:00,12:10:00,718,10,0 days 12:55:00
12378,NEW ALIPURDU,SEALDAH,17:45:00,06:45:00,718,10,0 days 13:00:00
12379,SEALDAH,AMRITSAR JN.,13:10:00,19:45:00,1889,15,1 days 06:35:00
12380,AMRITSAR JN.,SEALDAH,10:55:00,17:25:00,1890,15,1 days 06:30:00
12381,HOWRAH JN.,NEW DELHI,08:15:00,06:05:00,1438,22,0 days 21:50:00
12382,NEW DELHI,HOWRAH JN.,17:35:00,16:55:00,1439,22,0 days 23:20:00
12383,SEALDAH,ASANSOL MAIN,17:00:00,20:55:00,221,9,0 days 03:55:00
12384,ASANSOL MAIN,SEALDAH,06:45:00,10:40:00,222,9,0 days 03:55:00
12389,GAYA JN.,CHENNAI EGMO,05:45:00,20:45:00,2348,17,1 days 15:00:00
12390,CHENNAI EGMO,GAYA JN.,07:00:00,21:40:00,2353,17,1 days 14:40:00
12391,RAJGIR,NEW DELHI,08:00:00,05:10:00,1092,33,0 days 21:10:00
12392,NEW DELHI,RAJGIR,13:10:00,10:10:00,1092,33,0 days 21:00:00
12393,RAJENDRANAGA,NEW DELHI,17:35:00,07:50:00,987,5,0 days 14:15:00
12394,NEW DELHI,RAJENDRANAGA,17:25:00,07:35:00,987,5,0 days 14:10:00
12395,RAJENDRANAGA,AJMER JN.,18:45:00,15:10:00,1287,15,0 days 20:25:00
12396,AJMER JN.,RAJENDRANAGA,23:55:00,23:05:00,1287,15,0 days 23:10:00
12397,GAYA JN.,NEW DELHI,14:20:00,04:35:00,981,15,0 days 14:15:00
12398,NEW DELHI,GAYA JN.,12:10:00,03:15:00,981,15,0 days 15:05:00
12401,ISLAMPUR,NEW DELHI,16:10:00,11:50:00,1049,28,0 days 19:40:00
12402,NEW DELHI,ISLAMPUR,20:00:00,14:45:00,1049,28,0 days 18:45:00
12405,BHUSAVAL JN.,HAZRAT NIZAM,05:40:00,07:30:00,1461,29,1 days 01:50:00
12406,HAZRAT NIZAM,BHUSAVAL JN.,15:20:00,15:50:00,1464,29,1 days 00:30:00
12407,NEW JALPAIGU,AMRITSAR JN.,08:15:00,17:35:00,1821,19,1 days 09:20:00
12408,AMRITSAR JN.,NEW JALPAIGU,09:30:00,18:35:00,1824,19,1 days 09:05:00
12409,RAIGARH,HAZRAT NIZAM,03:30:00,07:30:00,1613,35,1 days 04:00:00
12410,HAZRAT NIZAM,RAIGARH,15:20:00,19:05:00,1608,35,1 days 03:45:00
12411,CHANDIGARH,AMRITSAR JN.,07:00:00,11:30:00,247,9,0 days 04:30:00
12412,AMRITSAR JN.,CHANDIGARH,17:30:00,21:55:00,247,9,0 days 04:25:00
12413,AJMER JN.,JAMMU TAWI,14:05:00,08:20:00,1016,21,0 days 18:15:00
12414,JAMMU TAWI,AJMER JN.,18:10:00,12:20:00,1017,22,0 days 18:10:00
12415,INDORE BG,DELHI-SARAI,16:35:00,06:50:00,815,23,0 days 14:15:00
12416,DELHI-SARAI,INDORE BG,21:10:00,11:40:00,817,22,0 days 14:30:00
12417,ALLAHABAD JN,NEW DELHI,21:30:00,07:00:00,624,6,0 days 09:30:00
12418,NEW DELHI,ALLAHABAD JN,21:20:00,06:50:00,624,7,0 days 09:30:00
12419,LUCKNOW JN.,NEW DELHI,06:00:00,15:05:00,504,16,0 days 09:05:00
12420,NEW DELHI,LUCKNOW JN.,12:25:00,21:25:00,504,16,0 days 09:00:00
12421,NANDED,AMRITSAR JN.,11:00:00,22:05:00,1927,23,1 days 11:05:00
12422,AMRITSAR JN.,NANDED,14:30:00,23:45:00,1929,23,1 days 09:15:00
12423,DIBRUGARH TO,NEW DELHI,19:20:00,10:20:00,2422,22,1 days 15:00:00
12424,NEW DELHI,DIBRUGARH TO,16:10:00,08:00:00,2423,22,1 days 15:50:00
12425,NEW DELHI,JAMMU TAWI,20:40:00,05:45:00,576,5,0 days 09:05:00
12426,JAMMU TAWI,NEW DELHI,19:40:00,05:00:00,576,5,0 days 09:20:00
12427,REWA,ANAND VIHAR,16:00:00,06:35:00,844,12,0 days 14:35:00
12428,ANAND VIHAR,REWA,21:15:00,11:00:00,844,13,0 days 13:45:00
12431,TRIVANDRUM C,HAZRAT NIZAM,19:15:00,12:40:00,2841,19,1 days 17:25:00
12432,HAZRAT NIZAM,TRIVANDRUM C,10:55:00,04:55:00,2840,19,1 days 18:00:00
12433,CHENNAI CENT,HAZRAT NIZAM,06:10:00,10:25:00,2156,10,1 days 04:15:00
12434,HAZRAT NIZAM,CHENNAI CENT,15:55:00,20:15:00,2155,10,1 days 04:20:00
12435,DIBRUGARH TO,NEW DELHI,18:10:00,13:55:00,2452,26,1 days 19:45:00
12436,NEW DELHI,DIBRUGARH TO,09:25:00,07:25:00,2454,26,1 days 22:00:00
12437,SECUNDERABAD,HAZRAT NIZAM,12:45:00,10:25:00,1651,7,0 days 21:40:00
12438,HAZRAT NIZAM,SECUNDERABAD,15:55:00,14:00:00,1652,7,0 days 22:05:00
12439,RANCHI,NEW DELHI,17:55:00,10:50:00,1297,8,0 days 16:55:00
12440,NEW DELHI,RANCHI,16:00:00,09:00:00,1300,8,0 days 17:00:00
12441,BILASPUR JN.,NEW DELHI,14:00:00,10:55:00,1487,10,0 days 20:55:00
12442,NEW DELHI,BILASPUR JN.,15:45:00,12:00:00,1483,10,0 days 20:15:00
12443,HALDIA,ANAND VIHAR,08:30:00,11:50:00,1572,14,1 days 03:20:00
12444,ANAND VIHAR,HALDIA,19:10:00,20:30:00,1572,14,1 days 01:20:00
12445,NEW DELHI,SHRI MATA VA,20:50:00,08:40:00,654,11,0 days 11:50:00
12446,SHRI MATA VA,NEW DELHI,19:00:00,06:45:00,654,11,0 days 11:45:00
12447,MANIKPUR JN.,HAZRAT NIZAM,17:05:00,05:25:00,676,12,0 days 12:20:00
12448,HAZRAT NIZAM,MANIKPUR JN.,20:10:00,08:35:00,679,12,0 days 12:25:00
12449,MADGOAN JN.,CHANDIGARH,11:20:00,23:45:00,2159,14,1 days 12:25:00
12450,CHANDIGARH,MADGOAN JN.,02:05:00,14:45:00,2157,14,1 days 12:40:00
12451,KANPUR CENTR,NEW DELHI,23:45:00,06:35:00,430,3,0 days 06:50:00
12452,NEW DELHI,KANPUR CENTR,23:55:00,06:30:00,430,3,0 days 06:35:00
12453,RANCHI,NEW DELHI,17:10:00,10:50:00,1333,7,0 days 17:40:00
12454,NEW DELHI,RANCHI,16:00:00,10:30:00,1336,7,0 days 18:30:00
12455,DELHI-SARAI,BIKANER JN.,22:45:00,13:15:00,790,21,0 days 14:30:00
12456,BIKANER JN.,DELHI-SARAI,16:45:00,07:20:00,790,21,0 days 14:35:00
12457,DELHI-SARAI,BIKANER JN.,23:35:00,07:20:00,455,14,0 days 07:45:00
12458,BIKANER JN.,DELHI-SARAI,22:30:00,06:10:00,455,14,0 days 07:40:00
12459,NEW DELHI,AMRITSAR JN.,13:40:00,21:45:00,447,15,0 days 08:05:00
12460,AMRITSAR JN.,NEW DELHI,06:15:00,14:15:00,447,17,0 days 08:00:00
12461,DELHI JN.,JODHPUR JN.,21:15:00,08:00:00,618,18,0 days 10:45:00
12462,JODHPUR JN.,DELHI JN.,19:45:00,06:40:00,619,16,0 days 10:55:00
12463,DELHI-SARAI,JODHPUR JN.,22:25:00,08:35:00,614,8,0 days 10:10:00
12464,JODHPUR JN.,DELHI-SARAI,19:00:00,05:40:00,615,8,0 days 10:40:00
12465,INDORE BG,JODHPUR JN.,06:00:00,22:15:00,905,29,0 days 16:15:00
12466,JODHPUR JN.,INDORE BG,05:55:00,22:30:00,906,29,0 days 16:35:00
12467,JAISALMER,JAIPUR JN.,23:55:00,12:35:00,700,22,0 days 12:40:00
12468,JAIPUR JN.,JAISALMER,16:15:00,04:50:00,699,22,0 days 12:35:00
12469,KANPUR CENTR,JAMMU TAWI,17:20:00,11:50:00,1025,14,0 days 18:30:00
12470,JAMMU TAWI,KANPUR CENTR,20:10:00,14:50:00,1025,14,0 days 18:40:00
12471,BANDRA TERMI,SHRI MATA VA,07:55:00,17:10:00,2017,26,1 days 09:15:00
12472,SHRI MATA VA,BANDRA TERMI,09:10:00,18:05:00,2019,26,1 days 08:55:00
12473,AHMEDABAD,SHRI MATA VA,11:30:00,17:10:00,1736,24,1 days 05:40:00
12474,SHRI MATA VA,AHMEDABAD,09:10:00,14:15:00,1739,25,1 days 05:05:00
12475,HAPA,SHRI MATA VA,05:30:00,17:10:00,2055,31,1 days 11:40:00
12476,SHRI MATA VA,HAPA,09:10:00,20:50:00,2058,31,1 days 11:40:00
12477,JAMNAGAR,SHRI MATA VA,05:15:00,17:10:00,2064,31,1 days 11:55:00
12478,SHRI MATA VA,JAMNAGAR,09:10:00,21:00:00,2066,31,1 days 11:50:00
12479,JODHPUR JN.,BANDRA TERMI,18:45:00,11:35:00,934,17,0 days 16:50:00
12480,BANDRA TERMI,JODHPUR JN.,13:30:00,06:30:00,932,17,0 days 17:00:00
12481,DELHI JN.,SHRI GANGANA,13:10:00,20:40:00,409,15,0 days 07:30:00
12482,SHRI GANGANA,DELHI JN.,05:55:00,13:35:00,409,15,0 days 07:40:00
12483,KOCHUVELI,AMRITSAR JN.,09:20:00,19:45:00,3290,27,2 days 10:25:00
12484,AMRITSAR JN.,KOCHUVELI,05:55:00,15:15:00,3288,27,2 days 09:20:00
12485,NANDED,SHRI GANGANA,11:00:00,22:30:00,1937,27,1 days 11:30:00
12486,SHRI GANGANA,NANDED,14:45:00,23:45:00,1940,27,1 days 09:00:00
12487,JOGBANI,ANAND VIHAR,20:00:00,21:00:00,1364,19,1 days 01:00:00
12488,ANAND VIHAR,JOGBANI,07:30:00,08:25:00,1364,19,1 days 00:55:00
12489,BIKANER JN.,DADAR,13:40:00,12:00:00,1244,22,0 days 22:20:00
12490,DADAR,BIKANER JN.,14:35:00,13:10:00,1244,22,0 days 22:35:00
12491,BARAUNI JN.,JAMMU TAWI,05:00:00,11:50:00,1609,22,1 days 06:50:00
12492,JAMMU TAWI,BARAUNI JN.,20:10:00,02:10:00,1612,22,1 days 06:00:00
12493,PUNE JN.,HAZRAT NIZAM,05:15:00,05:35:00,1498,10,1 days 00:20:00
12494,HAZRAT NIZAM,PUNE JN.,21:35:00,21:25:00,1501,10,0 days 23:50:00
12495,BIKANER JN.,KOLKATA,05:20:00,13:15:00,1878,20,1 days 07:55:00
12496,KOLKATA,BIKANER JN.,22:45:00,05:45:00,1876,20,1 days 07:00:00
12497,NEW DELHI,AMRITSAR JN.,06:40:00,14:20:00,447,14,0 days 07:40:00
12498,AMRITSAR JN.,NEW DELHI,15:10:00,22:50:00,447,15,0 days 07:40:00
12501,GUWAHATI,NEW DELHI,06:15:00,13:00:00,1914,10,1 days 06:45:00
12502,NEW DELHI,GUWAHATI,23:45:00,08:45:00,1914,10,1 days 09:00:00
12503,BANGALORE CA,KAMAKHYA JN,10:15:00,13:30:00,3032,23,2 days 03:15:00
12504,KAMAKHYA JN,BANGALORE CA,20:10:00,21:15:00,3032,23,2 days 01:05:00
12505,GUWAHATI,ANAND VIHAR,09:45:00,19:20:00,1850,30,1 days 09:35:00
12506,ANAND VIHAR,GUWAHATI,06:45:00,16:50:00,1850,29,1 days 10:05:00
12507,TRIVANDRUM C,SILCHAR,16:55:00,19:00:00,3932,58,3 days 02:05:00
12508,SILCHAR,TRIVANDRUM C,19:55:00,22:40:00,3930,56,3 days 02:45:00
12509,BANGALORE CA,GUWAHATI,23:40:00,06:00:00,2992,42,2 days 06:20:00
12510,GUWAHATI,BANGALORE CA,06:20:00,11:40:00,2993,41,2 days 05:20:00
12511,GORAKHPUR JN,TRIVANDRUM C,06:35:00,17:15:00,3239,61,2 days 10:40:00
12512,TRIVANDRUM C,GORAKHPUR JN,06:15:00,15:20:00,3245,60,2 days 09:05:00
12513,SECUNDERABAD,GUWAHATI,07:30:00,06:00:00,2564,31,1 days 22:30:00
12514,GUWAHATI,SECUNDERABAD,06:20:00,04:00:00,2567,30,1 days 21:40:00
12515,TRIVANDRUM C,SILCHAR,12:40:00,17:15:00,3932,57,3 days 04:35:00
12516,SILCHAR,TRIVANDRUM C,19:55:00,22:40:00,3930,56,3 days 02:45:00
12517,KOLKATA,GUWAHATI,21:40:00,15:55:00,1027,14,0 days 18:15:00
12518,GUWAHATI,KOLKATA,21:00:00,15:00:00,1027,14,0 days 18:00:00
12519,LOKMANYA TIL,KAMAKHYA JN,07:50:00,04:25:00,2568,28,1 days 20:35:00
12520,KAMAKHYA JN,LOKMANYA TIL,21:00:00,17:30:00,2567,28,1 days 20:30:00
12521,BARAUNI JN.,ERNAKULAM. J,23:00:00,13:00:00,3427,63,2 days 14:00:00
12522,ERNAKULAM. J,BARAUNI JN.,10:15:00,22:50:00,3435,62,2 days 12:35:00
12523,NEW JALPAIGU,NEW DELHI,08:15:00,12:10:00,1496,18,1 days 03:55:00
12524,NEW DELHI,NEW JALPAIGU,15:05:00,18:35:00,1499,18,1 days 03:30:00
12525,KOLKATA,DIBRUGARH,21:40:00,02:25:00,1584,23,1 days 04:45:00
12526,DIBRUGARH,KOLKATA,10:20:00,15:00:00,1583,23,1 days 04:40:00
12527,RAMNAGAR,CHANDIGARH,05:35:00,13:30:00,395,11,0 days 07:55:00
12529,PATLIPUTRA,LUCKNOW JN.,15:50:00,02:35:00,518,10,0 days 10:45:00
12530,LUCKNOW JN.,PATLIPUTRA,05:00:00,14:50:00,522,10,0 days 09:50:00
12531,GORAKHPUR JN,LUCKNOW JN.,06:00:00,11:00:00,277,12,0 days 05:00:00
12532,LUCKNOW JN.,GORAKHPUR JN,16:35:00,21:35:00,278,12,0 days 05:00:00
12533,LUCKNOW JN.,CST-MUMBAI,19:45:00,19:50:00,1424,16,1 days 00:05:00
12534,CST-MUMBAI,LUCKNOW JN.,08:25:00,08:40:00,1423,15,1 days 00:15:00
12535,LUCKNOW JN.,RAIPUR JN.,14:10:00,07:15:00,903,13,0 days 17:05:00
12536,RAIPUR JN.,LUCKNOW JN.,12:20:00,05:05:00,905,12,0 days 16:45:00
12537,MUZAFFARPUR,MANDUADIH,20:10:00,06:00:00,543,15,0 days 09:50:00
12538,MANDUADIH,MUZAFFARPUR,07:30:00,17:45:00,543,15,0 days 10:15:00
12539,YESVANTPUR J,LUCKNOW JN.,10:50:00,08:50:00,2548,18,1 days 22:00:00
12540,LUCKNOW JN.,YESVANTPUR J,20:00:00,16:40:00,2541,18,1 days 20:40:00
12541,GORAKHPUR JN,LOKMANYA TIL,21:50:00,04:00:00,1685,16,1 days 06:10:00
12542,LOKMANYA TIL,GORAKHPUR JN,11:10:00,17:00:00,1686,16,1 days 05:50:00
12545,RAXAUL JN.,LOKMANYA TIL,16:45:00,06:00:00,2045,21,1 days 13:15:00
12546,LOKMANYA TIL,RAXAUL JN.,11:20:00,00:45:00,2045,21,1 days 13:25:00
12547,AGRA  FORT,AHMEDABAD,22:15:00,13:40:00,866,12,0 days 15:25:00
12548,AHMEDABAD,AGRA  FORT,16:55:00,08:20:00,864,12,0 days 15:25:00
12549,DURG,JAMMU TAWI,12:00:00,21:10:00,1847,18,1 days 09:10:00
12550,JAMMU TAWI,DURG,05:00:00,14:20:00,1858,18,1 days 09:20:00
12551,YESVANTPUR J,KAMAKHYA JN,08:30:00,14:00:00,3024,29,2 days 05:30:00
12552,KAMAKHYA JN,YESVANTPUR J,14:00:00,18:25:00,3024,29,2 days 04:25:00
12553,BARAUNI JN.,NEW DELHI,09:30:00,06:45:00,1167,21,0 days 21:15:00
12554,NEW DELHI,BARAUNI JN.,19:50:00,17:15:00,1170,21,0 days 21:25:00
12555,GORAKHPUR JN,HISAR JN,16:35:00,10:00:00,952,15,0 days 17:25:00
12556,HISAR JN,GORAKHPUR JN,16:20:00,09:45:00,953,15,0 days 17:25:00
12557,MUZAFFARPUR,ANAND VIHAR,12:35:00,07:50:00,1057,16,0 days 19:15:00
12558,ANAND VIHAR,MUZAFFARPUR,14:50:00,10:25:00,1059,16,0 days 19:35:00
12559,MANDUADIH,NEW DELHI,19:40:00,08:10:00,745,4,0 days 12:30:00
12560,NEW DELHI,MANDUADIH,18:55:00,07:00:00,745,4,0 days 12:05:00
12561,JAYNAGAR,NEW DELHI,14:00:00,12:30:00,1223,22,0 days 22:30:00
12562,NEW DELHI,JAYNAGAR,20:40:00,19:15:00,1224,21,0 days 22:35:00
12565,DARBHANGA JN,NEW DELHI,08:35:00,05:30:00,1153,11,0 days 20:55:00
12566,NEW DELHI,DARBHANGA JN,14:15:00,11:15:00,1156,11,0 days 21:00:00
12567,SAHARSA JN.,PATNA JN.,07:00:00,11:00:00,219,9,0 days 04:00:00
12568,PATNA JN.,SAHARSA JN.,12:45:00,16:45:00,219,9,0 days 04:00:00
12569,JAYNAGAR,ANAND VIHAR,12:00:00,08:20:00,1238,23,0 days 20:20:00
12570,ANAND VIHAR,JAYNAGAR,16:55:00,13:35:00,1238,23,0 days 20:40:00
12572,ANAND VIHAR,GORAKHPUR JN,20:00:00,09:20:00,829,9,0 days 13:20:00
12577,DARBHANGA JN,MYSORE JN.,16:00:00,23:30:00,3045,41,2 days 07:30:00
12578,MYSORE JN.,DARBHANGA JN,07:20:00,14:25:00,3051,40,2 days 07:05:00
12581,MANDUADIH,NEW DELHI,22:30:00,12:20:00,745,6,0 days 13:50:00
12582,NEW DELHI,MANDUADIH,22:35:00,11:10:00,745,6,0 days 12:35:00
12587,GORAKHPUR JN,JAMMU TAWI,14:20:00,12:35:00,1246,18,0 days 22:15:00
12588,JAMMU TAWI,GORAKHPUR JN,22:45:00,20:30:00,1247,18,0 days 21:45:00
12589,GORAKHPUR JN,SECUNDERABAD,06:35:00,15:10:00,1833,31,1 days 08:35:00
12590,SECUNDERABAD,GORAKHPUR JN,07:20:00,15:20:00,1836,31,1 days 08:00:00
12591,GORAKHPUR JN,YESVANTPUR J,06:35:00,04:20:00,2513,40,1 days 21:45:00
12592,YESVANTPUR J,GORAKHPUR JN,17:20:00,15:05:00,2504,40,1 days 21:45:00
12593,LUCKNOW JN.,BHOPAL,22:45:00,09:35:00,581,6,0 days 10:50:00
12594,BHOPAL,LUCKNOW JN.,22:45:00,09:45:00,581,6,0 days 11:00:00
12595,GORAKHPUR JN,ANAND VIHAR,20:00:00,08:50:00,760,6,0 days 12:50:00
12596,ANAND VIHAR,GORAKHPUR JN,20:00:00,07:50:00,761,6,0 days 11:50:00
12597,GORAKHPUR JN,CST-MUMBAI,08:30:00,12:15:00,1693,13,1 days 03:45:00
12598,CST-MUMBAI,GORAKHPUR JN,14:20:00,18:35:00,1694,13,1 days 04:15:00
12601,CHENNAI CENT,MANGALORE CE,20:20:00,12:25:00,883,31,0 days 16:05:00
12602,MANGALORE CE,CHENNAI CENT,13:25:00,05:40:00,885,33,0 days 16:15:00
12603,CHENNAI CENT,HYDERABAD DE,16:45:00,05:45:00,715,22,0 days 13:00:00
12604,HYDERABAD DE,CHENNAI CENT,16:50:00,05:55:00,716,21,0 days 13:05:00
12605,CHENNAI EGMO,KARAIKKUDI,15:45:00,23:00:00,425,13,0 days 07:15:00
12606,KARAIKKUDI,CHENNAI EGMO,05:05:00,12:10:00,425,13,0 days 07:05:00
12607,CHENNAI CENT,KRANTIVIRA S,15:35:00,21:35:00,360,12,0 days 06:00:00
12608,KRANTIVIRA S,CHENNAI CENT,06:30:00,12:15:00,361,13,0 days 05:45:00
12609,CHENNAI CENT,KRANTIVIRA S,13:35:00,20:05:00,360,19,0 days 06:30:00
12610,KRANTIVIRA S,CHENNAI CENT,08:00:00,14:30:00,361,19,0 days 06:30:00
12611,CHENNAI CENT,HAZRAT NIZAM,06:10:00,10:25:00,2156,11,1 days 04:15:00
12612,HAZRAT NIZAM,CHENNAI CENT,15:55:00,20:15:00,2155,11,1 days 04:20:00
12613,MYSORE JN.,KRANTIVIRA S,11:30:00,14:00:00,138,4,0 days 02:30:00
12614,KRANTIVIRA S,MYSORE JN.,15:00:00,17:30:00,138,4,0 days 02:30:00
12615,CHENNAI CENT,DELHI-SARAI,19:15:00,07:10:00,2169,41,1 days 11:55:00
12616,DELHI-SARAI,CHENNAI CENT,17:50:00,06:20:00,2168,40,1 days 12:30:00
12617,ERNAKULAM. J,HAZRAT NIZAM,13:15:00,13:15:00,2751,48,2 days 00:00:00
12618,HAZRAT NIZAM,ERNAKULAM. J,09:15:00,10:15:00,2748,48,2 days 01:00:00
12619,LOKMANYA TIL,MANGALORE CE,15:20:00,07:30:00,893,24,0 days 16:10:00
12620,MANGALORE CE,LOKMANYA TIL,14:35:00,06:35:00,899,22,0 days 16:00:00
12621,CHENNAI CENT,NEW DELHI,22:00:00,07:05:00,2163,12,1 days 09:05:00
12622,NEW DELHI,CHENNAI CENT,22:30:00,07:10:00,2163,11,1 days 08:40:00
12623,CHENNAI CENT,TRIVANDRUM C,19:45:00,11:45:00,913,21,0 days 16:00:00
12624,TRIVANDRUM C,CHENNAI CENT,14:50:00,07:30:00,916,22,0 days 16:40:00
12625,TRIVANDRUM C,NEW DELHI,11:15:00,13:45:00,3013,43,2 days 02:30:00
12626,NEW DELHI,TRIVANDRUM C,11:25:00,14:45:00,3010,42,2 days 03:20:00
12627,KRANTIVIRA S,NEW DELHI,19:20:00,10:30:00,2386,36,1 days 15:10:00
12628,NEW DELHI,KRANTIVIRA S,21:15:00,13:40:00,2389,35,1 days 16:25:00
12629,YESVANTPUR J,HAZRAT NIZAM,13:45:00,13:00:00,2595,14,1 days 23:15:00
12630,HAZRAT NIZAM,YESVANTPUR J,08:45:00,06:20:00,2595,14,1 days 21:35:00
12631,CHENNAI EGMO,TIRUNELVELI,20:10:00,07:10:00,649,15,0 days 11:00:00
12632,TIRUNELVELI,CHENNAI EGMO,19:45:00,06:55:00,649,16,0 days 11:10:00
12633,CHENNAI EGMO,KANNIYAKUMAR,17:15:00,06:15:00,738,17,0 days 13:00:00
12634,KANNIYAKUMAR,CHENNAI EGMO,17:20:00,06:25:00,737,18,0 days 13:05:00
12635,CHENNAI EGMO,MADURAI JN,13:40:00,21:20:00,492,10,0 days 07:40:00
12636,MADURAI JN,CHENNAI EGMO,07:00:00,14:35:00,492,11,0 days 07:35:00
12637,CHENNAI EGMO,MADURAI JN,21:40:00,05:55:00,492,11,0 days 08:15:00
12638,MADURAI JN,CHENNAI EGMO,20:35:00,04:55:00,492,12,0 days 08:20:00
12639,CHENNAI CENT,KRANTIVIRA S,07:50:00,14:00:00,360,12,0 days 06:10:00
12640,KRANTIVIRA S,CHENNAI CENT,15:00:00,21:05:00,361,13,0 days 06:05:00
12641,KANNIYAKUMAR,HAZRAT NIZAM,19:15:00,18:00:00,2899,25,1 days 22:45:00
12642,HAZRAT NIZAM,KANNIYAKUMAR,07:10:00,08:45:00,2898,26,2 days 01:35:00
12643,TRIVANDRUM C,HAZRAT NIZAM,14:15:00,17:10:00,2991,32,2 days 02:55:00
12644,HAZRAT NIZAM,TRIVANDRUM C,05:50:00,11:05:00,2988,31,2 days 05:15:00
12645,ERNAKULAM. J,HAZRAT NIZAM,19:00:00,17:10:00,2786,29,1 days 22:10:00
12646,HAZRAT NIZAM,ERNAKULAM. J,05:50:00,05:55:00,2782,28,2 days 00:05:00
12647,COIMBATORE,HAZRAT NIZAM,15:05:00,14:15:00,2650,28,1 days 23:10:00
12648,HAZRAT NIZAM,COIMBATORE,08:35:00,09:15:00,2651,28,2 days 00:40:00
12649,YESVANTPUR J,HAZRAT NIZAM,22:00:00,09:15:00,2257,9,1 days 11:15:00
12650,HAZRAT NIZAM,YESVANTPUR J,06:25:00,19:35:00,2258,9,1 days 13:10:00
12651,MADURAI JN,HAZRAT NIZAM,00:30:00,18:00:00,2653,15,1 days 17:30:00
12652,HAZRAT NIZAM,MADURAI JN,07:10:00,03:25:00,2652,15,1 days 20:15:00
12653,CHENNAI EGMO,TIRUCHIRAPPA,23:30:00,05:15:00,336,14,0 days 05:45:00
12654,TIRUCHIRAPPA,CHENNAI EGMO,22:40:00,04:40:00,335,15,0 days 06:00:00
12655,AHMEDABAD,CHENNAI CENT,07:35:00,16:05:00,1893,41,1 days 08:30:00
12656,CHENNAI CENT,AHMEDABAD,09:35:00,18:25:00,1895,42,1 days 08:50:00
12657,CHENNAI CENT,KRANTIVIRA S,23:15:00,05:10:00,360,8,0 days 05:55:00
12658,KRANTIVIRA S,CHENNAI CENT,22:40:00,04:35:00,361,8,0 days 05:55:00
12659,NAGERCOIL JN,SHALIMAR,14:45:00,13:50:00,2579,44,1 days 23:05:00
12660,SHALIMAR,NAGERCOIL JN,23:05:00,21:50:00,2579,44,1 days 22:45:00
12661,CHENNAI EGMO,SENGOTTAI JN,21:05:00,08:50:00,665,18,0 days 11:45:00
12662,SENGOTTAI JN,CHENNAI EGMO,18:15:00,05:55:00,665,18,0 days 11:40:00
12663,HOWRAH JN.,TIRUCHIRAPPA,16:10:00,03:30:00,2005,24,1 days 11:20:00
12664,TIRUCHIRAPPA,HOWRAH JN.,16:20:00,03:10:00,2004,24,1 days 10:50:00
12665,HOWRAH JN.,KANNIYAKUMAR,16:10:00,10:25:00,2407,32,1 days 18:15:00
12666,KANNIYAKUMAR,HOWRAH JN.,07:50:00,03:10:00,2406,32,1 days 19:20:00
12667,CHENNAI EGMO,NAGERCOIL JN,18:55:00,08:10:00,722,11,0 days 13:15:00
12668,NAGERCOIL JN,CHENNAI EGMO,17:05:00,05:30:00,722,11,0 days 12:25:00
12669,CHENNAI CENT,CHHAPRA JN.,17:40:00,11:45:00,2348,25,1 days 18:05:00
12670,CHHAPRA JN.,CHENNAI CENT,21:00:00,14:25:00,2343,24,1 days 17:25:00
12671,CHENNAI CENT,METTUPALAIYA,21:05:00,06:15:00,526,9,0 days 09:10:00
12672,METTUPALAIYA,CHENNAI CENT,19:45:00,05:05:00,529,9,0 days 09:20:00
12673,CHENNAI CENT,COIMBATORE,22:10:00,06:15:00,491,8,0 days 08:05:00
12674,COIMBATORE,CHENNAI CENT,22:40:00,06:45:00,493,9,0 days 08:05:00
12675,CHENNAI CENT,COIMBATORE,06:10:00,13:45:00,491,11,0 days 07:35:00
12676,COIMBATORE,CHENNAI CENT,14:55:00,22:30:00,493,12,0 days 07:35:00
12677,KRANTIVIRA S,ERNAKULAM. J,06:15:00,16:55:00,581,14,0 days 10:40:00
12678,ERNAKULAM. J,KRANTIVIRA S,09:10:00,19:50:00,582,14,0 days 10:40:00
12679,CHENNAI CENT,COIMBATORE,14:30:00,22:15:00,491,12,0 days 07:45:00
12680,COIMBATORE,CHENNAI CENT,06:15:00,13:50:00,493,12,0 days 07:35:00
12681,CHENNAI CENT,COIMBATORE,22:30:00,06:40:00,491,7,0 days 08:10:00
12682,COIMBATORE,CHENNAI CENT,23:30:00,07:20:00,493,8,0 days 07:50:00
12683,ERNAKULAM. J,KRANTIVIRA S,17:00:00,04:15:00,617,14,0 days 11:15:00
12684,KRANTIVIRA S,ERNAKULAM. J,18:50:00,06:00:00,616,14,0 days 11:10:00
12685,CHENNAI CENT,MANGALORE CE,17:00:00,09:05:00,883,18,0 days 16:05:00
12686,MANGALORE CE,CHENNAI CENT,16:20:00,08:00:00,885,18,0 days 15:40:00
12687,MADURAI JN,DEHRA DUN,23:35:00,04:45:00,3067,30,2 days 05:10:00
12688,DEHRA DUN,MADURAI JN,06:45:00,12:45:00,3064,31,2 days 06:00:00
12689,CHENNAI CENT,NAGERCOIL JN,18:20:00,11:05:00,918,19,0 days 16:45:00
12690,NAGERCOIL JN,CHENNAI CENT,19:40:00,12:25:00,920,20,0 days 16:45:00
12691,CHENNAI CENT,SRI SATYA SA,23:30:00,09:40:00,528,11,0 days 10:10:00
12692,SRI SATYA SA,CHENNAI CENT,18:25:00,05:15:00,528,14,0 days 10:50:00
12693,CHENNAI EGMO,TUTICORIN,19:30:00,06:35:00,652,22,0 days 11:05:00
12694,TUTICORIN,CHENNAI EGMO,20:00:00,07:40:00,651,22,0 days 11:40:00
12695,CHENNAI CENT,TRIVANDRUM C,15:25:00,07:35:00,914,21,0 days 16:10:00
12696,TRIVANDRUM C,CHENNAI CENT,17:15:00,10:00:00,916,21,0 days 16:45:00
12697,CHENNAI CENT,TRIVANDRUM C,15:15:00,06:35:00,901,14,0 days 15:20:00
12698,TRIVANDRUM C,CHENNAI CENT,20:20:00,12:25:00,903,14,0 days 16:05:00
12701,CST-MUMBAI,HYDERABAD DE,21:50:00,12:10:00,791,16,0 days 14:20:00
12702,HYDERABAD DE,CST-MUMBAI,14:45:00,04:55:00,793,17,0 days 14:10:00
12703,HOWRAH JN.,SECUNDERABAD,07:25:00,09:05:00,1549,26,1 days 01:40:00
12704,SECUNDERABAD,HOWRAH JN.,15:55:00,17:45:00,1548,27,1 days 01:50:00
12705,GUNTUR JN.,SECUNDERABAD,15:00:00,21:50:00,391,14,0 days 06:50:00
12706,SECUNDERABAD,GUNTUR JN.,07:40:00,14:25:00,390,14,0 days 06:45:00
12707,TIRUPATI,HAZRAT NIZAM,05:40:00,18:00:00,2292,20,1 days 12:20:00
12708,HAZRAT NIZAM,TIRUPATI,07:10:00,21:35:00,2294,20,1 days 14:25:00
12709,GUDUR JN.,SECUNDERABAD,18:50:00,05:40:00,651,17,0 days 10:50:00
12710,SECUNDERABAD,GUDUR JN.,22:55:00,09:15:00,650,17,0 days 10:20:00
12711,VIJAYWADA JN,CHENNAI CENT,06:00:00,13:00:00,430,14,0 days 07:00:00
12712,CHENNAI CENT,VIJAYWADA JN,14:05:00,21:10:00,429,14,0 days 07:05:00
12713,VIJAYWADA JN,SECUNDERABAD,06:25:00,11:55:00,358,9,0 days 05:30:00
12714,SECUNDERABAD,VIJAYWADA JN,16:15:00,22:10:00,358,9,0 days 05:55:00
12715,NANDED,AMRITSAR JN.,09:30:00,20:20:00,2056,37,1 days 10:50:00
12716,AMRITSAR JN.,NANDED,05:35:00,16:00:00,2059,36,1 days 10:25:00
12717,VISAKHAPATNA,VIJAYWADA JN,12:40:00,19:00:00,350,13,0 days 06:20:00
12718,VIJAYWADA JN,VISAKHAPATNA,06:05:00,12:10:00,350,13,0 days 06:05:00
12719,AJMER JN.,HYDERABAD DE,17:40:00,00:30:00,1718,21,1 days 06:50:00
12720,HYDERABAD DE,AJMER JN.,20:30:00,03:05:00,1720,21,1 days 06:35:00
12721,HYDERABAD DE,HAZRAT NIZAM,22:30:00,04:05:00,1662,46,1 days 05:35:00
12722,HAZRAT NIZAM,HYDERABAD DE,23:00:00,05:00:00,1662,46,1 days 06:00:00
12723,HYDERABAD DE,NEW DELHI,06:25:00,09:05:00,1669,18,1 days 02:40:00
12724,NEW DELHI,HYDERABAD DE,17:25:00,19:35:00,1669,16,1 days 02:10:00
12725,KRANTIVIRA S,DHARWAD,13:00:00,21:50:00,491,17,0 days 08:50:00
12726,DHARWAD,KRANTIVIRA S,05:15:00,14:05:00,488,17,0 days 08:50:00
12727,VISAKHAPATNA,HYDERABAD DE,17:25:00,06:15:00,718,21,0 days 12:50:00
12728,HYDERABAD DE,VISAKHAPATNA,17:15:00,05:50:00,719,21,0 days 12:35:00
12729,PUNE JN.,NANDED,22:00:00,10:00:00,658,13,0 days 12:00:00
12730,NANDED,PUNE JN.,21:20:00,09:20:00,658,13,0 days 12:00:00
12731,TIRUPATI,SECUNDERABAD,16:40:00,07:05:00,790,16,0 days 14:25:00
12732,SECUNDERABAD,TIRUPATI,20:05:00,10:35:00,790,16,0 days 14:30:00
12733,TIRUPATI,SECUNDERABAD,18:25:00,06:25:00,661,23,0 days 12:00:00
12734,SECUNDERABAD,TIRUPATI,18:05:00,06:05:00,661,23,0 days 12:00:00
12735,SECUNDERABAD,YESVANTPUR J,20:30:00,08:20:00,686,11,0 days 11:50:00
12736,YESVANTPUR J,SECUNDERABAD,16:45:00,05:00:00,686,11,0 days 12:15:00
12737,KAKINADA POR,SECUNDERABAD,20:20:00,06:35:00,575,21,0 days 10:15:00
12738,SECUNDERABAD,KAKINADA POR,21:15:00,07:30:00,575,21,0 days 10:15:00
12739,VISAKHAPATNA,SECUNDERABAD,20:30:00,08:10:00,708,12,0 days 11:40:00
12740,SECUNDERABAD,VISAKHAPATNA,20:30:00,07:40:00,708,12,0 days 11:10:00
12741,VASCO-DA-GAM,PATNA JN.,19:05:00,12:10:00,2243,21,1 days 17:05:00
12742,PATNA JN.,VASCO-DA-GAM,14:00:00,08:55:00,2238,20,1 days 18:55:00
12747,GUNTUR JN.,VIKRABAD JN.,05:45:00,12:10:00,353,15,0 days 06:25:00
12748,VIKRABAD JN.,GUNTUR JN.,13:45:00,20:00:00,353,15,0 days 06:15:00
12749,MACHILIPATNA,SECUNDERABAD,20:40:00,04:35:00,441,19,0 days 07:55:00
12750,SECUNDERABAD,MACHILIPATNA,22:30:00,06:25:00,438,19,0 days 07:55:00
12757,SECUNDERABAD,SIRPURKAGHAZ,08:20:00,13:40:00,305,14,0 days 05:20:00
12758,SIRPURKAGHAZ,SECUNDERABAD,15:05:00,20:25:00,305,14,0 days 05:20:00
12759,CHENNAI CENT,HYDERABAD DE,18:10:00,08:00:00,797,17,0 days 13:50:00
12760,HYDERABAD DE,CHENNAI CENT,18:30:00,08:15:00,798,17,0 days 13:45:00
12761,TIRUPATI,KARIM NAGAR,22:40:00,10:55:00,712,12,0 days 12:15:00
12762,KARIM NAGAR,TIRUPATI,19:15:00,08:10:00,710,12,0 days 12:55:00
12763,TIRUPATI,SECUNDERABAD,17:00:00,05:50:00,744,19,0 days 12:50:00
12764,SECUNDERABAD,TIRUPATI,18:30:00,07:00:00,743,19,0 days 12:30:00
12765,TIRUPATI,AMRAVATI,15:10:00,14:50:00,1305,24,0 days 23:40:00
12766,AMRAVATI,TIRUPATI,06:45:00,06:35:00,1305,24,0 days 23:50:00
12767,NANDED,SANTRAGACHI,15:15:00,19:15:00,1572,19,1 days 04:00:00
12768,SANTRAGACHI,NANDED,14:50:00,18:55:00,1578,19,1 days 04:05:00
12769,TIRUPATI,SECUNDERABAD,15:10:00,04:05:00,711,17,0 days 12:55:00
12770,SECUNDERABAD,TIRUPATI,17:40:00,06:35:00,711,17,0 days 12:55:00
12771,SECUNDERABAD,NAGPUR JN.(C,22:00:00,08:15:00,587,14,0 days 10:15:00
12772,NAGPUR JN.(C,SECUNDERABAD,22:00:00,08:25:00,586,14,0 days 10:25:00
12773,SHALIMAR,SECUNDERABAD,16:05:00,18:30:00,1590,16,1 days 02:25:00
12774,SECUNDERABAD,SHALIMAR,05:40:00,09:05:00,1589,16,1 days 03:25:00
12775,KAKINADA TOW,SECUNDERABAD,20:10:00,06:55:00,598,11,0 days 10:45:00
12776,SECUNDERABAD,KAKINADA TOW,20:45:00,07:25:00,598,11,0 days 10:40:00
12777,HUBLI JN.,KOCHUVELI,06:45:00,06:30:00,1295,22,0 days 23:45:00
12778,KOCHUVELI,HUBLI JN.,12:50:00,12:40:00,1297,22,0 days 23:50:00
12779,VASCO-DA-GAM,HAZRAT NIZAM,15:10:00,06:20:00,2148,29,1 days 15:10:00
12780,HAZRAT NIZAM,VASCO-DA-GAM,15:00:00,06:30:00,2151,29,1 days 15:30:00
12781,MYSORE JN.,HAZRAT NIZAM,20:10:00,17:10:00,2602,32,1 days 21:00:00
12782,HAZRAT NIZAM,MYSORE JN.,05:50:00,04:55:00,2602,32,1 days 23:05:00
12783,VISAKHAPATNA,SECUNDERABAD,18:55:00,07:40:00,710,15,0 days 12:45:00
12784,SECUNDERABAD,VISAKHAPATNA,17:55:00,06:50:00,708,15,0 days 12:55:00
12785,KACHEGUDA,KRANTIVIRA S,19:05:00,06:25:00,623,17,0 days 11:20:00
12786,KRANTIVIRA S,KACHEGUDA,18:20:00,05:40:00,623,16,0 days 11:20:00
12791,SECUNDERABAD,DANAPUR,10:00:00,18:55:00,1843,29,1 days 08:55:00
12792,DANAPUR,SECUNDERABAD,12:15:00,21:30:00,1840,28,1 days 09:15:00
12795,VIJAYWADA JN,SECUNDERABAD,17:30:00,22:50:00,314,4,0 days 05:20:00
12796,SECUNDERABAD,VIJAYWADA JN,05:30:00,10:45:00,314,4,0 days 05:15:00
12797,KACHEGUDA,CHITTOOR,20:05:00,08:55:00,707,22,0 days 12:50:00
12798,CHITTOOR,KACHEGUDA,17:30:00,06:20:00,707,24,0 days 12:50:00
12801,PURI,NEW DELHI,21:45:00,04:25:00,1860,32,1 days 06:40:00
12802,NEW DELHI,PURI,22:25:00,05:20:00,1860,31,1 days 06:55:00
12803,VISAKHAPATNA,HAZRAT NIZAM,08:20:00,17:10:00,2076,21,1 days 08:50:00
12804,HAZRAT NIZAM,VISAKHAPATNA,05:50:00,17:30:00,2076,21,1 days 11:40:00
12805,VISAKHAPATNA,SECUNDERABAD,06:15:00,18:45:00,688,21,0 days 12:30:00
12806,SECUNDERABAD,VISAKHAPATNA,07:10:00,19:40:00,689,21,0 days 12:30:00
12807,VISAKHAPATNA,HAZRAT NIZAM,06:25:00,16:45:00,1900,41,1 days 10:20:00
12808,HAZRAT NIZAM,VISAKHAPATNA,08:35:00,18:10:00,1895,40,1 days 09:35:00
12809,CST-MUMBAI,HOWRAH JN.,20:35:00,05:50:00,1972,44,1 days 09:15:00
12810,HOWRAH JN.,CST-MUMBAI,20:15:00,05:20:00,1979,42,1 days 09:05:00
12811,LOKMANYA TIL,HATIA,00:15:00,03:45:00,1701,18,1 days 03:30:00
12812,HATIA,LOKMANYA TIL,09:40:00,13:35:00,1709,18,1 days 03:55:00
12813,HOWRAH JN.,TATANAGAR JN,17:30:00,21:30:00,254,8,0 days 04:00:00
12814,TATANAGAR JN,HOWRAH JN.,06:15:00,10:20:00,253,9,0 days 04:05:00
12815,PURI,NEW DELHI,10:55:00,17:05:00,1794,29,1 days 06:10:00
12816,NEW DELHI,PURI,06:25:00,12:05:00,1788,29,1 days 05:40:00
12817,HATIA,ANAND VIHAR,14:40:00,13:55:00,1291,19,0 days 23:15:00
12818,ANAND VIHAR,HATIA,19:45:00,16:45:00,1294,19,0 days 21:00:00
12819,BHUBANESWAR,ANAND VIHAR,15:50:00,20:50:00,1774,13,1 days 05:00:00
12820,ANAND VIHAR,BHUBANESWAR,07:05:00,12:20:00,1774,13,1 days 05:15:00
12821,HOWRAH JN.,PURI,06:00:00,14:20:00,504,15,0 days 08:20:00
12822,PURI,HOWRAH JN.,11:45:00,20:15:00,503,16,0 days 08:30:00
12823,DURG,HAZRAT NIZAM,12:00:00,09:05:00,1255,12,0 days 21:05:00
12824,HAZRAT NIZAM,DURG,17:25:00,15:10:00,1266,12,0 days 21:45:00
12825,RANCHI,NEW DELHI,23:45:00,20:55:00,1297,9,0 days 21:10:00
12826,NEW DELHI,RANCHI,06:55:00,04:55:00,1300,9,0 days 22:00:00
12827,HOWRAH JN.,PURULIA JN.,16:50:00,22:20:00,323,14,0 days 05:30:00
12828,PURULIA JN.,HOWRAH JN.,05:30:00,11:20:00,323,15,0 days 05:50:00
12829,CHENNAI CENT,BHUBANESWAR,21:10:00,17:20:00,1222,21,0 days 20:10:00
12830,BHUBANESWAR,CHENNAI CENT,12:00:00,08:55:00,1222,21,0 days 20:55:00
12831,BOKARO STEEL,BHUBANESWAR,17:40:00,08:00:00,725,12,0 days 14:20:00
12832,BHUBANESWAR,BOKARO STEEL,20:15:00,09:30:00,722,12,0 days 13:15:00
12833,AHMEDABAD,HOWRAH JN.,00:15:00,13:30:00,2097,63,1 days 13:15:00
12834,HOWRAH JN.,AHMEDABAD,23:55:00,13:25:00,2098,64,1 days 13:30:00
12835,HATIA,YESVANTPUR J,18:25:00,05:00:00,1891,24,1 days 10:35:00
12836,YESVANTPUR J,HATIA,08:30:00,19:05:00,1891,25,1 days 10:35:00
12837,HOWRAH JN.,PURI,22:35:00,07:00:00,504,14,0 days 08:25:00
12838,PURI,HOWRAH JN.,20:20:00,04:50:00,503,14,0 days 08:30:00
12839,HOWRAH JN.,CHENNAI CENT,23:45:00,03:50:00,1664,35,1 days 04:05:00
12840,CHENNAI CENT,HOWRAH JN.,23:45:00,04:00:00,1663,36,1 days 04:15:00
12841,HOWRAH JN.,CHENNAI CENT,14:50:00,17:00:00,1664,15,1 days 02:10:00
12842,CHENNAI CENT,HOWRAH JN.,08:45:00,11:50:00,1663,17,1 days 03:05:00
12843,PURI,AHMEDABAD,17:30:00,07:25:00,2148,43,1 days 13:55:00
12844,AHMEDABAD,PURI,18:40:00,08:55:00,2141,43,1 days 14:15:00
12845,BHUBANESWAR,BANGALORE CA,07:30:00,10:50:00,1510,21,1 days 03:20:00
12846,BANGALORE CA,BHUBANESWAR,08:25:00,11:10:00,1510,21,1 days 02:45:00
12847,HOWRAH JN.,DIGHA FS,11:10:00,14:20:00,185,5,0 days 03:10:00
12848,DIGHA FS,HOWRAH JN.,15:30:00,18:40:00,186,5,0 days 03:10:00
12849,BILASPUR JN.,PUNE JN.,11:35:00,09:45:00,1312,18,0 days 22:10:00
12850,PUNE JN.,BILASPUR JN.,17:40:00,16:50:00,1305,18,0 days 23:10:00
12851,BILASPUR JN.,CHENNAI CENT,08:55:00,08:55:00,1412,17,1 days 00:00:00
12852,CHENNAI CENT,BILASPUR JN.,21:10:00,20:15:00,1409,17,0 days 23:05:00
12853,DURG,BHOPAL,18:20:00,10:30:00,889,31,0 days 16:10:00
12854,BHOPAL,DURG,15:40:00,07:55:00,897,31,0 days 16:15:00
12855,BILASPUR JN.,NAGPUR JN.(C,15:55:00,23:00:00,416,16,0 days 07:05:00
12856,NAGPUR JN.(C,BILASPUR JN.,06:30:00,13:40:00,405,17,0 days 07:10:00
12857,HOWRAH JN.,DIGHA FS,06:35:00,09:57:00,185,8,0 days 03:22:00
12858,DIGHA FS,HOWRAH JN.,10:25:00,13:50:00,186,8,0 days 03:25:00
12859,CST-MUMBAI,HOWRAH JN.,06:00:00,12:30:00,1972,27,1 days 06:30:00
12860,HOWRAH JN.,CST-MUMBAI,13:50:00,21:20:00,1979,26,1 days 07:30:00
12861,VISAKHAPATNA,KAZIPET JN.,15:05:00,01:10:00,578,18,0 days 10:05:00
12862,KAZIPET JN.,VISAKHAPATNA,02:40:00,13:30:00,576,19,0 days 10:50:00
12863,HOWRAH JN.,YESVANTPUR J,20:35:00,07:15:00,1959,35,1 days 10:40:00
12864,YESVANTPUR J,HOWRAH JN.,19:35:00,06:25:00,1959,36,1 days 10:50:00
12865,HOWRAH JN.,PURULIA JN.,08:30:00,14:10:00,344,9,0 days 05:40:00
12866,PURULIA JN.,HOWRAH JN.,14:40:00,20:30:00,343,9,0 days 05:50:00
12867,HOWRAH JN.,PONDICHERRY,23:30:00,08:50:00,1922,17,1 days 09:20:00
12868,PONDICHERRY,HOWRAH JN.,12:30:00,22:40:00,1922,16,1 days 10:10:00
12869,CST-MUMBAI,HOWRAH JN.,11:05:00,19:30:00,1972,20,1 days 08:25:00
12870,HOWRAH JN.,CST-MUMBAI,14:35:00,23:15:00,1979,19,1 days 08:40:00
12871,HOWRAH JN.,TITLA GARH J,06:55:00,20:15:00,745,31,0 days 13:20:00
12872,TITLA GARH J,HOWRAH JN.,05:15:00,18:50:00,746,31,0 days 13:35:00
12873,HATIA,ANAND VIHAR,13:40:00,13:55:00,1322,21,1 days 00:15:00
12874,ANAND VIHAR,HATIA,19:45:00,19:55:00,1325,21,1 days 00:10:00
12875,PURI,NEW DELHI,10:55:00,21:45:00,1911,42,1 days 10:50:00
12876,NEW DELHI,PURI,06:25:00,16:50:00,1912,41,1 days 10:25:00
12877,RANCHI,NEW DELHI,16:40:00,10:50:00,1333,15,0 days 18:10:00
12878,NEW DELHI,RANCHI,16:00:00,11:20:00,1336,15,0 days 19:20:00
12879,LOKMANYA TIL,BHUBANESWAR,00:15:00,07:15:00,1790,20,1 days 07:00:00
12880,BHUBANESWAR,LOKMANYA TIL,07:10:00,13:35:00,1798,20,1 days 06:25:00
12881,HOWRAH JN.,PURI,20:55:00,05:40:00,504,9,0 days 08:45:00
12882,PURI,HOWRAH JN.,22:15:00,07:05:00,503,9,0 days 08:50:00
12883,SANTRAGACHI,PURULIA JN.,06:25:00,11:50:00,322,12,0 days 05:25:00
12884,PURULIA JN.,HOWRAH JN.,15:35:00,21:15:00,330,13,0 days 05:40:00
12885,SHALIMAR,BHOJUDIH JN.,07:45:00,13:00:00,318,13,0 days 05:15:00
12886,BHOJUDIH JN.,SHALIMAR,13:20:00,19:00:00,317,13,0 days 05:40:00
12887,HOWRAH JN.,PURI,20:55:00,05:40:00,504,10,0 days 08:45:00
12888,PURI,HOWRAH JN.,22:15:00,07:05:00,503,11,0 days 08:50:00
12889,TATANAGAR JN,YESVANTPUR J,18:35:00,05:00:00,1890,26,1 days 10:25:00
12890,YESVANTPUR J,TATANAGAR JN,08:30:00,19:00:00,1893,24,1 days 10:30:00
12891,BANGRIPOSI,BHUBANESWAR,04:20:00,10:00:00,311,16,0 days 05:40:00
12892,BHUBANESWAR,BANGRIPOSI,17:10:00,22:50:00,311,16,0 days 05:40:00
12893,BHUBANESWAR,BALANGIR,06:45:00,13:40:00,395,16,0 days 06:55:00
12894,BALANGIR,BHUBANESWAR,14:30:00,21:40:00,395,16,0 days 07:10:00
12895,HOWRAH JN.,PURI,20:55:00,05:40:00,504,10,0 days 08:45:00
12896,PURI,HOWRAH JN.,22:15:00,07:05:00,503,11,0 days 08:50:00
12897,PONDICHERRY,BHUBANESWAR,18:35:00,18:40:00,1423,19,1 days 00:05:00
12898,BHUBANESWAR,PONDICHERRY,12:00:00,13:15:00,1423,19,1 days 01:15:00
12901,MUMBAI CENTR,AHMEDABAD,22:05:00,06:35:00,490,14,0 days 08:30:00
12902,AHMEDABAD,MUMBAI CENTR,22:00:00,06:25:00,490,14,0 days 08:25:00
12903,MUMBAI CENTR,AMRITSAR JN.,21:25:00,05:30:00,1885,34,1 days 08:05:00
12904,AMRITSAR JN.,MUMBAI CENTR,21:25:00,05:05:00,1888,35,1 days 07:40:00
12905,PORBANDAR,HOWRAH JN.,07:50:00,03:35:00,2559,30,1 days 19:45:00
12906,HOWRAH JN.,PORBANDAR,22:50:00,18:25:00,2566,30,1 days 19:35:00
12907,BANDRA TERMI,HAZRAT NIZAM,16:35:00,13:45:00,1355,5,0 days 21:10:00
12908,HAZRAT NIZAM,BANDRA TERMI,21:35:00,16:35:00,1358,5,0 days 19:00:00
12909,BANDRA TERMI,HAZRAT NIZAM,16:35:00,09:40:00,1355,9,0 days 17:05:00
12910,HAZRAT NIZAM,BANDRA TERMI,15:35:00,08:10:00,1358,9,0 days 16:35:00
12911,VALSAD,HARIDWAR JN,15:40:00,16:40:00,1427,16,1 days 01:00:00
12912,HARIDWAR JN,VALSAD,18:45:00,18:20:00,1430,16,0 days 23:35:00
12913,INDORE BG,NAGPUR JN.(C,20:35:00,08:25:00,650,14,0 days 11:50:00
12914,NAGPUR JN.(C,INDORE BG,19:00:00,06:50:00,650,14,0 days 11:50:00
12915,AHMEDABAD,DELHI JN.,18:30:00,10:10:00,930,20,0 days 15:40:00
12916,DELHI JN.,AHMEDABAD,15:20:00,07:40:00,933,20,0 days 16:20:00
12917,AHMEDABAD,HAZRAT NIZAM,17:05:00,10:40:00,1075,10,0 days 17:35:00
12918,HAZRAT NIZAM,AHMEDABAD,13:55:00,06:10:00,1077,10,0 days 16:15:00
12919,INDORE BG,SHRI MATA VA,12:25:00,18:25:00,1598,52,1 days 06:00:00
12920,SHRI MATA VA,INDORE BG,06:55:00,12:50:00,1601,51,1 days 05:55:00
12921,MUMBAI CENTR,SURAT,17:55:00,22:35:00,262,14,0 days 04:40:00
12922,SURAT,MUMBAI CENTR,05:25:00,10:10:00,262,14,0 days 04:45:00
12923,INDORE BG,NAGPUR JN.(C,21:25:00,08:25:00,606,12,0 days 11:00:00
12924,NAGPUR JN.(C,INDORE BG,19:00:00,05:40:00,606,12,0 days 10:40:00
12925,BANDRA TERMI,AMRITSAR JN.,12:00:00,19:20:00,1810,42,1 days 07:20:00
12926,AMRITSAR JN.,BANDRA TERMI,08:10:00,14:45:00,1813,41,1 days 06:35:00
12927,MUMBAI CENTR,VADODARA JN.,23:40:00,05:55:00,391,7,0 days 06:15:00
12928,VADODARA JN.,MUMBAI CENTR,22:30:00,04:45:00,391,7,0 days 06:15:00
12929,VALSAD,DAHOD,07:15:00,13:25:00,344,19,0 days 06:10:00
12930,DAHOD,VALSAD,14:50:00,21:05:00,344,19,0 days 06:15:00
12931,MUMBAI CENTR,AHMEDABAD,14:20:00,21:40:00,490,11,0 days 07:20:00
12932,AHMEDABAD,MUMBAI CENTR,06:00:00,13:00:00,490,11,0 days 07:00:00
12933,MUMBAI CENTR,AHMEDABAD,13:40:00,21:25:00,490,11,0 days 07:45:00
12934,AHMEDABAD,MUMBAI CENTR,04:55:00,12:35:00,490,10,0 days 07:40:00
12935,BANDRA TERMI,SURAT,06:50:00,11:10:00,251,10,0 days 04:20:00
12936,SURAT,BANDRA TERMI,16:05:00,20:25:00,251,10,0 days 04:20:00
12937,GANDHIDHAM J,HOWRAH JN.,17:40:00,13:05:00,2509,17,1 days 19:25:00
12938,HOWRAH JN.,GANDHIDHAM J,23:00:00,16:30:00,2508,17,1 days 17:30:00
12939,PUNE JN.,JAIPUR JN.,15:35:00,13:40:00,1289,13,0 days 22:05:00
12940,JAIPUR JN.,PUNE JN.,09:15:00,08:05:00,1290,12,0 days 22:50:00
12941,BHAVNAGAR TE,ASANSOL MAIN,17:30:00,10:20:00,2308,32,1 days 16:50:00
12942,ASANSOL MAIN,BHAVNAGAR TE,19:50:00,11:10:00,2308,32,1 days 15:20:00
12943,VALSAD,KANPUR CENTR,20:15:00,19:10:00,1301,12,0 days 22:55:00
12944,KANPUR CENTR,VALSAD,08:00:00,07:35:00,1301,12,0 days 23:35:00
12946,MAHUVA,SURAT,19:55:00,07:15:00,632,14,0 days 11:20:00
12947,AHMEDABAD,PATNA JN.,21:40:00,04:30:00,1754,19,1 days 06:50:00
12948,PATNA JN.,AHMEDABAD,23:35:00,05:20:00,1754,19,1 days 05:45:00
12949,PORBANDAR,SANTRAGACHI,08:10:00,08:05:00,2664,37,1 days 23:55:00
12950,SANTRAGACHI,PORBANDAR,21:25:00,20:30:00,2670,37,1 days 23:05:00
12951,MUMBAI CENTR,NEW DELHI,17:00:00,08:35:00,1373,8,0 days 15:35:00
12952,NEW DELHI,MUMBAI CENTR,16:25:00,08:15:00,1376,8,0 days 15:50:00
12953,MUMBAI CENTR,HAZRAT NIZAM,17:40:00,10:55:00,1366,13,0 days 17:15:00
12954,HAZRAT NIZAM,MUMBAI CENTR,16:50:00,09:45:00,1369,13,0 days 16:55:00
12955,MUMBAI CENTR,JAIPUR JN.,18:50:00,12:40:00,1157,19,0 days 17:50:00
12956,JAIPUR JN.,MUMBAI CENTR,14:00:00,07:40:00,1158,19,0 days 17:40:00
12957,AHMEDABAD,NEW DELHI,17:40:00,07:30:00,931,10,0 days 13:50:00
12958,NEW DELHI,AHMEDABAD,19:55:00,09:40:00,934,10,0 days 13:45:00
12959,DADAR,NEW BHUJ,00:05:00,17:50:00,972,20,0 days 17:45:00
12960,NEW BHUJ,DADAR,18:30:00,12:00:00,972,20,0 days 17:30:00
12961,MUMBAI CENTR,INDORE BG,19:10:00,09:15:00,831,19,0 days 14:05:00
12962,INDORE BG,MUMBAI CENTR,16:20:00,06:10:00,831,19,0 days 13:50:00
12963,HAZRAT NIZAM,UDAIPUR CITY,19:00:00,07:15:00,735,18,0 days 12:15:00
12964,UDAIPUR CITY,HAZRAT NIZAM,18:15:00,06:35:00,733,18,0 days 12:20:00
12967,CHENNAI CENT,JAIPUR JN.,17:40:00,06:15:00,2179,32,1 days 12:35:00
12968,JAIPUR JN.,CHENNAI CENT,19:35:00,09:45:00,2174,32,1 days 14:10:00
12969,COIMBATORE,JAIPUR JN.,09:20:00,06:15:00,2673,39,1 days 20:55:00
12970,JAIPUR JN.,COIMBATORE,19:35:00,18:00:00,2667,39,1 days 22:25:00
12971,BANDRA TERMI,BHAVNAGAR TE,21:30:00,10:30:00,778,20,0 days 13:00:00
12972,BHAVNAGAR TE,BANDRA TERMI,18:35:00,08:40:00,778,20,0 days 14:05:00
12973,INDORE BG,JAIPUR JN.,22:25:00,08:20:00,593,8,0 days 09:55:00
12974,JAIPUR JN.,INDORE BG,21:05:00,07:10:00,593,8,0 days 10:05:00
12975,MYSORE JN.,JAIPUR JN.,10:20:00,06:15:00,2483,42,1 days 19:55:00
12976,JAIPUR JN.,MYSORE JN.,19:35:00,15:45:00,2483,43,1 days 20:10:00
12977,ERNAKULAM. J,THIVIM,20:25:00,12:08:00,778,17,0 days 15:43:00
12979,BANDRA TERMI,JAIPUR JN.,15:50:00,10:45:00,1146,17,0 days 18:55:00
12980,JAIPUR JN.,BANDRA TERMI,20:25:00,14:20:00,1147,17,0 days 17:55:00
12981,DELHI-SARAI,UDAIPUR CITY,19:40:00,07:50:00,672,21,0 days 12:10:00
12982,UDAIPUR CITY,DELHI-SARAI,17:15:00,05:05:00,672,21,0 days 11:50:00
12983,AJMER JN.,CHANDIGARH,17:55:00,06:45:00,715,15,0 days 12:50:00
12984,CHANDIGARH,AJMER JN.,20:50:00,09:40:00,715,15,0 days 12:50:00
12985,JAIPUR JN.,DELHI-SARAI,06:00:00,10:30:00,302,6,0 days 04:30:00
12986,DELHI-SARAI,JAIPUR JN.,17:35:00,22:05:00,302,6,0 days 04:30:00
12987,SEALDAH,AJMER JN.,22:55:00,02:45:00,1637,22,1 days 03:50:00
12988,AJMER JN.,SEALDAH,12:50:00,16:00:00,1638,22,1 days 03:10:00
12989,DADAR,AJMER JN.,14:35:00,08:15:00,974,23,0 days 17:40:00
12990,AJMER JN.,DADAR,19:20:00,12:40:00,976,23,0 days 17:20:00
12991,UDAIPUR CITY,JAIPUR JN.,06:00:00,13:30:00,434,15,0 days 07:30:00
12992,JAIPUR JN.,UDAIPUR CITY,14:00:00,21:30:00,434,15,0 days 07:30:00
12993,GANDHIDHAM J,PURI,22:45:00,16:10:00,2288,27,1 days 17:25:00
12994,PURI,GANDHIDHAM J,19:45:00,13:00:00,2295,27,1 days 17:15:00
12995,BANDRA TERMI,UDAIPUR CITY,15:50:00,08:55:00,944,19,0 days 17:05:00
12996,UDAIPUR CITY,BANDRA TERMI,21:35:00,14:20:00,945,19,0 days 16:45:00
13005,HOWRAH JN.,AMRITSAR JN.,19:10:00,08:55:00,1906,57,1 days 13:45:00
13006,AMRITSAR JN.,HOWRAH JN.,18:40:00,07:20:00,1907,56,1 days 12:40:00
13007,HOWRAH JN.,SHRI GANGANA,09:35:00,07:00:00,1949,112,1 days 21:25:00
13008,SHRI GANGANA,HOWRAH JN.,21:00:00,19:30:00,1952,108,1 days 22:30:00
13009,HOWRAH JN.,DEHRA DUN,20:25:00,07:35:00,1558,77,1 days 11:10:00
13010,DEHRA DUN,HOWRAH JN.,20:00:00,06:55:00,1559,78,1 days 10:55:00
13011,HOWRAH JN.,MALDA TOWN,15:25:00,22:50:00,340,18,0 days 07:25:00
13012,MALDA TOWN,HOWRAH JN.,04:30:00,11:25:00,340,18,0 days 06:55:00
13013,BARDDHAMAN J,RAMPUR HAT,07:15:00,09:35:00,111,6,0 days 02:20:00
13014,RAMPUR HAT,BARDDHAMAN J,18:40:00,21:25:00,111,6,0 days 02:45:00
13015,HOWRAH JN.,BOLPUR,10:40:00,13:45:00,158,5,0 days 03:05:00
13016,BOLPUR,HOWRAH JN.,14:10:00,17:15:00,158,5,0 days 03:05:00
13017,HOWRAH JN.,AZIMGANJ JN.,06:05:00,12:00:00,275,15,0 days 05:55:00
13018,AZIMGANJ JN.,HOWRAH JN.,15:40:00,21:45:00,275,15,0 days 06:05:00
13019,HOWRAH JN.,KATHGODAM,21:45:00,09:25:00,1517,66,1 days 11:40:00
13020,KATHGODAM,HOWRAH JN.,21:55:00,12:40:00,1521,64,1 days 14:45:00
13021,HOWRAH JN.,RAXAUL JN.,15:45:00,08:25:00,691,42,0 days 16:40:00
13022,RAXAUL JN.,HOWRAH JN.,10:00:00,04:00:00,692,42,0 days 18:00:00
13023,HOWRAH JN.,GAYA JN.,19:50:00,11:15:00,658,33,0 days 15:25:00
13024,GAYA JN.,HOWRAH JN.,12:20:00,03:40:00,658,33,0 days 15:20:00
13027,HOWRAH JN.,AZIMGANJ JN.,22:40:00,04:20:00,275,11,0 days 05:40:00
13028,AZIMGANJ JN.,HOWRAH JN.,07:50:00,13:55:00,275,11,0 days 06:05:00
13033,HOWRAH JN.,KATIHAR JN.,21:25:00,09:45:00,419,49,0 days 12:20:00
13034,KATIHAR JN.,HOWRAH JN.,15:30:00,04:15:00,419,45,0 days 12:45:00
13043,HOWRAH JN.,RAXAUL JN.,22:50:00,15:45:00,697,19,0 days 16:55:00
13044,RAXAUL JN.,HOWRAH JN.,20:30:00,12:15:00,698,19,0 days 15:45:00
13049,HOWRAH JN.,AMRITSAR JN.,13:50:00,10:20:00,1908,111,1 days 20:30:00
13050,AMRITSAR JN.,HOWRAH JN.,18:10:00,15:45:00,1909,106,1 days 21:35:00
13053,HOWRAH JN.,SIURI,08:35:00,13:50:00,210,6,0 days 05:15:00
13054,SIURI,HOWRAH JN.,17:30:00,22:40:00,210,6,0 days 05:10:00
13063,HOWRAH JN.,BALURGHAT,07:55:00,19:30:00,403,12,0 days 11:35:00
13064,BALURGHAT,HOWRAH JN.,20:30:00,06:15:00,424,12,0 days 09:45:00
13071,HOWRAH JN.,JAMALPUR JN.,21:35:00,07:10:00,472,21,0 days 09:35:00
13072,JAMALPUR JN.,HOWRAH JN.,19:30:00,05:30:00,472,21,0 days 10:00:00
13103,SEALDAH,LALGOLA,18:20:00,22:55:00,229,14,0 days 04:35:00
13104,LALGOLA,SEALDAH,05:35:00,10:25:00,229,14,0 days 04:50:00
13105,SEALDAH,BALLIA,13:20:00,06:10:00,680,30,0 days 16:50:00
13106,BALLIA,SEALDAH,08:50:00,03:35:00,681,30,0 days 18:45:00
13109,KOLKATA,GEDE,07:10:00,09:25:00,112,2,0 days 02:15:00
13110,GEDE,KOLKATA,13:45:00,16:00:00,112,2,0 days 02:15:00
13113,KOLKATA,LALGOLA,06:50:00,11:20:00,222,12,0 days 04:30:00
13114,LALGOLA,KOLKATA,16:20:00,21:25:00,222,12,0 days 05:05:00
13117,KOLKATA,LALGOLA,16:10:00,20:45:00,222,11,0 days 04:35:00
13118,LALGOLA,KOLKATA,06:40:00,11:20:00,222,11,0 days 04:40:00
13119,SEALDAH,ANAND VIHAR,21:15:00,11:40:00,1627,89,1 days 14:25:00
13120,ANAND VIHAR,SEALDAH,18:15:00,10:55:00,1627,91,1 days 16:40:00
13121,KOLKATA,GHAZIPUR CIT,20:05:00,10:30:00,740,16,0 days 14:25:00
13122,GHAZIPUR CIT,KOLKATA,14:10:00,05:15:00,741,16,0 days 15:05:00
13129,KOLKATA,PETRAPOLE,07:10:00,08:55:00,78,2,0 days 01:45:00
13130,PETRAPOLE,KOLKATA,16:20:00,18:10:00,78,2,0 days 01:50:00
13131,KOLKATA,PATNA JN.,19:50:00,09:45:00,545,44,0 days 13:55:00
13132,PATNA JN.,KOLKATA,17:10:00,07:30:00,546,45,0 days 14:20:00
13133,SEALDAH,VARANASI JN.,21:15:00,21:40:00,871,82,1 days 00:25:00
13134,VARANASI JN.,SEALDAH,08:40:00,10:55:00,871,84,1 days 02:15:00
13135,KOLKATA,JAYNAGAR,20:55:00,10:55:00,618,17,0 days 14:00:00
13136,JAYNAGAR,KOLKATA,12:40:00,03:45:00,619,17,0 days 15:05:00
13137,KOLKATA,AZAMGARH,11:25:00,06:05:00,785,22,0 days 18:40:00
13138,AZAMGARH,KOLKATA,08:00:00,03:45:00,786,22,0 days 19:45:00
13141,SEALDAH,NEW ALIPURDU,13:40:00,07:15:00,716,34,0 days 17:35:00
13142,NEW ALIPURDU,SEALDAH,11:45:00,04:35:00,716,34,0 days 16:50:00
13145,KOLKATA,RADHIKAPUR,19:30:00,06:50:00,473,20,0 days 11:20:00
13146,RADHIKAPUR,KOLKATA,17:50:00,05:35:00,473,20,0 days 11:45:00
13147,SEALDAH,NEW COOCH BE,19:35:00,09:40:00,692,24,0 days 14:05:00
13148,NEW COOCH BE,SEALDAH,15:25:00,05:10:00,692,24,0 days 13:45:00
13149,SEALDAH,ALIPUR DUAR,20:30:00,12:10:00,734,25,0 days 15:40:00
13150,ALIPUR DUAR,SEALDAH,15:30:00,08:15:00,734,25,0 days 16:45:00
13151,KOLKATA,JAMMU TAWI,11:45:00,09:10:00,1978,96,1 days 21:25:00
13152,JAMMU TAWI,KOLKATA,18:55:00,15:45:00,1979,97,1 days 20:50:00
13153,SEALDAH,MALDA TOWN,22:15:00,06:00:00,350,14,0 days 07:45:00
13154,MALDA TOWN,SEALDAH,21:35:00,05:20:00,350,15,0 days 07:45:00
13155,KOLKATA,SITAMARHI,20:55:00,11:00:00,618,19,0 days 14:05:00
13156,SITAMARHI,KOLKATA,12:55:00,03:45:00,618,19,0 days 14:50:00
13157,KOLKATA,MUZAFFARPUR,20:55:00,09:15:00,564,14,0 days 12:20:00
13158,MUZAFFARPUR,KOLKATA,14:40:00,03:45:00,565,14,0 days 13:05:00
13159,KOLKATA,JOGBANI,20:55:00,11:05:00,542,16,0 days 14:10:00
13160,JOGBANI,KOLKATA,14:35:00,03:20:00,542,16,0 days 12:45:00
13161,KOLKATA,BALURGHAT,12:55:00,22:35:00,427,12,0 days 09:40:00
13162,BALURGHAT,KOLKATA,05:30:00,14:25:00,426,12,0 days 08:55:00
13163,SEALDAH,SAHARSA JN.,20:10:00,12:35:00,589,33,0 days 16:25:00
13164,SAHARSA JN.,SEALDAH,14:20:00,07:15:00,589,33,0 days 16:55:00
13165,KOLKATA,SITAMARHI,22:45:00,13:00:00,606,15,0 days 14:15:00
13166,SITAMARHI,KOLKATA,22:25:00,12:25:00,618,15,0 days 14:00:00
13167,KOLKATA,AGRA CANTT,12:10:00,16:35:00,1462,22,1 days 04:25:00
13168,AGRA CANTT,KOLKATA,04:40:00,08:45:00,1463,22,1 days 04:05:00
13169,SEALDAH,SAHARSA JN.,20:10:00,12:35:00,569,27,0 days 16:25:00
13170,SAHARSA JN.,SEALDAH,14:20:00,07:15:00,568,27,0 days 16:55:00
13185,SEALDAH,JAYNAGAR,17:45:00,08:50:00,625,22,0 days 15:05:00
13186,JAYNAGAR,SEALDAH,16:35:00,06:55:00,626,21,0 days 14:20:00
13187,SEALDAH,RAMPUR HAT,07:20:00,12:15:00,228,10,0 days 04:55:00
13188,RAMPUR HAT,SEALDAH,14:05:00,18:45:00,228,10,0 days 04:40:00
13201,RAJENDRANAGA,LOKMANYA TIL,23:45:00,11:30:00,1698,67,1 days 11:45:00
13202,LOKMANYA TIL,RAJENDRANAGA,22:15:00,09:55:00,1699,63,1 days 11:40:00
13205,SAHARSA JN.,DANAPUR,23:00:00,06:15:00,223,9,0 days 07:15:00
13206,DANAPUR,SAHARSA JN.,09:00:00,14:50:00,223,9,0 days 05:50:00
13225,JAYNAGAR,RAJENDRANAGA,10:45:00,20:00:00,264,20,0 days 09:15:00
13226,RAJENDRANAGA,JAYNAGAR,07:10:00,15:05:00,264,20,0 days 07:55:00
13233,RAJGIR,DANAPUR,16:30:00,20:25:00,108,15,0 days 03:55:00
13234,DANAPUR,RAJGIR,07:40:00,11:45:00,108,15,0 days 04:05:00
13235,SAHIBGANJ,DANAPUR,14:25:00,23:35:00,305,29,0 days 09:10:00
13236,DANAPUR,SAHIBGANJ,04:55:00,13:05:00,305,29,0 days 08:10:00
13237,PATNA JN.,KOTA,11:50:00,12:55:00,1245,28,1 days 01:05:00
13238,KOTA,PATNA JN.,14:50:00,17:30:00,1246,28,1 days 02:40:00
13239,PATNA JN.,KOTA,11:50:00,12:55:00,1198,24,1 days 01:05:00
13240,KOTA,PATNA JN.,14:50:00,17:30:00,1199,24,1 days 02:40:00
13241,BANKA,RAJENDRANAGA,07:35:00,15:00:00,271,21,0 days 07:25:00
13242,RAJENDRANAGA,BANKA,23:55:00,06:50:00,271,21,0 days 06:55:00
13243,PATNA JN.,BHABUA ROAD,17:45:00,23:35:00,242,24,0 days 05:50:00
13244,BHABUA ROAD,PATNA JN.,04:15:00,10:15:00,242,24,0 days 06:00:00
13245,NEW JALPAIGU,RAJENDRANAGA,14:40:00,03:20:00,487,32,0 days 12:40:00
13246,RAJENDRANAGA,NEW JALPAIGU,23:15:00,11:30:00,485,35,0 days 12:15:00
13247,KAMAKHYA JN,RAJENDRANAGA,05:00:00,03:20:00,969,41,0 days 22:20:00
13248,RAJENDRANAGA,KAMAKHYA JN,23:15:00,21:55:00,967,44,0 days 22:40:00
13249,PATNA JN.,BHABUA ROAD,05:05:00,10:10:00,193,12,0 days 05:05:00
13250,BHABUA ROAD,PATNA JN.,10:50:00,16:45:00,193,12,0 days 05:55:00
13257,DANAPUR,ANAND VIHAR,15:45:00,10:40:00,971,8,0 days 18:55:00
13258,ANAND VIHAR,DANAPUR,13:30:00,07:30:00,971,8,0 days 18:00:00
13287,DURG,RAJENDRANAGA,07:25:00,07:45:00,1112,51,2 days 00:20:00
13288,RAJENDRANAGA,DURG,20:25:00,20:40:00,1113,52,1 days 00:15:00
13301,DHANBAD JN.,TATANAGAR JN,05:35:00,11:25:00,198,12,0 days 05:50:00
13302,TATANAGAR JN,DHANBAD JN.,13:20:00,18:45:00,197,12,0 days 05:25:00
13303,DHANBAD JN.,RANCHI,05:10:00,12:00:00,295,10,0 days 06:50:00
13304,RANCHI,DHANBAD JN.,16:00:00,23:05:00,292,10,0 days 07:05:00
13305,DHANBAD JN.,GAYA JN.,06:00:00,09:55:00,198,17,0 days 03:55:00
13306,GAYA JN.,DHANBAD JN.,17:40:00,21:40:00,198,17,0 days 04:00:00
13307,DHANBAD JN.,FIROZPUR CAN,21:20:00,10:15:00,1600,74,1 days 12:55:00
13308,FIROZPUR CAN,DHANBAD JN.,18:25:00,04:55:00,1600,71,1 days 10:30:00
13319,DEOGHAR,RANCHI,04:45:00,12:50:00,331,20,0 days 08:05:00
13320,RANCHI,DEOGHAR,13:25:00,21:55:00,328,20,0 days 08:30:00
13329,DHANBAD JN.,PATNA JN.,23:10:00,05:30:00,290,11,0 days 06:20:00
13330,PATNA JN.,DHANBAD JN.,23:15:00,05:20:00,290,11,0 days 06:05:00
13331,DHANBAD JN.,PATNA JN.,08:10:00,18:30:00,367,22,0 days 10:20:00
13332,PATNA JN.,DHANBAD JN.,08:25:00,16:35:00,367,22,0 days 08:10:00
13345,VARANASI JN.,SINGRAULI,14:10:00,20:50:00,208,9,0 days 06:40:00
13346,SINGRAULI,VARANASI JN.,05:45:00,13:00:00,208,9,0 days 07:15:00
13347,BARKAKANA,PATNA JN.,18:10:00,08:10:00,493,32,0 days 14:00:00
13348,PATNA JN.,BARKAKANA,19:30:00,07:45:00,493,32,0 days 12:15:00
13351,DHANBAD JN.,ALLEPPEY,10:30:00,19:25:00,2535,96,2 days 08:55:00
13352,ALLEPPEY,DHANBAD JN.,05:55:00,13:30:00,2534,97,2 days 07:35:00
13401,BHAGALPUR,DANAPUR,05:35:00,12:40:00,230,28,0 days 07:05:00
13402,DANAPUR,BHAGALPUR,16:00:00,22:25:00,230,28,0 days 06:25:00
13403,RANCHI,BHAGALPUR,19:15:00,10:10:00,572,26,0 days 14:55:00
13404,BHAGALPUR,RANCHI,19:05:00,08:40:00,575,26,0 days 13:35:00
13409,MALDA TOWN,JAMALPUR JN.,05:40:00,11:10:00,231,17,0 days 05:30:00
13410,JAMALPUR JN.,MALDA TOWN,15:15:00,21:00:00,231,17,0 days 05:45:00
13413,MALDA TOWN,DELHI JN.,19:10:00,04:40:00,1399,63,1 days 09:30:00
13414,DELHI JN.,MALDA TOWN,21:40:00,07:05:00,1399,61,1 days 09:25:00
13415,MALDA TOWN,PATNA JN.,20:30:00,06:00:00,399,18,0 days 09:30:00
13416,PATNA JN.,MALDA TOWN,21:50:00,08:20:00,399,18,0 days 10:30:00
13417,DIGHA FS,MALDA TOWN,23:55:00,14:25:00,659,16,0 days 14:30:00
13418,MALDA TOWN,DIGHA FS,07:50:00,22:40:00,660,16,0 days 14:50:00
13419,BHAGALPUR,MUZAFFARPUR,14:05:00,20:40:00,239,18,0 days 06:35:00
13420,MUZAFFARPUR,BHAGALPUR,23:05:00,06:00:00,239,18,0 days 06:55:00
13421,NABADWIP DHA,MALDA TOWN,04:40:00,09:30:00,224,11,0 days 04:50:00
13422,MALDA TOWN,NABADWIP DHA,15:50:00,20:55:00,224,11,0 days 05:05:00
13423,BHAGALPUR,AJMER JN.,13:05:00,23:55:00,1748,18,1 days 10:50:00
13424,AJMER JN.,BHAGALPUR,05:55:00,17:30:00,1749,18,1 days 11:35:00
13425,MALDA TOWN,SURAT,12:30:00,04:50:00,2141,30,1 days 16:20:00
13426,SURAT,MALDA TOWN,12:50:00,06:15:00,2130,30,1 days 17:25:00
13429,MALDA TOWN,ANAND VIHAR,09:05:00,14:35:00,1405,24,1 days 05:30:00
13430,ANAND VIHAR,MALDA TOWN,17:10:00,23:50:00,1405,24,1 days 06:40:00
13465,HOWRAH JN.,MALDA TOWN,15:15:00,22:20:00,329,15,0 days 07:05:00
13466,MALDA TOWN,HOWRAH JN.,06:10:00,12:50:00,329,15,0 days 06:40:00
13483,MALDA TOWN,DELHI JN.,19:10:00,04:40:00,1447,65,1 days 09:30:00
13484,DELHI JN.,MALDA TOWN,21:40:00,07:05:00,1447,63,1 days 09:25:00
13501,HALDIA,ASANSOL MAIN,14:00:00,20:35:00,330,18,0 days 06:35:00
13502,ASANSOL MAIN,HALDIA,05:40:00,12:15:00,323,18,0 days 06:35:00
13505,DIGHA FS,ASANSOL MAIN,14:30:00,22:30:00,379,14,0 days 08:00:00
13506,ASANSOL MAIN,DIGHA FS,05:40:00,13:40:00,372,14,0 days 08:00:00
13507,ASANSOL MAIN,GORAKHPUR JN,16:15:00,05:50:00,641,15,0 days 13:35:00
13508,GORAKHPUR JN,ASANSOL MAIN,20:55:00,11:15:00,643,15,0 days 14:20:00
13509,ASANSOL MAIN,GONDA JN.,16:15:00,13:00:00,859,24,0 days 20:45:00
13510,GONDA JN.,ASANSOL MAIN,15:00:00,11:15:00,861,22,0 days 20:15:00
13511,TATANAGAR JN,ASANSOL MAIN,13:00:00,16:30:00,166,9,0 days 03:30:00
13512,ASANSOL MAIN,TATANAGAR JN,09:05:00,12:25:00,166,9,0 days 03:20:00
14001,DELHI JN.,ATARI JN,23:10:00,07:15:00,471,2,0 days 08:05:00
14002,ATARI JN,DELHI JN.,20:00:00,03:20:00,471,2,0 days 07:20:00
14003,MALDA TOWN,NEW DELHI,09:05:00,14:40:00,1418,23,1 days 05:35:00
14004,NEW DELHI,MALDA TOWN,18:00:00,23:50:00,1418,23,1 days 05:50:00
14005,SITAMARHI,ANAND VIHAR,02:35:00,04:35:00,1182,41,1 days 02:00:00
14006,ANAND VIHAR,SITAMARHI,15:10:00,20:30:00,1183,43,1 days 05:20:00
14007,RAXAUL JN.,ANAND VIHAR,23:55:00,04:45:00,1235,34,1 days 04:50:00
14008,ANAND VIHAR,RAXAUL JN.,16:25:00,22:00:00,1236,34,1 days 05:35:00
14011,DELHI JN.,HOSHIARPUR,21:00:00,05:20:00,410,9,0 days 08:20:00
14012,HOSHIARPUR,DELHI JN.,22:10:00,07:10:00,410,9,0 days 09:00:00
14013,SULTANPUR JN,ANAND VIHAR,15:30:00,04:45:00,627,15,0 days 13:15:00
14014,ANAND VIHAR,SULTANPUR JN,16:25:00,06:30:00,627,15,0 days 14:05:00
14015,RAXAUL JN.,ANAND VIHAR,00:20:00,04:45:00,1218,35,1 days 04:25:00
14016,ANAND VIHAR,RAXAUL JN.,16:25:00,21:30:00,1219,36,1 days 05:05:00
14017,RAXAUL JN.,ANAND VIHAR,23:55:00,04:45:00,1282,36,1 days 04:50:00
14018,ANAND VIHAR,RAXAUL JN.,16:25:00,22:00:00,1283,36,1 days 05:35:00
14019,AGARTALA,ANAND VIHAR,14:00:00,12:50:00,2478,18,1 days 22:50:00
14020,ANAND VIHAR,AGARTALA,23:55:00,00:30:00,2479,18,2 days 00:35:00
14021,DELHI-SARAI,SIKAR JN.,22:25:00,05:45:00,291,18,0 days 07:20:00
14022,SIKAR JN.,DELHI-SARAI,22:15:00,05:40:00,291,18,0 days 07:25:00
14033,DELHI JN.,SHRI MATA VA,20:10:00,11:05:00,653,32,0 days 14:55:00
14034,SHRI MATA VA,DELHI JN.,14:35:00,05:45:00,653,30,0 days 15:10:00
14035,DELHI JN.,PATHANKOT JN,22:45:00,08:20:00,495,19,0 days 09:35:00
14036,PATHANKOT JN,DELHI JN.,23:20:00,10:25:00,495,20,0 days 11:05:00
14041,DELHI-SARAI,DEHRA DUN,21:30:00,08:30:00,338,20,0 days 11:00:00
14042,DEHRA DUN,DELHI-SARAI,21:20:00,08:30:00,338,20,0 days 11:10:00
14043,KOTDWARA,DELHI JN.,15:10:00,22:20:00,237,13,0 days 07:10:00
14044,DELHI JN.,KOTDWARA,07:20:00,14:30:00,237,13,0 days 07:10:00
14055,DIBRUGARH,DELHI JN.,23:25:00,06:05:00,2578,62,2 days 06:40:00
14056,DELHI JN.,DIBRUGARH,23:40:00,04:25:00,2579,61,2 days 04:45:00
14085,TILAK BRIDGE,SIRSA,18:00:00,00:40:00,263,20,0 days 06:40:00
14086,SIRSA,TILAK BRIDGE,03:30:00,09:58:00,263,20,0 days 06:28:00
14095,DELHI-SARAI,KALKA,05:35:00,11:10:00,269,14,0 days 05:35:00
14096,KALKA,DELHI-SARAI,16:55:00,22:40:00,269,15,0 days 05:45:00
14101,PRAYAG JN.,KANPUR CENTR,16:35:00,20:50:00,208,13,0 days 04:15:00
14102,KANPUR CENTR,PRAYAG JN.,09:40:00,14:40:00,208,13,0 days 05:00:00
14109,CHITRAKUTDHA,KANPUR CENTR,15:00:00,20:05:00,213,12,0 days 05:05:00
14110,KANPUR CENTR,CHITRAKUTDHA,10:10:00,14:35:00,213,12,0 days 04:25:00
14113,ALIGARH JN.,DEHRA DUN,03:30:00,13:10:00,360,15,0 days 09:40:00
14114,DEHRA DUN,ALIGARH JN.,13:20:00,22:25:00,360,16,0 days 09:05:00
14115,ALLAHABAD JN,HARIDWAR JN,23:45:00,13:45:00,724,15,0 days 14:00:00
14116,HARIDWAR JN,ALLAHABAD JN,16:05:00,07:05:00,724,15,0 days 15:00:00
14117,ALLAHABAD JN,BASTI,04:30:00,11:20:00,263,10,0 days 06:50:00
14118,BASTI,ALLAHABAD JN,13:30:00,20:30:00,263,10,0 days 07:00:00
14119,KATHGODAM,DEHRA DUN,19:45:00,04:20:00,335,11,0 days 08:35:00
14120,DEHRA DUN,KATHGODAM,22:55:00,07:10:00,335,11,0 days 08:15:00
14123,PARTAPGARH J,KANPUR CENTR,04:35:00,09:40:00,246,15,0 days 05:05:00
14124,KANPUR CENTR,PARTAPGARH J,17:35:00,23:00:00,246,15,0 days 05:25:00
14125,ALLAHABAD JN,MANKAPUR JN.,18:15:00,01:05:00,202,15,0 days 06:50:00
14126,MANKAPUR JN.,ALLAHABAD JN,02:45:00,08:40:00,202,15,0 days 05:55:00
14151,KANPUR CENTR,ANAND VIHAR,07:50:00,18:20:00,429,13,0 days 10:30:00
14152,ANAND VIHAR,KANPUR CENTR,19:45:00,07:30:00,478,13,0 days 11:45:00
14163,ALLAHABAD JN,MEERUT CITY,17:45:00,06:40:00,629,30,0 days 12:55:00
14164,MEERUT CITY,ALLAHABAD JN,19:00:00,08:10:00,629,24,0 days 13:10:00
14201,JAUNPUR JN.,RAE BARELI J,16:20:00,21:40:00,197,11,0 days 05:20:00
14202,RAE BARELI J,JAUNPUR JN.,06:45:00,12:05:00,197,11,0 days 05:20:00
14203,VARANASI JN.,LUCKNOW JN.,16:20:00,22:10:00,301,14,0 days 05:50:00
14204,LUCKNOW JN.,VARANASI JN.,07:00:00,13:30:00,301,14,0 days 06:30:00
14205,FAIZABAD JN.,DELHI JN.,17:25:00,05:40:00,614,11,0 days 12:15:00
14206,DELHI JN.,FAIZABAD JN.,18:25:00,07:20:00,614,11,0 days 12:55:00
14207,PARTAPGARH J,DELHI JN.,17:00:00,06:45:00,659,16,0 days 13:45:00
14208,DELHI JN.,PARTAPGARH J,19:50:00,08:20:00,659,16,0 days 12:30:00
14209,PRAYAG JN.,LUCKNOW JN.,15:40:00,19:25:00,194,8,0 days 03:45:00
14210,LUCKNOW JN.,PRAYAG JN.,07:30:00,11:30:00,194,8,0 days 04:00:00
14211,AGRA CANTT,NEW DELHI,06:00:00,10:20:00,188,18,0 days 04:20:00
14212,NEW DELHI,AGRA CANTT,17:35:00,22:05:00,191,18,0 days 04:30:00
14213,VARANASI JN.,GONDA JN.,14:15:00,20:15:00,254,12,0 days 06:00:00
14214,GONDA JN.,VARANASI JN.,06:55:00,13:40:00,255,12,0 days 06:45:00
14215,ALLAHABAD JN,LUCKNOW JN.,06:00:00,10:10:00,200,11,0 days 04:10:00
14216,LUCKNOW JN.,ALLAHABAD JN,18:00:00,22:25:00,200,11,0 days 04:25:00
14217,PRAYAG JN.,CHANDIGARH,14:05:00,09:25:00,875,41,0 days 19:20:00
14218,CHANDIGARH,PRAYAG JN.,16:40:00,10:55:00,875,40,0 days 18:15:00
14219,VARANASI JN.,LUCKNOW JN.,05:10:00,11:25:00,301,12,0 days 06:15:00
14220,LUCKNOW JN.,VARANASI JN.,12:55:00,20:25:00,301,12,0 days 07:30:00
14221,FAIZABAD JN.,KANPUR ANWAR,05:05:00,10:20:00,203,9,0 days 05:15:00
14222,KANPUR ANWAR,FAIZABAD JN.,12:55:00,18:00:00,203,9,0 days 05:05:00
14227,VARANASI JN.,LUCKNOW JN.,04:45:00,09:50:00,276,13,0 days 05:05:00
14228,LUCKNOW JN.,VARANASI JN.,17:50:00,23:30:00,276,12,0 days 05:40:00
14235,VARANASI JN.,BAREILLY JN.,23:40:00,14:20:00,558,48,0 days 14:40:00
14236,BAREILLY JN.,VARANASI JN.,15:35:00,06:50:00,558,45,0 days 15:15:00
14257,VARANASI JN.,NEW DELHI,14:00:00,06:15:00,793,32,0 days 16:15:00
14258,NEW DELHI,VARANASI JN.,11:35:00,04:35:00,793,34,0 days 17:00:00
14260,LUCKNOW JN.,MUGHAL SARAI,23:35:00,06:35:00,319,8,0 days 07:00:00
14265,VARANASI JN.,DEHRA DUN,08:25:00,06:30:00,845,49,0 days 22:05:00
14266,DEHRA DUN,VARANASI JN.,18:15:00,15:35:00,845,51,0 days 21:20:00
14307,PRAYAG JN.,BAREILLY JN.,22:15:00,10:55:00,460,41,0 days 12:40:00
14308,BAREILLY JN.,PRAYAG JN.,17:15:00,05:35:00,460,40,0 days 12:20:00
14309,UJJAIN JN,DEHRA DUN,15:00:00,19:40:00,1226,30,1 days 04:40:00
14310,DEHRA DUN,UJJAIN JN,05:50:00,09:05:00,1228,30,1 days 03:15:00
14311,BAREILLY JN.,NEW BHUJ,06:00:00,14:00:00,1543,46,1 days 08:00:00
14312,NEW BHUJ,BAREILLY JN.,12:40:00,20:35:00,1540,45,1 days 07:55:00
14313,LOKMANYA TIL,BAREILLY JN.,08:05:00,15:30:00,1592,26,1 days 07:25:00
14314,BAREILLY JN.,LOKMANYA TIL,11:00:00,20:00:00,1591,27,1 days 09:00:00
14315,BAREILLY JN.,NEW DELHI,04:35:00,10:15:00,257,16,0 days 05:40:00
14316,NEW DELHI,BAREILLY JN.,16:35:00,21:50:00,257,16,0 days 05:15:00
14317,INDORE BG,DEHRA DUN,15:00:00,19:40:00,1165,30,1 days 04:40:00
14318,DEHRA DUN,INDORE BG,05:50:00,06:40:00,1168,30,1 days 00:50:00
14319,INDORE BG,BAREILLY JN.,16:50:00,15:30:00,1021,19,0 days 22:40:00
14320,BAREILLY JN.,INDORE BG,11:00:00,11:05:00,1020,19,1 days 00:05:00
14321,BAREILLY JN.,NEW BHUJ,06:00:00,09:30:00,1409,46,1 days 03:30:00
14322,NEW BHUJ,BAREILLY JN.,17:05:00,20:35:00,1407,45,1 days 03:30:00
14323,NEW DELHI,ROHTAK JN.,10:35:00,12:55:00,71,6,0 days 02:20:00
14324,ROHTAK JN.,NEW DELHI,14:15:00,16:00:00,71,6,0 days 01:45:00
14369,SINGRAULI,BAREILLY JN.,16:20:00,12:35:00,722,36,0 days 20:15:00
14370,BAREILLY JN.,SINGRAULI,12:10:00,07:35:00,722,36,0 days 19:25:00
14371,BARWADIH JN,CHOPAN,13:00:00,17:15:00,201,10,0 days 04:15:00
14372,CHOPAN,BARWADIH JN,05:55:00,10:45:00,201,10,0 days 04:50:00
14501,BATHINDA JN,JAMMU TAWI,20:50:00,07:25:00,523,13,0 days 10:35:00
14502,JAMMU TAWI,BATHINDA JN,23:15:00,10:20:00,523,13,0 days 11:05:00
14503,KALKA,SHRI MATA VA,19:00:00,04:35:00,479,10,0 days 09:35:00
14504,SHRI MATA VA,KALKA,21:20:00,07:50:00,479,10,0 days 10:30:00
14505,AMRITSAR JN.,NANGAL DAM,14:05:00,19:50:00,286,11,0 days 05:45:00
14506,NANGAL DAM,AMRITSAR JN.,07:25:00,13:20:00,286,12,0 days 05:55:00
14511,ALLAHABAD JN,SAHARANPUR J,17:40:00,11:55:00,773,29,0 days 18:15:00
14512,SAHARANPUR J,ALLAHABAD JN,16:50:00,09:55:00,773,28,0 days 17:05:00
14519,DELHI JN.,BATHINDA JN,14:50:00,22:20:00,335,19,0 days 07:30:00
14520,BATHINDA JN,DELHI JN.,06:55:00,14:10:00,335,19,0 days 07:15:00
14521,DELHI JN.,AMBALA CANTT,13:10:00,18:45:00,261,14,0 days 05:35:00
14522,AMBALA CANTT,DELHI JN.,05:40:00,11:40:00,261,14,0 days 06:00:00
14523,BARAUNI JN.,AMBALA CANTT,05:00:00,07:55:00,1295,21,1 days 02:55:00
14524,AMBALA CANTT,BARAUNI JN.,22:45:00,02:10:00,1296,21,1 days 03:25:00
14525,AMBALA CANTT,SHRI GANGANA,05:15:00,12:00:00,314,15,0 days 06:45:00
14526,SHRI GANGANA,AMBALA CANTT,14:00:00,20:55:00,314,15,0 days 06:55:00
14545,FARUKHNAGAR,SAHARANPUR J,13:10:00,21:25:00,212,27,0 days 08:15:00
14546,SAHARANPUR J,FARUKHNAGAR,06:05:00,12:40:00,203,27,0 days 06:35:00
14553,DELHI JN.,AMB  ANDAURA,22:55:00,08:45:00,398,28,0 days 09:50:00
14554,AMB  ANDAURA,DELHI JN.,20:10:00,05:30:00,398,26,0 days 09:20:00
14555,BAREILLY JN.,DELHI JN.,14:10:00,21:45:00,271,21,0 days 07:35:00
14556,DELHI JN.,BAREILLY JN.,06:00:00,13:05:00,271,21,0 days 07:05:00
14601,FIROZPUR CAN,SHRI GANGANA,05:10:00,08:55:00,184,10,0 days 03:45:00
14602,SHRI GANGANA,FIROZPUR CAN,12:10:00,16:35:00,184,10,0 days 04:25:00
14603,SAHARSA JN.,AMRITSAR JN.,16:25:00,02:55:00,1568,33,1 days 10:30:00
14604,AMRITSAR JN.,SAHARSA JN.,13:10:00,20:00:00,1571,33,1 days 06:50:00
14609,RISHIKESH,SHRI MATA VA,16:25:00,06:30:00,635,22,0 days 14:05:00
14610,SHRI MATA VA,RISHIKESH,16:20:00,08:35:00,635,22,0 days 16:15:00
14611,GHAZIPUR CIT,SHRI MATA VA,08:30:00,12:35:00,1385,14,1 days 04:05:00
14613,CHANDIGARH,FIROZPUR CAN,16:30:00,21:30:00,236,8,0 days 05:00:00
14614,FIROZPUR CAN,CHANDIGARH,07:00:00,11:45:00,236,8,0 days 04:45:00
14615,LALKUA JN.,AMRITSAR JN.,23:15:00,15:15:00,661,18,0 days 16:00:00
14616,AMRITSAR JN.,LALKUA JN.,05:55:00,20:25:00,661,18,0 days 14:30:00
14623,CHHINWARA JN,DELHI-SARAI,10:15:00,06:15:00,1027,23,0 days 20:00:00
14624,DELHI-SARAI,CHHINWARA JN,12:20:00,09:50:00,1029,23,0 days 21:30:00
14625,DELHI-SARAI,FIROZPUR CAN,06:45:00,14:15:00,382,18,0 days 07:30:00
14626,FIROZPUR CAN,DELHI-SARAI,04:20:00,11:40:00,382,18,0 days 07:20:00
14629,LUDHIANA JN.,FIROZPUR CAN,07:10:00,09:45:00,123,9,0 days 02:35:00
14630,FIROZPUR CAN,LUDHIANA JN.,17:40:00,20:10:00,123,9,0 days 02:30:00
14631,DEHRA DUN,AMRITSAR JN.,19:00:00,07:30:00,462,27,0 days 12:30:00
14632,AMRITSAR JN.,DEHRA DUN,22:10:00,10:35:00,462,29,0 days 12:25:00
14633,AMRITSAR JN.,PATHANKOT JN,09:15:00,11:45:00,106,7,0 days 02:30:00
14634,PATHANKOT JN,AMRITSAR JN.,14:10:00,16:40:00,106,7,0 days 02:30:00
14645,DELHI JN.,JAMMU TAWI,15:50:00,05:25:00,639,29,0 days 13:35:00
14646,JAMMU TAWI,DELHI JN.,21:00:00,10:55:00,639,28,0 days 13:55:00
14649,JAYNAGAR,AMRITSAR JN.,07:15:00,23:55:00,1668,63,1 days 16:40:00
14650,AMRITSAR JN.,JAYNAGAR,11:55:00,01:15:00,1669,58,1 days 13:20:00
14659,DELHI JN.,JAISALMER,17:35:00,11:45:00,919,39,0 days 18:10:00
14660,JAISALMER,DELHI JN.,16:45:00,11:15:00,919,39,0 days 18:30:00
14661,JODHPUR JN.,BARMER,05:30:00,09:30:00,209,8,0 days 04:00:00
14662,BARMER,JODHPUR JN.,18:00:00,22:15:00,209,8,0 days 04:15:00
14673,JAYNAGAR,AMRITSAR JN.,07:15:00,23:55:00,1650,58,1 days 16:40:00
14674,AMRITSAR JN.,JAYNAGAR,11:55:00,01:15:00,1653,58,1 days 13:20:00
14681,NEW DELHI,JALANDHAR CI,14:45:00,23:50:00,438,21,0 days 09:05:00
14682,JALANDHAR CI,NEW DELHI,04:10:00,12:55:00,438,21,0 days 08:45:00
14703,JAISALMER,LALGARH JN.,10:00:00,16:35:00,314,14,0 days 06:35:00
14704,LALGARH JN.,JAISALMER,07:20:00,13:40:00,314,14,0 days 06:20:00
14707,BIKANER JN.,BANDRA TERMI,09:30:00,09:40:00,1211,34,1 days 00:10:00
14708,BANDRA TERMI,BIKANER JN.,15:05:00,15:35:00,1209,34,1 days 00:30:00
14709,BIKANER JN.,PURI,17:05:00,09:45:00,2094,31,1 days 16:40:00
14710,PURI,BIKANER JN.,06:30:00,22:00:00,2091,31,1 days 15:30:00
14711,HARIDWAR JN,SHRI GANGANA,14:15:00,00:05:00,471,21,0 days 09:50:00
14712,SHRI GANGANA,HARIDWAR JN,04:10:00,13:30:00,471,21,0 days 09:20:00
14713,SHRI GANGANA,JAMMU TAWI,14:45:00,02:35:00,534,15,0 days 11:50:00
14714,JAMMU TAWI,SHRI GANGANA,05:30:00,18:00:00,534,15,0 days 12:30:00
14715,HISAR JN,HARIDWAR JN,04:30:00,15:20:00,445,10,0 days 10:50:00
14716,HARIDWAR JN,HISAR JN,16:20:00,02:00:00,445,10,0 days 09:40:00
14717,BIKANER JN.,HARIDWAR JN,23:05:00,15:20:00,751,14,0 days 16:15:00
14718,HARIDWAR JN,BIKANER JN.,16:20:00,07:55:00,751,14,0 days 15:35:00
14723,KANPUR CENTR,BHIWANI JN.,17:25:00,09:40:00,604,31,0 days 16:15:00
14724,BHIWANI JN.,KANPUR CENTR,18:35:00,11:10:00,605,30,0 days 16:35:00
14731,DELHI JN.,FAZILKA JN.,14:20:00,01:00:00,521,29,0 days 10:40:00
14732,FAZILKA JN.,DELHI JN.,02:00:00,12:45:00,521,29,0 days 10:45:00
14795,BHIWANI JN.,PANIPAT JN.,04:30:00,06:55:00,108,6,0 days 02:25:00
14796,PANIPAT JN.,BHIWANI JN.,20:40:00,23:20:00,108,6,0 days 02:40:00
14801,JODHPUR JN.,INDORE BG,07:00:00,23:00:00,735,41,0 days 16:00:00
14803,BHAGAT-KI-KO,AHMEDABAD,10:25:00,20:00:00,479,17,0 days 09:35:00
14804,AHMEDABAD,BHAGAT-KI-KO,21:00:00,07:00:00,479,17,0 days 10:00:00
14805,YESVANTPUR J,BARMER,10:30:00,08:00:00,2242,38,1 days 21:30:00
14806,BARMER,YESVANTPUR J,01:00:00,03:15:00,2240,37,2 days 02:15:00
14807,JAIPUR JN.,ALWAR JN.,09:55:00,12:50:00,150,10,0 days 02:55:00
14808,ALWAR JN.,JAIPUR JN.,14:20:00,17:45:00,150,10,0 days 03:25:00
14809,JAISALMER,JODHPUR JN.,06:45:00,12:45:00,300,11,0 days 06:00:00
14810,JODHPUR JN.,JAISALMER,23:30:00,06:00:00,300,11,0 days 06:30:00
14811,SIKAR JN.,DELHI-SARAI,14:20:00,21:00:00,291,12,0 days 06:40:00
14812,DELHI-SARAI,SIKAR JN.,06:50:00,13:10:00,291,12,0 days 06:20:00
14853,VARANASI JN.,JODHPUR JN.,17:25:00,18:40:00,1193,36,1 days 01:15:00
14854,JODHPUR JN.,VARANASI JN.,09:30:00,10:30:00,1194,37,1 days 01:00:00
14863,VARANASI JN.,JODHPUR JN.,18:15:00,18:40:00,1145,31,1 days 00:25:00
14864,JODHPUR JN.,VARANASI JN.,09:30:00,08:45:00,1146,32,0 days 23:15:00
14865,VARANASI JN.,JODHPUR JN.,18:15:00,18:40:00,1170,33,1 days 00:25:00
14866,JODHPUR JN.,VARANASI JN.,09:30:00,08:50:00,1171,33,0 days 23:20:00
14887,KALKA,BARMER,21:30:00,20:15:00,1082,40,0 days 22:45:00
14888,BARMER,KALKA,06:45:00,05:55:00,1082,40,0 days 23:10:00
14889,BHAGAT-KI-KO,MUNABAO,01:00:00,07:00:00,324,2,0 days 06:00:00
14890,MUNABAO,BHAGAT-KI-KO,19:00:00,23:50:00,324,2,0 days 04:50:00
15001,MUZAFFARPUR,DEHRA DUN,14:00:00,13:55:00,1122,26,0 days 23:55:00
15002,DEHRA DUN,MUZAFFARPUR,15:25:00,16:10:00,1124,26,1 days 00:45:00
15003,KANPUR ANWAR,GORAKHPUR JN,16:40:00,06:55:00,551,31,0 days 14:15:00
15004,GORAKHPUR JN,KANPUR ANWAR,22:45:00,12:05:00,551,28,0 days 13:20:00
15005,GORAKHPUR JN,DEHRA DUN,21:15:00,13:55:00,813,16,0 days 16:40:00
15006,DEHRA DUN,GORAKHPUR JN,15:25:00,08:05:00,814,16,0 days 16:40:00
15007,VARANASI CIT,LUCKNOW JN.,17:00:00,05:45:00,503,36,0 days 12:45:00
15008,LUCKNOW JN.,VARANASI CIT,23:10:00,12:25:00,505,37,0 days 13:15:00
15009,GORAKHPUR JN,GOMTINAGAR F,22:00:00,06:05:00,329,16,0 days 08:05:00
15011,LUCKNOW JN.,CHANDIGARH,23:00:00,15:00:00,698,20,0 days 16:00:00
15012,CHANDIGARH,LUCKNOW JN.,17:05:00,09:10:00,698,20,0 days 16:05:00
15013,JAISALMER,KATHGODAM,00:45:00,05:05:00,1255,39,1 days 04:20:00
15014,KATHGODAM,JAISALMER,20:40:00,23:15:00,1256,39,1 days 02:35:00
15015,GORAKHPUR JN,YESVANTPUR J,06:35:00,09:45:00,2501,23,2 days 03:10:00
15016,YESVANTPUR J,GORAKHPUR JN,07:35:00,13:30:00,2504,23,2 days 05:55:00
15017,LOKMANYA TIL,GORAKHPUR JN,06:35:00,19:10:00,1718,73,1 days 12:35:00
15018,GORAKHPUR JN,LOKMANYA TIL,05:30:00,18:05:00,1718,73,1 days 12:35:00
15019,GORAKHPUR JN,NAUTANWA,11:30:00,14:05:00,81,5,0 days 02:35:00
15020,NAUTANWA,GORAKHPUR JN,14:35:00,17:00:00,81,5,0 days 02:25:00
15021,SHALIMAR,GORAKHPUR JN,20:22:00,16:25:00,1056,15,0 days 20:03:00
15022,GORAKHPUR JN,SHALIMAR,13:40:00,09:55:00,1055,15,0 days 20:15:00
15023,GORAKHPUR JN,YESVANTPUR J,08:50:00,11:15:00,2460,24,2 days 02:25:00
15024,YESVANTPUR J,GORAKHPUR JN,23:40:00,19:45:00,2473,24,1 days 20:05:00
15025,MAU JN.,ANAND VIHAR,10:45:00,03:45:00,823,11,0 days 17:00:00
15026,ANAND VIHAR,MAU JN.,12:55:00,06:40:00,823,11,0 days 17:45:00
15027,HATIA,GORAKHPUR JN,17:05:00,17:25:00,859,50,1 days 00:20:00
15028,GORAKHPUR JN,HATIA,07:25:00,08:10:00,864,50,1 days 00:45:00
15029,GORAKHPUR JN,PUNE JN.,17:25:00,04:05:00,1747,20,1 days 10:40:00
15030,PUNE JN.,GORAKHPUR JN,10:45:00,20:00:00,1748,20,1 days 09:15:00
15033,HARIDWAR JN,RAMNAGAR,18:30:00,23:35:00,243,8,0 days 05:05:00
15034,RAMNAGAR,HARIDWAR JN,08:35:00,13:45:00,243,8,0 days 05:10:00
15035,DELHI JN.,KATHGODAM,16:00:00,22:45:00,278,10,0 days 06:45:00
15036,KATHGODAM,DELHI JN.,08:45:00,15:25:00,277,10,0 days 06:40:00
15037,KANPUR CENTR,KASGANJ JN.,10:45:00,16:40:00,246,20,0 days 05:55:00
15038,KASGANJ JN.,KANPUR CENTR,12:20:00,17:55:00,247,20,0 days 05:35:00
15039,FARRUKHABAD,KASGANJ JN.,06:50:00,09:25:00,107,8,0 days 02:35:00
15040,KASGANJ JN.,FARRUKHABAD,08:50:00,10:50:00,107,8,0 days 02:00:00
15041,FARRUKHABAD,KASGANJ JN.,18:35:00,20:50:00,107,9,0 days 02:15:00
15042,KASGANJ JN.,FARRUKHABAD,21:20:00,23:40:00,107,9,0 days 02:20:00
15043,LUCKNOW JN.,KATHGODAM,21:55:00,08:00:00,341,11,0 days 10:05:00
15044,KATHGODAM,LUCKNOW JN.,10:50:00,18:40:00,341,11,0 days 07:50:00
15045,GORAKHPUR JN,OKHA,04:45:00,03:55:00,2285,39,1 days 23:10:00
15046,OKHA,GORAKHPUR JN,21:00:00,19:25:00,2286,39,1 days 22:25:00
15047,KOLKATA,GORAKHPUR JN,14:30:00,07:45:00,855,19,0 days 17:15:00
15048,GORAKHPUR JN,KOLKATA,11:30:00,04:25:00,858,19,0 days 16:55:00
15049,KOLKATA,GORAKHPUR JN,14:30:00,09:45:00,879,27,0 days 19:15:00
15050,GORAKHPUR JN,KOLKATA,08:00:00,04:25:00,882,27,0 days 20:25:00
15051,KOLKATA,GORAKHPUR JN,14:30:00,08:15:00,873,22,0 days 17:45:00
15052,GORAKHPUR JN,KOLKATA,10:10:00,04:25:00,875,23,0 days 18:15:00
15053,CHHAPRA JN.,LUCKNOW JN.,19:35:00,09:00:00,535,13,0 days 13:25:00
15054,LUCKNOW JN.,CHHAPRA JN.,20:50:00,11:10:00,536,13,0 days 14:20:00
15055,AGRA  FORT,RAMNAGAR,13:10:00,23:45:00,440,21,0 days 10:35:00
15056,RAMNAGAR,AGRA  FORT,17:40:00,05:00:00,440,21,0 days 11:20:00
15057,GORAKHPUR JN,ANAND VIHAR,20:55:00,11:00:00,748,8,0 days 14:05:00
15058,ANAND VIHAR,GORAKHPUR JN,17:10:00,07:30:00,749,8,0 days 14:20:00
15059,LALKUA JN.,ANAND VIHAR,04:30:00,11:00:00,248,11,0 days 06:30:00
15060,ANAND VIHAR,LALKUA JN.,14:05:00,20:35:00,248,11,0 days 06:30:00
15063,GORAKHPUR JN,LOKMANYA TIL,05:30:00,16:00:00,1745,23,1 days 10:30:00
15064,LOKMANYA TIL,GORAKHPUR JN,17:50:00,04:30:00,1745,23,1 days 10:40:00
15065,GORAKHPUR JN,PANVEL,05:30:00,16:20:00,1743,23,1 days 10:50:00
15066,PANVEL,GORAKHPUR JN,17:50:00,04:30:00,1743,23,1 days 10:40:00
15067,GORAKHPUR JN,BANDRA TERMI,05:30:00,20:05:00,1896,26,1 days 14:35:00
15068,BANDRA TERMI,GORAKHPUR JN,00:20:00,17:35:00,1895,26,1 days 17:15:00
15069,GORAKHPUR JN,BADSHAHNAGAR,04:00:00,10:05:00,333,11,0 days 06:05:00
15070,BADSHAHNAGAR,GORAKHPUR JN,16:30:00,23:25:00,333,11,0 days 06:55:00
15097,BHAGALPUR,JAMMU TAWI,23:50:00,12:35:00,1777,31,1 days 12:45:00
15098,JAMMU TAWI,BHAGALPUR,22:45:00,10:00:00,1780,31,1 days 11:15:00
15101,CHHAPRA JN.,CST-MUMBAI,21:15:00,06:15:00,1878,19,1 days 09:00:00
15102,CST-MUMBAI,CHHAPRA JN.,15:35:00,04:40:00,1882,19,1 days 13:05:00
15103,GORAKHPUR JN,MANDUADIH,16:00:00,21:45:00,234,15,0 days 05:45:00
15104,MANDUADIH,GORAKHPUR JN,05:25:00,11:10:00,234,16,0 days 05:45:00
15105,CHHAPRA JN.,GORAKHPUR JN,06:20:00,10:20:00,177,10,0 days 04:00:00
15106,GORAKHPUR JN,CHHAPRA JN.,17:10:00,21:30:00,179,16,0 days 04:20:00
15111,CHHAPRA JN.,VARANASI CIT,03:45:00,08:40:00,222,14,0 days 04:55:00
15112,VARANASI CIT,CHHAPRA JN.,18:35:00,23:50:00,222,14,0 days 05:15:00
15115,CHHAPRA JN.,DELHI JN.,11:15:00,11:55:00,996,21,1 days 00:40:00
15116,DELHI JN.,CHHAPRA JN.,14:00:00,13:20:00,996,21,0 days 23:20:00
15117,MANDUADIH,JABALPUR,08:25:00,18:50:00,492,11,0 days 10:25:00
15118,JABALPUR,MANDUADIH,10:00:00,20:35:00,493,10,0 days 10:35:00
15119,RAMESWARAM,MANDUADIH,23:00:00,04:45:00,2790,37,2 days 05:45:00
15120,MANDUADIH,RAMESWARAM,21:00:00,00:35:00,2785,37,2 days 03:35:00
15159,CHHAPRA JN.,DURG,07:10:00,07:30:00,1091,50,1 days 00:20:00
15160,DURG,CHHAPRA JN.,20:25:00,21:40:00,1092,46,1 days 01:15:00
15201,PATLIPUTRA,RAXAUL JN.,16:40:00,23:45:00,204,17,0 days 07:05:00
15202,RAXAUL JN.,PATLIPUTRA,05:15:00,11:10:00,204,17,0 days 05:55:00
15203,BARAUNI JN.,LUCKNOW JN.,20:30:00,13:00:00,670,37,0 days 16:30:00
15204,LUCKNOW JN.,BARAUNI JN.,15:00:00,08:00:00,674,37,0 days 17:00:00
15205,LUCKNOW JN.,JABALPUR,17:30:00,07:10:00,585,28,0 days 13:40:00
15206,JABALPUR,LUCKNOW JN.,20:40:00,09:30:00,585,27,0 days 12:50:00
15209,SAHARSA JN.,AMRITSAR JN.,08:45:00,17:00:00,1520,48,1 days 08:15:00
15210,AMRITSAR JN.,SAHARSA JN.,06:35:00,15:30:00,1523,48,1 days 08:55:00
15211,DARBHANGA JN,AMRITSAR JN.,17:20:00,01:50:00,1485,48,1 days 08:30:00
15212,AMRITSAR JN.,DARBHANGA JN,19:05:00,03:00:00,1486,46,1 days 07:55:00
15215,MUZAFFARPUR,NARKATIAGANJ,07:15:00,11:35:00,159,13,0 days 04:20:00
15216,NARKATIAGANJ,MUZAFFARPUR,13:00:00,16:50:00,159,13,0 days 03:50:00
15227,YESVANTPUR J,MUZAFFARPUR,23:55:00,04:00:00,2729,36,2 days 04:05:00
15228,MUZAFFARPUR,YESVANTPUR J,07:25:00,11:50:00,2729,35,2 days 04:25:00
15231,BARAUNI JN.,GONDIA JN.,10:00:00,18:50:00,1523,32,1 days 08:50:00
15232,GONDIA JN.,BARAUNI JN.,21:00:00,08:30:00,1520,34,1 days 11:30:00
15233,KOLKATA,DARBHANGA JN,10:40:00,22:30:00,534,10,0 days 11:50:00
15234,DARBHANGA JN,KOLKATA,15:45:00,03:10:00,534,10,0 days 11:25:00
15235,HOWRAH JN.,DARBHANGA JN,11:05:00,22:30:00,535,11,0 days 11:25:00
15236,DARBHANGA JN,HOWRAH JN.,15:45:00,03:00:00,536,11,0 days 11:15:00
15267,RAXAUL JN.,LOKMANYA TIL,16:50:00,06:00:00,1924,24,1 days 13:10:00
15268,LOKMANYA TIL,RAXAUL JN.,15:50:00,07:40:00,1925,23,1 days 15:50:00
15269,MUZAFFARPUR,AHMEDABAD,21:20:00,09:10:00,1744,25,1 days 11:50:00
15270,AHMEDABAD,MUZAFFARPUR,16:30:00,04:00:00,1745,25,1 days 11:30:00
15271,HOWRAH JN.,MUZAFFARPUR,11:05:00,22:50:00,549,12,0 days 11:45:00
15272,MUZAFFARPUR,HOWRAH JN.,15:15:00,03:00:00,550,12,0 days 11:45:00
15273,RAXAUL JN.,ANAND VIHAR,08:50:00,09:05:00,955,45,1 days 00:15:00
15274,ANAND VIHAR,RAXAUL JN.,17:25:00,16:45:00,956,45,0 days 23:20:00
15275,SAHARSA JN.,BARAUNI JN.,23:55:00,02:45:00,109,8,0 days 02:50:00
15276,BARAUNI JN.,SAHARSA JN.,03:45:00,07:25:00,109,8,0 days 03:40:00
15279,SAHARSA JN.,ANAND VIHAR,11:45:00,12:05:00,1182,22,1 days 00:20:00
15280,ANAND VIHAR,SAHARSA JN.,17:10:00,19:00:00,1185,22,1 days 01:50:00
15283,KATIHAR JN.,JAYNAGAR,23:30:00,10:30:00,373,19,0 days 11:00:00
15284,JAYNAGAR,KATIHAR JN.,04:40:00,14:55:00,373,19,0 days 10:15:00
15417,ALIPUR DUAR,SILGHAT TOWN,16:10:00,09:55:00,589,26,0 days 17:45:00
15418,SILGHAT TOWN,ALIPUR DUAR,17:15:00,08:30:00,589,26,0 days 15:15:00
15463,BALURGHAT,SILIGURI JN.,11:15:00,18:00:00,308,15,0 days 06:45:00
15464,SILIGURI JN.,BALURGHAT,07:30:00,14:25:00,309,15,0 days 06:55:00
15483,ALIPUR DUAR,DELHI JN.,09:25:00,22:40:00,1638,58,1 days 13:15:00
15484,DELHI JN.,ALIPUR DUAR,06:35:00,20:00:00,1638,59,1 days 13:25:00
15529,SAHARSA JN.,ANAND VIHAR,14:55:00,17:40:00,1253,25,1 days 02:45:00
15530,ANAND VIHAR,SAHARSA JN.,23:45:00,03:05:00,1255,25,1 days 03:20:00
15531,SAHARSA JN.,AMRITSAR JN.,03:15:00,15:15:00,1612,28,1 days 12:00:00
15532,AMRITSAR JN.,SAHARSA JN.,17:50:00,03:55:00,1615,28,1 days 10:05:00
15547,JAYNAGAR,LOKMANYA TIL,18:20:00,07:30:00,1963,20,1 days 13:10:00
15548,LOKMANYA TIL,JAYNAGAR,11:20:00,23:20:00,1963,20,1 days 12:00:00
15549,JAYNAGAR,PATNA JN.,06:00:00,13:40:00,243,10,0 days 07:40:00
15550,PATNA JN.,JAYNAGAR,15:30:00,23:00:00,243,10,0 days 07:30:00
15559,DARBHANGA JN,AHMEDABAD,16:45:00,09:00:00,2018,27,1 days 16:15:00
15560,AHMEDABAD,DARBHANGA JN,19:25:00,12:15:00,2020,27,1 days 16:50:00
15563,JAYNAGAR,UDHNA JN.,01:20:00,13:00:00,1865,26,1 days 11:40:00
15564,UDHNA JN.,JAYNAGAR,08:50:00,22:40:00,1866,26,1 days 13:50:00
15601,SILCHAR,NEW DELHI,18:30:00,13:00:00,2294,14,1 days 18:30:00
15602,NEW DELHI,SILCHAR,23:45:00,20:45:00,2295,14,1 days 21:00:00
15603,GUWAHATI,LEDO,20:45:00,10:45:00,571,35,0 days 14:00:00
15604,LEDO,GUWAHATI,14:55:00,04:45:00,570,35,0 days 13:50:00
15605,FURKATING JN,DIBRUGARH,05:00:00,11:40:00,233,20,0 days 06:40:00
15606,DIBRUGARH,FURKATING JN,14:25:00,21:10:00,233,20,0 days 06:45:00
15613,KAMAKHYA JN,MURKEONG SEL,20:30:00,08:00:00,491,25,0 days 11:30:00
15614,MURKEONG SEL,KAMAKHYA JN,19:00:00,07:05:00,491,25,0 days 12:05:00
15617,GUWAHATI,NAHARLAGUN,21:20:00,04:55:00,332,14,0 days 07:35:00
15618,NAHARLAGUN,GUWAHATI,19:40:00,04:25:00,332,14,0 days 08:45:00
15619,GAYA JN.,KAMAKHYA JN,12:55:00,12:30:00,1093,21,0 days 23:35:00
15620,KAMAKHYA JN,GAYA JN.,07:00:00,05:40:00,1093,21,0 days 22:40:00
15621,KAMAKHYA JN,ANAND VIHAR,05:35:00,17:40:00,1901,25,1 days 12:05:00
15622,ANAND VIHAR,KAMAKHYA JN,23:45:00,14:45:00,1904,25,1 days 15:00:00
15623,BHAGAT-KI-KO,KAMAKHYA JN,15:30:00,23:05:00,2541,46,2 days 07:35:00
15624,KAMAKHYA JN,BHAGAT-KI-KO,17:15:00,21:45:00,2540,46,2 days 04:30:00
15629,TAMBARAM,GUWAHATI,21:45:00,04:45:00,2796,40,2 days 07:00:00
15630,GUWAHATI,TAMBARAM,15:00:00,21:15:00,2797,40,2 days 06:15:00
15631,BARMER,GUWAHATI,22:30:00,01:00:00,2462,34,2 days 02:30:00
15632,GUWAHATI,BARMER,10:45:00,10:00:00,2461,34,1 days 23:15:00
15635,OKHA,GUWAHATI,11:40:00,07:00:00,3219,44,2 days 19:20:00
15636,GUWAHATI,OKHA,10:45:00,03:55:00,3219,44,2 days 17:10:00
15639,PURI,KAMAKHYA JN,14:25:00,21:35:00,1512,26,1 days 07:10:00
15640,KAMAKHYA JN,PURI,19:05:00,03:10:00,1513,26,1 days 08:05:00
15643,PURI,KAMAKHYA JN,22:15:00,06:10:00,1534,27,1 days 07:55:00
15644,KAMAKHYA JN,PURI,23:45:00,07:30:00,1548,26,1 days 07:45:00
15645,LOKMANYA TIL,GUWAHATI,08:05:00,12:00:00,2598,47,2 days 03:55:00
15646,GUWAHATI,LOKMANYA TIL,16:55:00,20:00:00,2597,48,2 days 03:05:00
15647,LOKMANYA TIL,GUWAHATI,08:05:00,13:00:00,2740,54,2 days 04:55:00
15648,GUWAHATI,LOKMANYA TIL,15:00:00,20:00:00,2739,55,2 days 05:00:00
15651,GUWAHATI,JAMMU TAWI,13:10:00,12:35:00,2344,43,1 days 23:25:00
15652,JAMMU TAWI,GUWAHATI,22:45:00,23:40:00,2348,43,2 days 00:55:00
15653,GUWAHATI,JAMMU TAWI,13:10:00,12:35:00,2431,43,1 days 23:25:00
15654,JAMMU TAWI,GUWAHATI,22:45:00,23:40:00,2433,43,2 days 00:55:00
15655,KAMAKHYA JN,SHRI MATA VA,10:45:00,16:00:00,2606,40,2 days 05:15:00
15656,SHRI MATA VA,KAMAKHYA JN,03:40:00,12:30:00,2607,40,2 days 08:50:00
15657,SEALDAH,GUWAHATI,06:35:00,04:00:00,977,33,0 days 21:25:00
15658,GUWAHATI,SEALDAH,22:55:00,19:25:00,977,33,0 days 20:30:00
15659,SEALDAH,AGARTALA,06:35:00,21:00:00,1555,40,1 days 14:25:00
15660,AGARTALA,SEALDAH,05:30:00,19:25:00,1554,40,1 days 13:55:00
15661,RANCHI,KAMAKHYA JN,20:30:00,22:40:00,1228,29,1 days 02:10:00
15662,KAMAKHYA JN,RANCHI,12:00:00,14:30:00,1232,29,1 days 02:30:00
15665,GUWAHATI,DIMAPUR,14:30:00,20:10:00,250,9,0 days 05:40:00
15666,DIMAPUR,GUWAHATI,21:45:00,03:30:00,249,9,0 days 05:45:00
15667,GANDHIDHAM J,KAMAKHYA JN,13:40:00,06:10:00,3142,36,2 days 16:30:00
15668,KAMAKHYA JN,GANDHIDHAM J,11:00:00,02:40:00,3142,36,2 days 15:40:00
15669,GUWAHATI,DIMAPUR,23:35:00,05:00:00,250,7,0 days 05:25:00
15670,DIMAPUR,GUWAHATI,06:00:00,10:55:00,249,7,0 days 04:55:00
15707,KATIHAR JN.,AMRITSAR JN.,22:45:00,12:45:00,1787,51,1 days 14:00:00
15708,AMRITSAR JN.,KATIHAR JN.,07:10:00,20:10:00,1790,53,1 days 13:00:00
15711,HOWRAH JN.,KATIHAR JN.,21:55:00,06:45:00,398,11,0 days 08:50:00
15712,KATIHAR JN.,HOWRAH JN.,22:30:00,07:20:00,419,11,0 days 08:50:00
15713,KATIHAR JN.,PATNA JN.,06:20:00,13:15:00,289,19,0 days 06:55:00
15714,PATNA JN.,KATIHAR JN.,14:15:00,21:25:00,289,19,0 days 07:10:00
15715,KISHANGANJ,AJMER JN.,06:00:00,21:30:00,1834,28,1 days 15:30:00
15716,AJMER JN.,KISHANGANJ,11:05:00,03:15:00,1834,28,1 days 16:10:00
15717,GUWAHATI,MARIANI JN.,11:45:00,23:10:00,405,26,0 days 11:25:00
15718,MARIANI JN.,GUWAHATI,05:00:00,15:30:00,404,26,0 days 10:30:00
15719,KATIHAR JN.,SILIGURI JN.,06:00:00,11:15:00,202,18,0 days 05:15:00
15720,SILIGURI JN.,KATIHAR JN.,15:00:00,20:15:00,202,18,0 days 05:15:00
15721,DIGHA FS,NEW JALPAIGU,16:30:00,09:30:00,752,18,0 days 17:00:00
15722,NEW JALPAIGU,DIGHA FS,20:15:00,12:00:00,773,18,0 days 15:45:00
15723,NEW JALPAIGU,SITAMARHI,21:10:00,10:15:00,545,13,0 days 13:05:00
15724,SITAMARHI,NEW JALPAIGU,17:15:00,05:15:00,545,13,0 days 12:00:00
15765,SILIGURI JN.,DHUBRI,06:10:00,12:46:00,262,19,0 days 06:36:00
15766,DHUBRI,SILIGURI JN.,13:15:00,21:45:00,262,19,0 days 08:30:00
15767,SILIGURI JN.,ALIPUR DUAR,16:45:00,21:30:00,161,14,0 days 04:45:00
15768,ALIPUR DUAR,SILIGURI JN.,06:00:00,10:00:00,161,14,0 days 04:00:00
15769,ALIPUR DUAR,LUMDING JN.,04:05:00,14:00:00,450,27,0 days 09:55:00
15770,LUMDING JN.,ALIPUR DUAR,15:10:00,00:55:00,449,26,0 days 09:45:00
15771,ALIPUR DUAR,KAMAKHYA JN,05:00:00,12:10:00,300,20,0 days 07:10:00
15772,KAMAKHYA JN,ALIPUR DUAR,16:00:00,23:10:00,300,20,0 days 07:10:00
15815,KAMAKHYA JN,DEKARGAON,16:45:00,21:30:00,182,12,0 days 04:45:00
15816,DEKARGAON,KAMAKHYA JN,05:15:00,10:00:00,182,12,0 days 04:45:00
15903,DIBRUGARH,CHANDIGARH,07:00:00,13:30:00,2636,35,2 days 06:30:00
15904,CHANDIGARH,DIBRUGARH,23:15:00,08:15:00,2640,35,2 days 09:00:00
15905,KANNIYAKUMAR,DIBRUGARH,23:00:00,06:40:00,4260,57,3 days 07:40:00
15906,DIBRUGARH,KANNIYAKUMAR,23:05:00,09:50:00,4256,58,3 days 10:45:00
15909,DIBRUGARH,LALGARH JN.,09:35:00,04:30:00,3114,89,2 days 18:55:00
15927,RANGIYA JN.,NEW TINSUKIA,05:30:00,20:00:00,595,27,0 days 14:30:00
15928,NEW TINSUKIA,RANGIYA JN.,05:45:00,19:45:00,595,27,0 days 14:00:00
15929,TAMBARAM,DIBRUGARH,21:45:00,18:00:00,3353,51,2 days 20:15:00
15930,DIBRUGARH,TAMBARAM,23:45:00,21:15:00,3353,51,2 days 21:30:00
15933,DIBRUGARH,AMRITSAR JN.,07:00:00,21:05:00,2870,38,2 days 14:05:00
15934,AMRITSAR JN.,DIBRUGARH,15:45:00,04:55:00,2872,38,2 days 13:10:00
15941,JHAJHA,DIBRUGARH,22:05:00,11:55:00,1712,32,1 days 13:50:00
15942,DIBRUGARH,JHAJHA,05:30:00,17:50:00,1712,32,1 days 12:20:00
15959,HOWRAH JN.,DIBRUGARH,17:35:00,05:55:00,1507,56,1 days 12:20:00
15960,DIBRUGARH,HOWRAH JN.,18:25:00,05:45:00,1528,56,1 days 11:20:00
15967,RANGIYA JN.,DIBRUGARH,05:30:00,20:55:00,604,31,0 days 15:25:00
15968,DIBRUGARH,RANGIYA JN.,05:00:00,19:45:00,603,31,0 days 14:45:00
16003,CHENNAI CENT,NAGARSOL,09:10:00,11:55:00,1365,26,1 days 02:45:00
16004,NAGARSOL,CHENNAI CENT,13:30:00,16:45:00,1363,27,1 days 03:15:00
16021,CHENNAI CENT,MYSORE JN.,21:15:00,06:50:00,498,24,0 days 09:35:00
16022,MYSORE JN.,CHENNAI CENT,20:30:00,07:00:00,499,23,0 days 10:30:00
16023,MYSORE JN.,YESVANTPUR J,08:20:00,11:30:00,143,10,0 days 03:10:00
16024,YESVANTPUR J,MYSORE JN.,13:15:00,16:15:00,143,10,0 days 03:00:00
16031,CHENNAI CENT,SHRI MATA VA,05:15:00,15:20:00,2859,81,2 days 10:05:00
16032,SHRI MATA VA,CHENNAI CENT,21:55:00,10:20:00,2857,82,2 days 12:25:00
16053,CHENNAI CENT,TIRUPATI,14:15:00,17:50:00,148,8,0 days 03:35:00
16054,TIRUPATI,CHENNAI CENT,10:00:00,13:40:00,146,9,0 days 03:40:00
16057,CHENNAI CENT,TIRUPATI,06:25:00,09:40:00,148,8,0 days 03:15:00
16058,TIRUPATI,CHENNAI CENT,18:05:00,21:55:00,146,9,0 days 03:50:00
16085,ARAKKONAM JN,JOLARPETTAI,18:05:00,21:15:00,144,15,0 days 03:10:00
16086,JOLARPETTAI,ARAKKONAM JN,06:55:00,09:45:00,144,14,0 days 02:50:00
16089,CHENNAI CENT,JOLARPETTAI,17:55:00,22:20:00,212,16,0 days 04:25:00
16090,JOLARPETTAI,CHENNAI CENT,04:55:00,09:10:00,213,16,0 days 04:15:00
16093,CHENNAI CENT,LUCKNOW JN.,05:15:00,20:40:00,2086,47,1 days 15:25:00
16094,LUCKNOW JN.,CHENNAI CENT,16:20:00,10:20:00,2083,46,1 days 18:00:00
16101,CHENNAI EGMO,RAMESWARAM,19:15:00,08:25:00,664,24,0 days 13:10:00
16102,RAMESWARAM,CHENNAI EGMO,17:00:00,06:35:00,664,25,0 days 13:35:00
16105,CHENNAI EGMO,TIRUCHENDUR,16:05:00,08:20:00,775,29,0 days 16:15:00
16106,TIRUCHENDUR,CHENNAI EGMO,19:00:00,11:25:00,774,29,0 days 16:25:00
16115,CHENNAI EGMO,PONDICHERRY,18:10:00,22:25:00,196,10,0 days 04:15:00
16116,PONDICHERRY,CHENNAI EGMO,05:35:00,09:30:00,196,10,0 days 03:55:00
16127,CHENNAI EGMO,GURUVAYUR,08:15:00,05:50:00,1095,48,0 days 21:35:00
16128,GURUVAYUR,CHENNAI EGMO,21:25:00,20:30:00,1096,48,0 days 23:05:00
16129,VANCHI MANIY,TUTICORIN,19:30:00,20:30:00,31,4,0 days 01:00:00
16130,TUTICORIN,VANCHI MANIY,07:50:00,08:30:00,31,3,0 days 00:40:00
16175,CHENNAI EGMO,KARAIKAL,22:05:00,06:30:00,360,16,0 days 08:25:00
16176,KARAIKAL,CHENNAI EGMO,21:00:00,05:10:00,360,16,0 days 08:10:00
16179,CHENNAI EGMO,MANNARGUDI,21:20:00,05:40:00,394,13,0 days 08:20:00
16180,MANNARGUDI,CHENNAI EGMO,21:25:00,05:45:00,394,13,0 days 08:20:00
16181,CHENNAI EGMO,SENGOTTAI JN,20:20:00,09:20:00,682,26,0 days 13:00:00
16182,SENGOTTAI JN,CHENNAI EGMO,16:00:00,05:35:00,682,27,0 days 13:35:00
16183,CHENNAI EGMO,THANJAVUR JN,22:30:00,06:10:00,351,18,0 days 07:40:00
16184,THANJAVUR JN,CHENNAI EGMO,21:20:00,04:30:00,350,18,0 days 07:10:00
16185,NAGAPPATTINA,VELANKANNI,05:55:00,06:30:00,10,2,0 days 00:35:00
16186,VELANKANNI,NAGAPPATTINA,20:45:00,21:10:00,10,2,0 days 00:25:00
16187,KARAIKAL,ERNAKULAM. J,16:10:00,06:40:00,591,29,0 days 14:30:00
16188,ERNAKULAM. J,KARAIKAL,22:15:00,11:50:00,592,27,0 days 13:35:00
16203,CHENNAI CENT,TIRUPATI,16:35:00,20:10:00,148,10,0 days 03:35:00
16204,TIRUPATI,CHENNAI CENT,06:45:00,10:45:00,146,11,0 days 04:00:00
16205,TALGUPPA,MYSORE JN.,14:30:00,22:15:00,372,13,0 days 07:45:00
16206,MYSORE JN.,TALGUPPA,06:00:00,13:30:00,372,13,0 days 07:30:00
16209,AJMER JN.,MYSORE JN.,05:30:00,06:00:00,2278,45,2 days 00:30:00
16210,MYSORE JN.,AJMER JN.,18:30:00,17:40:00,2279,44,1 days 23:10:00
16215,MYSORE JN.,KRANTIVIRA S,06:45:00,09:30:00,138,10,0 days 02:45:00
16216,KRANTIVIRA S,MYSORE JN.,18:15:00,21:05:00,138,10,0 days 02:50:00
16217,MYSORE JN.,SAI NAGAR SH,05:10:00,11:30:00,1304,24,1 days 06:20:00
16218,SAI NAGAR SH,MYSORE JN.,23:55:00,06:00:00,1304,24,1 days 06:05:00
16227,MYSORE JN.,TALGUPPA,19:40:00,07:15:00,508,35,0 days 11:35:00
16228,TALGUPPA,MYSORE JN.,20:20:00,08:00:00,508,31,0 days 11:40:00
16229,MYSORE JN.,VARANASI JN.,07:20:00,12:00:00,2698,35,2 days 04:40:00
16231,MAYILADUTURA,MYSORE JN.,17:45:00,08:40:00,676,24,0 days 14:55:00
16232,MYSORE JN.,MAYILADUTURA,15:30:00,07:00:00,676,25,0 days 15:30:00
16233,MAYILADUTURA,TIRUCHIRAPPA,08:10:00,10:50:00,120,7,0 days 02:40:00
16234,TIRUCHIRAPPA,MAYILADUTURA,12:50:00,15:15:00,120,7,0 days 02:25:00
16235,TUTICORIN,MYSORE JN.,16:35:00,09:45:00,775,35,0 days 17:10:00
16301,SHORANUR JN.,TRIVANDRUM C,14:25:00,22:30:00,327,30,0 days 08:05:00
16302,TRIVANDRUM C,SHORANUR JN.,05:00:00,12:55:00,327,30,0 days 07:55:00
16303,ERNAKULAM. J,TRIVANDRUM C,05:00:00,09:55:00,220,19,0 days 04:55:00
16304,TRIVANDRUM C,ERNAKULAM. J,17:45:00,22:55:00,219,19,0 days 05:10:00
16305,ERNAKULAM. J,KANNUR,06:45:00,12:30:00,282,16,0 days 05:45:00
16306,KANNUR,ERNAKULAM. J,14:35:00,20:30:00,282,17,0 days 05:55:00
16307,ALLEPPEY,KANNUR,14:55:00,22:30:00,338,27,0 days 07:35:00
16308,KANNUR,ALLEPPEY,05:00:00,13:05:00,339,28,0 days 08:05:00
16311,BIKANER JN.,KOCHUVELI,21:40:00,02:50:00,2701,44,2 days 05:10:00
16312,KOCHUVELI,BIKANER JN.,15:45:00,21:50:00,2704,44,2 days 06:05:00
16313,ALLEPPEY,KANNUR,14:55:00,22:30:00,338,27,0 days 07:35:00
16314,KANNUR,ALLEPPEY,05:00:00,13:05:00,339,26,0 days 08:05:00
16315,KRANTIVIRA S,KOCHUVELI,17:00:00,09:05:00,829,22,0 days 16:05:00
16316,KOCHUVELI,KRANTIVIRA S,16:45:00,08:35:00,830,22,0 days 15:50:00
16317,KANNIYAKUMAR,SHRI MATA VA,14:15:00,15:20:00,3769,71,3 days 01:05:00
16318,SHRI MATA VA,KANNIYAKUMAR,21:55:00,21:55:00,3765,75,3 days 00:00:00
16331,CST-MUMBAI,TRIVANDRUM C,12:10:00,03:20:00,1953,43,1 days 15:10:00
16332,TRIVANDRUM C,CST-MUMBAI,04:25:00,20:50:00,1954,42,1 days 16:25:00
16333,VERAVAL,TRIVANDRUM C,04:25:00,02:50:00,2407,59,1 days 22:25:00
16334,TRIVANDRUM C,VERAVAL,15:45:00,16:45:00,2411,59,2 days 01:00:00
16335,GANDHIDHAM J,NAGERCOIL JN,07:20:00,04:15:00,2348,56,1 days 20:55:00
16336,NAGERCOIL JN,GANDHIDHAM J,14:45:00,13:00:00,2352,56,1 days 22:15:00
16337,OKHA,ERNAKULAM. J,04:05:00,22:20:00,2253,50,1 days 18:15:00
16338,ERNAKULAM. J,OKHA,20:25:00,17:05:00,2258,51,1 days 20:40:00
16339,CST-MUMBAI,NAGERCOIL JN,12:10:00,03:20:00,1874,40,1 days 15:10:00
16340,NAGERCOIL JN,CST-MUMBAI,06:30:00,20:50:00,1875,39,1 days 14:20:00
16341,GURUVAYUR,TRIVANDRUM C,03:15:00,09:45:00,302,23,0 days 06:30:00
16342,TRIVANDRUM C,GURUVAYUR,17:30:00,00:20:00,302,22,0 days 06:50:00
16343,TRIVANDRUM C,MADURAI JN,22:30:00,13:10:00,609,22,0 days 14:40:00
16344,MADURAI JN,TRIVANDRUM C,15:45:00,06:25:00,610,22,0 days 14:40:00
16345,LOKMANYA TIL,TRIVANDRUM C,11:40:00,17:55:00,1510,46,1 days 06:15:00
16346,TRIVANDRUM C,LOKMANYA TIL,09:45:00,16:40:00,1514,46,1 days 06:55:00
16347,TRIVANDRUM C,MANGALORE CE,20:40:00,11:05:00,630,50,0 days 14:25:00
16348,MANGALORE CE,TRIVANDRUM C,14:20:00,04:45:00,632,49,0 days 14:25:00
16349,SHORANUR JN.,NILAMBUR ROA,06:05:00,07:20:00,67,9,0 days 01:15:00
16350,NILAMBUR ROA,SHORANUR JN.,20:50:00,22:10:00,66,9,0 days 01:20:00
16351,CST-MUMBAI,NAGERCOIL JN,12:10:00,04:15:00,1942,47,1 days 16:05:00
16352,NAGERCOIL JN,CST-MUMBAI,05:00:00,20:50:00,1945,46,1 days 15:50:00
16353,KACHEGUDA,NAGERCOIL JN,16:00:00,21:00:00,1490,31,1 days 05:00:00
16354,NAGERCOIL JN,KACHEGUDA,08:10:00,14:00:00,1492,31,1 days 05:50:00
16359,ERNAKULAM. J,PATNA JN.,23:30:00,09:50:00,2987,44,2 days 10:20:00
16360,PATNA JN.,ERNAKULAM. J,16:30:00,23:15:00,2980,44,2 days 06:45:00
16381,CST-MUMBAI,KANNIYAKUMAR,15:45:00,12:35:00,2130,63,1 days 20:50:00
16382,KANNIYAKUMAR,CST-MUMBAI,06:40:00,04:40:00,2132,62,1 days 22:00:00
16501,AHMEDABAD,YESVANTPUR J,18:40:00,04:20:00,1797,25,1 days 09:40:00
16502,YESVANTPUR J,AHMEDABAD,13:30:00,02:20:00,1785,27,1 days 12:50:00
16505,GANDHIDHAM J,KRANTIVIRA S,09:00:00,03:15:00,1949,34,1 days 18:15:00
16506,KRANTIVIRA S,GANDHIDHAM J,21:50:00,12:30:00,1952,33,1 days 14:40:00
16507,JODHPUR JN.,KRANTIVIRA S,05:20:00,03:15:00,2103,46,1 days 21:55:00
16508,KRANTIVIRA S,JODHPUR JN.,21:50:00,16:50:00,2104,45,1 days 19:00:00
16515,YESVANTPUR J,KAWR,07:10:00,23:00:00,667,22,0 days 15:50:00
16516,KAWR,YESVANTPUR J,05:30:00,20:30:00,649,22,0 days 15:00:00
16517,KRANTIVIRA S,KANNUR,20:30:00,11:10:00,579,20,0 days 14:40:00
16518,KANNUR,KRANTIVIRA S,16:40:00,08:20:00,578,20,0 days 15:40:00
16519,JOLARPETTAI,KRANTIVIRA S,04:25:00,08:00:00,148,16,0 days 03:35:00
16520,KRANTIVIRA S,JOLARPETTAI,17:30:00,20:50:00,148,15,0 days 03:20:00
16521,BANGARPET JN,KRANTIVIRA S,21:40:00,23:25:00,70,8,0 days 01:45:00
16522,KRANTIVIRA S,BANGARPET JN,19:35:00,21:10:00,70,8,0 days 01:35:00
16523,MANGALORE CE,KAWR,09:00:00,14:15:00,262,14,0 days 05:15:00
16524,KAWR,MANGALORE CE,14:40:00,20:20:00,260,14,0 days 05:40:00
16525,KANNIYAKUMAR,KRANTIVIRA S,10:30:00,07:20:00,934,46,0 days 20:50:00
16526,KRANTIVIRA S,KANNIYAKUMAR,20:00:00,15:20:00,934,49,0 days 19:20:00
16527,YESVANTPUR J,KANNUR,20:00:00,09:20:00,655,18,0 days 13:20:00
16528,KANNUR,YESVANTPUR J,18:05:00,08:00:00,654,18,0 days 13:55:00
16531,AJMER JN.,KRANTIVIRA S,05:30:00,04:45:00,2213,38,1 days 23:15:00
16532,KRANTIVIRA S,AJMER JN.,17:00:00,17:40:00,2201,38,2 days 00:40:00
16533,BHAGAT-KI-KO,KRANTIVIRA S,05:30:00,04:45:00,2173,30,1 days 23:15:00
16534,KRANTIVIRA S,BHAGAT-KI-KO,17:00:00,16:45:00,2161,30,1 days 23:45:00
16535,MYSORE JN.,SOLAPUR,16:00:00,12:40:00,966,32,0 days 20:40:00
16536,SOLAPUR,MYSORE JN.,14:10:00,11:00:00,964,32,0 days 20:50:00
16557,MYSORE JN.,KRANTIVIRA S,14:30:00,17:10:00,138,9,0 days 02:40:00
16558,KRANTIVIRA S,MYSORE JN.,10:30:00,13:30:00,138,9,0 days 03:00:00
16565,YESVANTPUR J,MANGALORE CE,23:55:00,17:40:00,833,20,0 days 17:45:00
16566,MANGALORE CE,YESVANTPUR J,20:15:00,13:30:00,833,20,0 days 17:15:00
16569,YESVANTPUR J,KACHEGUDA,14:30:00,03:30:00,611,15,0 days 13:00:00
16570,KACHEGUDA,YESVANTPUR J,14:00:00,03:30:00,599,15,0 days 13:30:00
16571,YESVANTPUR J,BIDAR,19:00:00,09:15:00,687,18,0 days 14:15:00
16572,BIDAR,YESVANTPUR J,18:05:00,07:40:00,687,18,0 days 13:35:00
16573,YESVANTPUR J,PONDICHERRY,21:00:00,07:15:00,453,10,0 days 10:15:00
16574,PONDICHERRY,YESVANTPUR J,20:50:00,08:20:00,452,10,0 days 11:30:00
16575,YESVANTPUR J,MANGALORE JN,07:10:00,16:55:00,409,14,0 days 09:45:00
16576,MANGALORE JN,YESVANTPUR J,11:30:00,20:30:00,394,14,0 days 09:00:00
16577,YESVANTPUR J,HARIHAR JN.,16:15:00,23:30:00,333,12,0 days 07:15:00
16578,HARIHAR JN.,YESVANTPUR J,06:15:00,12:30:00,332,12,0 days 06:15:00
16579,YESVANTPUR J,SHIMOGA TOWN,09:00:00,14:45:00,268,9,0 days 05:45:00
16580,SHIMOGA TOWN,YESVANTPUR J,15:30:00,21:00:00,267,9,0 days 05:30:00
16581,YESVANTPUR J,SHIMOGA TOWN,23:50:00,06:00:00,268,10,0 days 06:10:00
16582,SHIMOGA TOWN,YESVANTPUR J,23:45:00,05:50:00,267,10,0 days 06:05:00
16587,YESVANTPUR J,BIKANER JN.,05:00:00,06:50:00,2440,35,2 days 01:50:00
16588,BIKANER JN.,YESVANTPUR J,22:05:00,03:15:00,2440,34,2 days 05:10:00
16589,KRANTIVIRA S,CHHATRAPATI,21:15:00,13:40:00,797,30,0 days 16:25:00
16590,CHHATRAPATI,KRANTIVIRA S,14:05:00,06:45:00,794,30,0 days 16:40:00
16591,HUBLI JN.,MYSORE JN.,18:20:00,09:15:00,668,30,0 days 14:55:00
16592,MYSORE JN.,HUBLI JN.,19:00:00,10:40:00,668,30,0 days 15:40:00
16593,NANDED,KRANTIVIRA S,06:00:00,05:30:00,1021,43,0 days 23:30:00
16594,KRANTIVIRA S,NANDED,22:45:00,23:30:00,1021,43,1 days 00:45:00
16603,MANGALORE CE,TRIVANDRUM C,17:45:00,07:25:00,620,32,0 days 13:40:00
16604,TRIVANDRUM C,MANGALORE CE,19:25:00,08:05:00,619,31,0 days 12:40:00
16605,MANGALORE CE,NAGERCOIL JN,07:20:00,23:15:00,691,41,0 days 15:55:00
16606,NAGERCOIL JN,MANGALORE CE,02:00:00,17:00:00,689,41,0 days 15:00:00
16613,RAJKOT,COIMBATORE,05:25:00,02:00:00,2220,35,1 days 20:35:00
16614,COIMBATORE,RAJKOT,23:30:00,19:00:00,2222,36,1 days 19:30:00
16615,MANNARGUDI,COIMBATORE,20:15:00,04:45:00,334,10,0 days 08:30:00
16616,COIMBATORE,MANNARGUDI,00:30:00,07:40:00,334,9,0 days 07:10:00
16617,RAMESWARAM,COIMBATORE,19:00:00,06:40:00,498,17,0 days 11:40:00
16618,COIMBATORE,RAMESWARAM,19:45:00,06:30:00,498,15,0 days 10:45:00
16629,TRIVANDRUM C,MANGALORE CE,18:45:00,10:15:00,631,54,0 days 15:30:00
16630,MANGALORE CE,TRIVANDRUM C,18:15:00,09:10:00,632,54,0 days 14:55:00
16649,MANGALORE CE,NAGERCOIL JN,05:25:00,20:55:00,703,52,0 days 15:30:00
16650,NAGERCOIL JN,MANGALORE CE,04:20:00,20:15:00,702,50,0 days 15:55:00
16687,MANGALORE CE,SHRI MATA VA,17:05:00,15:20:00,3663,63,2 days 22:15:00
16688,SHRI MATA VA,MANGALORE CE,21:55:00,22:45:00,3661,67,3 days 00:50:00
16723,CHENNAI EGMO,QUILON,19:50:00,13:00:00,858,31,0 days 17:10:00
16724,QUILON,CHENNAI EGMO,15:00:00,08:05:00,858,32,0 days 17:05:00
16733,RAMESWARAM,OKHA,22:15:00,13:50:00,3177,42,2 days 15:35:00
16734,OKHA,RAMESWARAM,07:30:00,19:45:00,3175,42,2 days 12:15:00
16779,TIRUPATI,RAMESWARAM,13:00:00,07:35:00,816,23,0 days 18:35:00
16780,RAMESWARAM,TIRUPATI,16:00:00,10:15:00,817,23,0 days 18:15:00
16787,TIRUNELVELI,ERODE JN.,16:00:00,01:45:00,454,11,0 days 09:45:00
16788,ERODE JN.,TIRUNELVELI,09:05:00,18:30:00,454,11,0 days 09:25:00
16790,ERODE JN.,TIRUNELVELI,13:40:00,00:55:00,454,11,0 days 11:15:00
16791,PUNALUR,PALAKKAD JN,03:20:00,13:20:00,347,29,0 days 10:00:00
16792,PALAKKAD JN,PUNALUR,16:00:00,01:25:00,348,29,0 days 09:25:00
16793,RAMESWARAM,FAIZABAD JN.,23:00:00,08:30:00,2916,20,2 days 09:30:00
16794,FAIZABAD JN.,RAMESWARAM,23:55:00,07:10:00,2912,20,2 days 07:15:00
16853,CHENNAI EGMO,TIRUCHIRAPPA,08:30:00,16:15:00,400,19,0 days 07:45:00
16854,TIRUCHIRAPPA,CHENNAI EGMO,10:00:00,17:50:00,400,19,0 days 07:50:00
16855,PONDICHERRY,MANGALORE CE,16:35:00,09:30:00,796,23,0 days 16:55:00
16856,MANGALORE CE,PONDICHERRY,17:05:00,10:00:00,795,23,0 days 16:55:00
16857,PONDICHERRY,MANGALORE CE,16:35:00,09:55:00,861,19,0 days 17:20:00
16858,MANGALORE CE,PONDICHERRY,17:05:00,10:00:00,861,19,0 days 16:55:00
16859,CHENNAI EGMO,MANGALORE CE,23:15:00,21:45:00,983,52,0 days 22:30:00
16860,MANGALORE CE,CHENNAI EGMO,06:55:00,04:15:00,982,53,0 days 21:20:00
16861,PONDICHERRY,KANNIYAKUMAR,11:45:00,03:15:00,699,23,0 days 15:30:00
16862,KANNIYAKUMAR,PONDICHERRY,13:50:00,05:25:00,698,23,0 days 15:35:00
16863,BHAGAT-KI-KO,MANNARGUDI,15:30:00,17:15:00,2853,43,2 days 01:45:00
16864,MANNARGUDI,BHAGAT-KI-KO,12:25:00,17:50:00,2855,42,2 days 05:25:00
17001,SAI NAGAR SH,SECUNDERABAD,17:10:00,09:00:00,771,25,0 days 15:50:00
17002,SECUNDERABAD,SAI NAGAR SH,16:40:00,09:18:00,771,25,0 days 16:38:00
17009,BIDAR,HYDERABAD DE,06:50:00,10:25:00,163,9,0 days 03:35:00
17010,SECUNDERABAD,BIDAR,19:15:00,22:45:00,162,9,0 days 03:30:00
17011,HYDERABAD DE,SIRPURKAGHAZ,04:50:00,11:00:00,316,21,0 days 06:10:00
17012,SIRPURKAGHAZ,SECUNDERABAD,12:00:00,17:45:00,305,20,0 days 05:45:00
17013,PUNE JN.,HYDERABAD DE,14:15:00,04:30:00,639,15,0 days 14:15:00
17014,HYDERABAD DE,PUNE JN.,22:45:00,13:15:00,640,15,0 days 14:30:00
17015,BHUBANESWAR,SECUNDERABAD,08:30:00,07:30:00,1135,41,0 days 23:00:00
17016,SECUNDERABAD,BHUBANESWAR,16:50:00,15:40:00,1135,41,0 days 22:50:00
17017,RAJKOT,SECUNDERABAD,05:25:00,10:30:00,1467,27,1 days 05:05:00
17018,SECUNDERABAD,RAJKOT,15:00:00,19:00:00,1468,28,1 days 04:00:00
17019,JAIPUR JN.,HYDERABAD DE,15:00:00,08:10:00,2002,34,1 days 17:10:00
17020,HYDERABAD DE,JAIPUR JN.,15:15:00,06:25:00,2004,34,1 days 15:10:00
17021,HYDERABAD DE,GUNTAKAL JN.,09:20:00,17:05:00,376,9,0 days 07:45:00
17022,GUNTAKAL JN.,HYDERABAD DE,21:00:00,07:40:00,373,9,0 days 10:40:00
17023,SECUNDERABAD,KURNOOL TOWN,07:30:00,12:30:00,243,16,0 days 05:00:00
17024,KURNOOL TOWN,SECUNDERABAD,15:00:00,19:55:00,243,14,0 days 04:55:00
17025,MANUGURU,SECUNDERABAD,21:30:00,04:45:00,341,15,0 days 07:15:00
17026,SECUNDERABAD,MANUGURU,23:45:00,07:00:00,341,15,0 days 07:15:00
17027,SECUNDERABAD,KURNOOL TOWN,16:55:00,21:35:00,243,13,0 days 04:40:00
17028,KURNOOL TOWN,SECUNDERABAD,05:30:00,11:00:00,243,13,0 days 05:30:00
17031,CST-MUMBAI,HYDERABAD DE,12:45:00,05:55:00,791,26,0 days 17:10:00
17032,HYDERABAD DE,CST-MUMBAI,20:40:00,13:05:00,793,26,0 days 16:25:00
17037,SECUNDERABAD,BIKANER JN.,23:55:00,16:50:00,2120,28,1 days 16:55:00
17038,BIKANER JN.,SECUNDERABAD,15:40:00,08:50:00,2121,28,1 days 17:10:00
17057,CST-MUMBAI,SECUNDERABAD,21:10:00,14:30:00,875,30,0 days 17:20:00
17058,SECUNDERABAD,CST-MUMBAI,12:25:00,07:10:00,875,29,0 days 18:45:00
17063,MANMAD JN.,SECUNDERABAD,20:50:00,08:50:00,615,23,0 days 12:00:00
17064,SECUNDERABAD,MANMAD JN.,18:10:00,06:45:00,615,23,0 days 12:35:00
17201,GUNTUR JN.,SECUNDERABAD,06:00:00,13:45:00,391,24,0 days 07:45:00
17202,SECUNDERABAD,GUNTUR JN.,13:00:00,21:15:00,390,25,0 days 08:15:00
17203,BHAVNAGAR TE,KAKINADA POR,04:25:00,21:15:00,2051,31,1 days 16:50:00
17204,KAKINADA POR,BHAVNAGAR TE,03:45:00,19:45:00,2053,32,1 days 16:00:00
17205,SAI NAGAR SH,KAKINADA POR,17:10:00,19:35:00,1346,39,1 days 02:25:00
17206,KAKINADA POR,SAI NAGAR SH,06:00:00,09:18:00,1347,39,1 days 03:18:00
17207,SAI NAGAR SH,VIJAYWADA JN,17:10:00,15:15:00,1129,32,0 days 22:05:00
17208,VIJAYWADA JN,SAI NAGAR SH,10:35:00,09:18:00,1130,32,0 days 22:43:00
17209,KRANTIVIRA S,KAKINADA TOW,11:00:00,06:45:00,962,35,0 days 19:45:00
17210,KAKINADA TOW,KRANTIVIRA S,17:35:00,12:30:00,962,36,0 days 18:55:00
17211,MACHILIPATNA,YESVANTPUR J,15:15:00,09:45:00,768,21,0 days 18:30:00
17212,YESVANTPUR J,MACHILIPATNA,14:30:00,07:15:00,768,21,0 days 16:45:00
17213,NARASAPUR,NAGARSOL,10:25:00,08:30:00,1092,23,0 days 22:05:00
17214,NAGARSOL,NARASAPUR,11:15:00,11:00:00,1092,23,0 days 23:45:00
17215,VIJAYWADA JN,DHARMAVARAM,23:10:00,13:00:00,619,16,0 days 13:50:00
17216,DHARMAVARAM,VIJAYWADA JN,16:00:00,06:50:00,619,16,0 days 14:50:00
17221,KAKINADA POR,LOKMANYA TIL,08:45:00,11:05:00,1306,23,1 days 02:20:00
17222,LOKMANYA TIL,KAKINADA POR,12:25:00,13:30:00,1306,23,1 days 01:05:00
17225,VIJAYWADA JN,HUBLI JN.,19:45:00,11:20:00,693,26,0 days 15:35:00
17226,HUBLI JN.,VIJAYWADA JN,13:30:00,05:15:00,691,26,0 days 15:45:00
17229,TRIVANDRUM C,HYDERABAD DE,07:15:00,12:55:00,1562,43,1 days 05:40:00
17230,HYDERABAD DE,TRIVANDRUM C,11:15:00,18:20:00,1563,43,1 days 07:05:00
17231,NARASAPUR,NAGARSOL,10:25:00,10:00:00,1048,27,0 days 23:35:00
17232,NAGARSOL,NARASAPUR,11:15:00,11:00:00,1048,28,0 days 23:45:00
17233,SECUNDERABAD,BALHARSHAH,15:25:00,01:00:00,375,34,0 days 09:35:00
17234,BALHARSHAH,SECUNDERABAD,02:10:00,10:45:00,374,34,0 days 08:35:00
17235,KRANTIVIRA S,NAGERCOIL JN,17:15:00,07:50:00,669,16,0 days 14:35:00
17236,NAGERCOIL JN,KRANTIVIRA S,19:10:00,09:05:00,668,16,0 days 13:55:00
17239,GUNTUR JN.,VISAKHAPATNA,08:00:00,18:20:00,382,27,0 days 10:20:00
17240,VISAKHAPATNA,GUNTUR JN.,07:20:00,15:30:00,383,26,0 days 08:10:00
17241,NARASAPUR,NIDADAVOLU J,10:00:00,12:00:00,76,8,0 days 02:00:00
17242,NIDADAVOLU J,NARASAPUR,12:30:00,14:35:00,77,8,0 days 02:05:00
17255,NARASAPUR,HYDERABAD DE,18:55:00,05:25:00,462,21,0 days 10:30:00
17256,HYDERABAD DE,NARASAPUR,21:45:00,08:40:00,464,21,0 days 10:55:00
17301,MYSORE JN.,DHARWAD,22:30:00,08:00:00,493,18,0 days 09:30:00
17302,DHARWAD,MYSORE JN.,20:30:00,07:00:00,490,17,0 days 10:30:00
17305,HUBLI JN.,LONDA JN.,16:15:00,18:20:00,90,4,0 days 02:05:00
17307,MYSORE JN.,BAGALKOT,13:30:00,12:10:00,993,34,0 days 22:40:00
17308,BAGALKOT,MYSORE JN.,14:10:00,13:50:00,994,32,0 days 23:40:00
17309,YESVANTPUR J,VASCO-DA-GAM,14:30:00,06:00:00,665,18,0 days 15:30:00
17310,VASCO-DA-GAM,YESVANTPUR J,20:45:00,11:50:00,662,18,0 days 15:05:00
17311,CHENNAI CENT,VASCO-DA-GAM,15:00:00,13:00:00,1029,24,0 days 22:00:00
17312,VASCO-DA-GAM,CHENNAI CENT,14:30:00,11:45:00,1027,25,0 days 21:15:00
17315,VASCO-DA-GAM,VELANKANNI,09:00:00,12:25:00,1269,24,1 days 03:25:00
17316,VELANKANNI,VASCO-DA-GAM,23:45:00,06:00:00,1273,27,1 days 06:15:00
17317,HUBLI JN.,LOKMANYA TIL,15:45:00,07:15:00,732,16,0 days 15:30:00
17318,LOKMANYA TIL,HUBLI JN.,18:45:00,11:15:00,731,16,0 days 16:30:00
17319,HUBLI JN.,SECUNDERABAD,20:50:00,11:45:00,660,22,0 days 14:55:00
17320,SECUNDERABAD,HUBLI JN.,15:40:00,07:30:00,661,22,0 days 15:50:00
17321,HUBLI JN.,LOKMANYA TIL,22:30:00,16:55:00,796,12,0 days 18:25:00
17322,LOKMANYA TIL,HUBLI JN.,21:15:00,17:35:00,797,13,0 days 20:20:00
17323,HUBLI JN.,VARANASI JN.,17:50:00,12:00:00,2037,24,1 days 18:10:00
17324,VARANASI JN.,HUBLI JN.,21:05:00,13:00:00,2037,24,1 days 15:55:00
17325,HUBLI JN.,MYSORE JN.,08:00:00,20:40:00,607,25,0 days 12:40:00
17326,MYSORE JN.,HUBLI JN.,06:10:00,19:05:00,609,25,0 days 12:55:00
17401,TIRUPATI,MACHILIPATNA,19:15:00,05:25:00,466,21,0 days 10:10:00
17402,MACHILIPATNA,TIRUPATI,19:00:00,04:35:00,466,21,0 days 09:35:00
17403,GUDIVADA JN.,NARASAPUR,03:20:00,05:40:00,94,8,0 days 02:20:00
17404,NARASAPUR,GUDIVADA JN.,17:20:00,20:05:00,94,9,0 days 02:45:00
17405,TIRUPATI,ADILABAD,05:25:00,06:15:00,1154,61,1 days 00:50:00
17406,ADILABAD,TIRUPATI,20:45:00,21:25:00,1153,62,1 days 00:40:00
17407,TIRUPATI,MANNARGUDI,10:40:00,21:20:00,462,19,0 days 10:40:00
17408,MANNARGUDI,TIRUPATI,05:45:00,16:35:00,463,19,0 days 10:50:00
17409,ADILABAD,NANDED,08:00:00,12:00:00,184,9,0 days 04:00:00
17410,NANDED,ADILABAD,15:00:00,19:00:00,184,9,0 days 04:00:00
17411,CST-MUMBAI,CHHATRAPATI,20:20:00,07:25:00,517,18,0 days 11:05:00
17412,CHHATRAPATI,CST-MUMBAI,20:30:00,07:25:00,517,19,0 days 10:55:00
17413,TIRUPATI,PONDICHERRY,21:20:00,04:05:00,302,11,0 days 06:45:00
17414,PONDICHERRY,TIRUPATI,08:35:00,15:20:00,302,11,0 days 06:45:00
17415,TIRUPATI,CHHATRAPATI,21:00:00,16:35:00,904,31,0 days 19:35:00
17416,CHHATRAPATI,TIRUPATI,11:35:00,08:00:00,903,32,0 days 20:25:00
17417,TIRUPATI,SAI NAGAR SH,07:00:00,12:15:00,1419,37,1 days 05:15:00
17418,SAI NAGAR SH,TIRUPATI,19:10:00,23:15:00,1419,38,1 days 04:05:00
17419,TIRUPATI,VASCO-DA-GAM,11:20:00,06:00:00,778,31,0 days 18:40:00
17420,VASCO-DA-GAM,TIRUPATI,09:00:00,03:50:00,777,26,0 days 18:50:00
17479,PURI,TIRUPATI,12:30:00,16:20:00,1231,72,1 days 03:50:00
17480,TIRUPATI,PURI,10:35:00,14:40:00,1231,73,1 days 04:05:00
17481,BILASPUR JN.,TIRUPATI,10:05:00,16:20:00,1402,65,1 days 06:15:00
17482,TIRUPATI,BILASPUR JN.,10:35:00,17:40:00,1400,66,1 days 07:05:00
17487,TIRUPATI,VISAKHAPATNA,20:30:00,11:30:00,735,36,0 days 15:00:00
17488,VISAKHAPATNA,TIRUPATI,14:00:00,05:20:00,736,33,0 days 15:20:00
17603,KACHEGUDA,YESVANTPUR J,21:05:00,10:30:00,653,18,0 days 13:25:00
17604,YESVANTPUR J,KACHEGUDA,15:30:00,05:00:00,652,18,0 days 13:30:00
17605,MANGALORE CE,KACHEGUDA,20:15:00,23:50:00,1522,28,1 days 03:35:00
17606,KACHEGUDA,MANGALORE CE,06:00:00,11:30:00,1518,28,1 days 05:30:00
17609,PATNA JN.,PURNA  JN.,23:10:00,07:10:00,1736,17,1 days 08:00:00
17610,PURNA  JN.,PATNA JN.,18:10:00,02:30:00,1738,17,1 days 08:20:00
17613,PANVEL,NANDED,16:00:00,09:25:00,667,13,0 days 17:25:00
17614,NANDED,PANVEL,17:30:00,09:00:00,667,14,0 days 15:30:00
17615,KACHEGUDA,MADURAI JN,06:00:00,06:30:00,1283,23,1 days 00:30:00
17616,MADURAI JN,KACHEGUDA,12:50:00,14:00:00,1286,23,1 days 01:10:00
17617,CST-MUMBAI,NANDED,06:15:00,18:00:00,604,20,0 days 11:45:00
17618,NANDED,CST-MUMBAI,10:05:00,21:50:00,604,20,0 days 11:45:00
17619,AURANGABAD,NANDED,00:45:00,06:30:00,236,8,0 days 05:45:00
17620,NANDED,AURANGABAD,11:50:00,17:20:00,236,8,0 days 05:30:00
17621,AURANGABAD,RENIGUNTA JN,20:50:00,20:05:00,1148,28,0 days 23:15:00
17622,RENIGUNTA JN,AURANGABAD,21:45:00,22:45:00,1148,28,1 days 01:00:00
17623,NANDED,BIKANER JN.,09:00:00,19:30:00,1675,29,1 days 10:30:00
17624,BIKANER JN.,NANDED,15:40:00,02:45:00,1677,29,1 days 11:05:00
17625,KACHEGUDA,REPALLE,22:10:00,06:10:00,347,21,0 days 08:00:00
17626,REPALLE,SECUNDERABAD,22:30:00,07:55:00,341,19,0 days 09:25:00
17639,KACHEGUDA,AKOLA JN.,07:10:00,18:30:00,513,21,0 days 11:20:00
17640,AKOLA JN.,KACHEGUDA,09:30:00,20:15:00,513,21,0 days 10:45:00
17641,KACHEGUDA,NARKHER,07:10:00,23:10:00,730,32,0 days 16:00:00
17642,NARKHER,KACHEGUDA,04:30:00,20:15:00,730,32,0 days 15:45:00
17643,CHENGALPATTU,KAKINADA POR,16:00:00,10:10:00,759,36,0 days 18:10:00
17644,KAKINADA POR,CHENGALPATTU,14:30:00,08:20:00,760,36,0 days 17:50:00
17651,CHENGALPATTU,KACHEGUDA,15:35:00,07:55:00,825,21,0 days 16:20:00
17652,KACHEGUDA,CHENGALPATTU,16:30:00,09:00:00,824,23,0 days 16:30:00
17687,MANMAD JN.,DHARMABAD,15:00:00,00:05:00,416,24,0 days 09:05:00
17688,DHARMABAD,MANMAD JN.,04:00:00,13:20:00,419,24,0 days 09:20:00
18005,HOWRAH JN.,JAGADALPUR,21:30:00,22:45:00,1163,48,1 days 01:15:00
18006,JAGADALPUR,HOWRAH JN.,04:15:00,06:15:00,1164,46,1 days 02:00:00
18007,SHALIMAR,BHANJPUR,17:35:00,22:55:00,260,13,0 days 05:20:00
18008,BHANJPUR,SHALIMAR,06:15:00,12:35:00,259,13,0 days 06:20:00
18009,SANTRAGACHI,AJMER JN.,13:00:00,05:30:00,2000,24,1 days 16:30:00
18010,AJMER JN.,SANTRAGACHI,19:25:00,13:55:00,2002,24,1 days 18:30:00
18029,LOKMANYA TIL,SHALIMAR,22:00:00,12:20:00,1957,83,1 days 14:20:00
18030,SHALIMAR,LOKMANYA TIL,15:00:00,04:50:00,1955,82,1 days 13:50:00
18047,HOWRAH JN.,VASCO-DA-GAM,23:30:00,15:05:00,2128,44,1 days 15:35:00
18048,VASCO-DA-GAM,HOWRAH JN.,07:10:00,22:40:00,2125,45,1 days 15:30:00
18101,TATANAGAR JN,JAMMU TAWI,14:50:00,14:10:00,2017,71,1 days 23:20:00
18102,JAMMU TAWI,TATANAGAR JN,14:20:00,10:20:00,2017,72,1 days 20:00:00
18103,TATANAGAR JN,AMRITSAR JN.,21:15:00,06:30:00,1746,25,1 days 09:15:00
18104,AMRITSAR JN.,TATANAGAR JN,12:35:00,21:45:00,1747,25,1 days 09:10:00
18107,ROURKELA,KORAPUT JN.,18:10:00,07:55:00,644,13,0 days 13:45:00
18108,KORAPUT JN.,ROURKELA,16:45:00,06:15:00,644,13,0 days 13:30:00
18111,TATANAGAR JN,YESVANTPUR J,18:35:00,18:05:00,2434,42,1 days 23:30:00
18112,YESVANTPUR J,TATANAGAR JN,10:30:00,12:15:00,2421,42,2 days 01:45:00
18117,ROURKELA,GUNUPUR,21:20:00,14:15:00,796,26,0 days 16:55:00
18118,GUNUPUR,ROURKELA,14:30:00,08:00:00,796,26,0 days 17:30:00
18181,TATANAGAR JN,CHHAPRA JN.,21:35:00,16:25:00,629,37,0 days 18:50:00
18182,CHHAPRA JN.,TATANAGAR JN,12:35:00,06:35:00,629,37,0 days 18:00:00
18183,TATANAGAR JN,DANAPUR,08:15:00,19:45:00,507,36,0 days 11:30:00
18184,DANAPUR,TATANAGAR JN,05:45:00,17:20:00,507,35,0 days 11:35:00
18189,TATANAGAR JN,ROURKELA,15:30:00,18:20:00,159,9,0 days 02:50:00
18190,ROURKELA,TATANAGAR JN,06:10:00,09:10:00,159,10,0 days 03:00:00
18191,CHHAPRA JN.,FARRUKHABAD,18:00:00,12:20:00,685,33,0 days 18:20:00
18192,FARRUKHABAD,CHHAPRA JN.,13:35:00,08:40:00,687,31,0 days 19:05:00
18201,DURG,NAUTANWA,19:40:00,22:35:00,1207,25,1 days 02:55:00
18202,NAUTANWA,DURG,11:15:00,14:20:00,1212,25,1 days 03:05:00
18203,DURG,KANPUR CENTR,19:40:00,13:20:00,879,20,0 days 17:40:00
18204,KANPUR CENTR,DURG,18:20:00,13:10:00,883,21,0 days 18:50:00
18205,DURG,NAUTANWA,19:40:00,22:35:00,1153,24,1 days 02:55:00
18206,NAUTANWA,DURG,07:50:00,13:10:00,1161,24,1 days 05:20:00
18207,DURG,AJMER JN.,16:00:00,17:50:00,1396,22,1 days 01:50:00
18208,AJMER JN.,DURG,19:30:00,22:15:00,1404,22,1 days 02:45:00
18211,DURG,JAGADALPUR,13:00:00,03:30:00,660,15,0 days 14:30:00
18212,JAGADALPUR,DURG,12:35:00,05:25:00,665,15,0 days 16:50:00
18213,DURG,JAIPUR JN.,16:00:00,15:20:00,1250,20,0 days 23:20:00
18214,JAIPUR JN.,DURG,21:40:00,22:15:00,1258,20,1 days 00:35:00
18215,DURG,JAMMU TAWI,09:00:00,21:35:00,1906,26,1 days 12:35:00
18216,JAMMU TAWI,DURG,05:00:00,19:10:00,1916,26,1 days 14:10:00
18233,INDORE BG,BILASPUR JN.,17:15:00,17:15:00,1008,72,1 days 00:00:00
18234,BILASPUR JN.,INDORE BG,10:40:00,10:50:00,1009,74,1 days 00:10:00
18235,BHOPAL,BILASPUR JN.,08:00:00,03:50:00,720,67,0 days 19:50:00
18236,BILASPUR JN.,BHOPAL,20:35:00,18:15:00,721,67,0 days 21:40:00
18237,BILASPUR JN.,AMRITSAR JN.,14:15:00,08:10:00,1998,85,1 days 17:55:00
18238,AMRITSAR JN.,BILASPUR JN.,16:10:00,12:15:00,1990,89,1 days 20:05:00
18239,GEVRA-ROAD,NAGPUR JN.(C,17:55:00,05:30:00,520,31,0 days 11:35:00
18240,NAGPUR JN.(C,BILASPUR JN.,23:35:00,07:00:00,406,18,0 days 07:25:00
18241,DURG,AMBIKAPUR,20:50:00,08:00:00,463,32,0 days 11:10:00
18242,AMBIKAPUR,DURG,21:30:00,09:10:00,471,32,0 days 11:40:00
18243,BILASPUR JN.,BHAGAT-KI-KO,18:20:00,05:00:00,1818,33,1 days 10:40:00
18244,BHAGAT-KI-KO,BILASPUR JN.,01:35:00,12:45:00,1808,33,1 days 11:10:00
18245,BILASPUR JN.,BIKANER JN.,18:20:00,05:45:00,1884,33,1 days 11:25:00
18246,BIKANER JN.,BILASPUR JN.,23:55:00,12:45:00,1874,33,1 days 12:50:00
18247,BILASPUR JN.,REWA,18:40:00,05:55:00,468,39,0 days 11:15:00
18248,REWA,BILASPUR JN.,22:05:00,09:45:00,465,39,0 days 11:40:00
18301,SAMBALPUR JN,RAYAGADA JN.,06:05:00,12:40:00,321,20,0 days 06:35:00
18302,RAYAGADA JN.,SAMBALPUR JN,14:15:00,20:20:00,321,20,0 days 06:05:00
18303,SAMBALPUR JN,PURI,06:00:00,12:35:00,340,16,0 days 06:35:00
18304,PURI,SAMBALPUR JN,15:45:00,22:30:00,340,16,0 days 06:45:00
18309,SAMBALPUR JN,MURI,07:55:00,16:55:00,378,14,0 days 09:00:00
18310,MURI,SAMBALPUR JN,08:10:00,17:45:00,381,14,0 days 09:35:00
18311,SAMBALPUR JN,VARANASI JN.,13:10:00,08:55:00,890,37,0 days 19:45:00
18312,VARANASI JN.,SAMBALPUR JN,15:35:00,10:50:00,893,37,0 days 19:15:00
18401,PURI,OKHA,09:25:00,13:50:00,2779,41,2 days 04:25:00
18402,OKHA,PURI,08:30:00,10:20:00,2775,41,2 days 01:50:00
18403,CHAKARADHARP,BARBIL,06:20:00,08:55:00,126,6,0 days 02:35:00
18404,BARBIL,CHAKARADHARP,17:15:00,20:10:00,126,6,0 days 02:55:00
18405,PURI,AHMEDABAD,18:20:00,07:25:00,2013,40,1 days 13:05:00
18406,AHMEDABAD,PURI,18:40:00,08:10:00,2005,40,1 days 13:30:00
18407,PURI,SAI NAGAR SH,22:45:00,07:30:00,1697,26,1 days 08:45:00
18408,SAI NAGAR SH,PURI,13:55:00,21:30:00,1691,26,1 days 07:35:00
18409,HOWRAH JN.,PURI,19:00:00,04:35:00,504,20,0 days 09:35:00
18410,PURI,HOWRAH JN.,22:30:00,08:10:00,503,21,0 days 09:40:00
18413,PARADEEP,PURI,18:00:00,22:30:00,172,12,0 days 04:30:00
18414,PURI,PARADEEP,06:00:00,09:45:00,172,12,0 days 03:45:00
18415,BARBIL,PURI,09:25:00,20:10:00,396,30,0 days 10:45:00
18416,PURI,BARBIL,06:00:00,16:25:00,396,30,0 days 10:25:00
18419,PURI,JAYNAGAR,14:25:00,13:35:00,998,24,0 days 23:10:00
18420,JAYNAGAR,PURI,05:00:00,03:10:00,998,24,0 days 22:10:00
18421,PURI,AJMER JN.,22:45:00,21:10:00,2483,41,1 days 22:25:00
18422,AJMER JN.,PURI,17:10:00,18:15:00,2479,41,2 days 01:05:00
18425,PURI,DURG,18:45:00,11:55:00,810,28,0 days 17:10:00
18426,DURG,PURI,16:10:00,09:10:00,803,28,0 days 17:00:00
18437,RAYAGADA JN.,JUNAGARH ROA,05:25:00,08:45:00,146,11,0 days 03:20:00
18438,JUNAGARH ROA,RAYAGADA JN.,18:15:00,21:45:00,146,11,0 days 03:30:00
18447,BHUBANESWAR,JAGADALPUR,19:35:00,13:15:00,784,41,0 days 17:40:00
18448,JAGADALPUR,BHUBANESWAR,14:30:00,08:30:00,784,41,0 days 18:00:00
18449,PURI,PATNA JN.,14:25:00,10:00:00,926,27,0 days 19:35:00
18450,PATNA JN.,PURI,08:55:00,03:10:00,926,27,0 days 18:15:00
18451,HATIA,PURI,15:55:00,07:15:00,686,24,0 days 15:20:00
18452,PURI,HATIA,20:00:00,11:05:00,686,25,0 days 15:05:00
18463,BHUBANESWAR,KRANTIVIRA S,05:30:00,12:05:00,1546,47,1 days 06:35:00
18464,KRANTIVIRA S,BHUBANESWAR,14:00:00,20:50:00,1545,46,1 days 06:50:00
18477,PURI,HARIDWAR JN,20:55:00,20:55:00,2347,76,2 days 00:00:00
18478,HARIDWAR JN,PURI,05:45:00,06:05:00,2354,75,2 days 00:20:00
18495,RAMESWARAM,BHUBANESWAR,08:30:00,18:40:00,1884,25,1 days 10:10:00
18496,BHUBANESWAR,RAMESWARAM,12:00:00,23:00:00,1884,25,1 days 11:00:00
18501,VISAKHAPATNA,GANDHIDHAM J,17:35:00,09:00:00,2116,29,1 days 15:25:00
18502,GANDHIDHAM J,VISAKHAPATNA,22:45:00,14:35:00,2113,29,1 days 15:50:00
18503,VISAKHAPATNA,SAI NAGAR SH,09:00:00,12:15:00,1406,25,1 days 03:15:00
18504,SAI NAGAR SH,VISAKHAPATNA,19:10:00,22:05:00,1405,25,1 days 02:55:00
18507,VISAKHAPATNA,AMRITSAR JN.,23:50:00,23:30:00,2552,48,1 days 23:40:00
18508,AMRITSAR JN.,VISAKHAPATNA,23:45:00,23:50:00,2556,48,2 days 00:05:00
18511,KORAPUT JN.,VISAKHAPATNA,05:20:00,12:20:00,357,12,0 days 07:00:00
18512,VISAKHAPATNA,KORAPUT JN.,13:50:00,20:55:00,357,11,0 days 07:05:00
18517,KORBA,VISAKHAPATNA,16:00:00,07:00:00,726,31,0 days 15:00:00
18518,VISAKHAPATNA,KORBA,19:55:00,11:00:00,727,31,0 days 15:05:00
18519,VISAKHAPATNA,LOKMANYA TIL,23:25:00,04:40:00,1512,20,1 days 05:15:00
18520,LOKMANYA TIL,VISAKHAPATNA,06:55:00,11:15:00,1497,20,1 days 04:20:00
18567,VISAKHAPATNA,QUILON,08:20:00,14:30:00,1572,33,1 days 06:10:00
18568,QUILON,VISAKHAPATNA,21:10:00,01:25:00,1576,33,1 days 04:15:00
18573,VISAKHAPATNA,BHAGAT-KI-KO,05:10:00,21:45:00,2056,35,1 days 16:35:00
18574,BHAGAT-KI-KO,VISAKHAPATNA,14:00:00,07:55:00,2060,35,1 days 17:55:00
18605,RANCHI,JAYNAGAR,16:00:00,08:30:00,637,17,0 days 16:30:00
18606,JAYNAGAR,RANCHI,11:00:00,04:00:00,640,17,0 days 17:00:00
18609,RANCHI,LOKMANYA TIL,21:05:00,12:05:00,2014,29,1 days 15:00:00
18610,LOKMANYA TIL,RANCHI,15:50:00,07:25:00,2018,29,1 days 15:35:00
18611,RANCHI,VARANASI JN.,20:10:00,08:55:00,574,30,0 days 12:45:00
18612,VARANASI JN.,RANCHI,15:35:00,04:15:00,576,30,0 days 12:40:00
18613,RANCHI,CHOPAN,07:45:00,17:45:00,480,20,0 days 10:00:00
18614,CHOPAN,RANCHI,09:00:00,20:25:00,482,20,0 days 11:25:00
18615,HOWRAH JN.,HATIA,22:10:00,07:25:00,430,17,0 days 09:15:00
18616,HATIA,HOWRAH JN.,21:10:00,06:35:00,426,17,0 days 09:25:00
18619,RANCHI,DUMKA,21:25:00,07:15:00,400,17,0 days 09:50:00
18620,DUMKA,RANCHI,18:45:00,04:35:00,402,17,0 days 09:50:00
18621,PATNA JN.,HATIA,15:05:00,05:45:00,571,42,0 days 14:40:00
18622,HATIA,PATNA JN.,22:00:00,13:40:00,569,43,0 days 15:40:00
18623,PATNA JN.,HATIA,21:30:00,08:45:00,417,26,0 days 11:15:00
18624,HATIA,PATNA JN.,19:05:00,06:30:00,414,25,0 days 11:25:00
18625,PATNA JN.,HATIA,11:40:00,21:00:00,417,21,0 days 09:20:00
18626,HATIA,PATNA JN.,06:10:00,15:40:00,414,21,0 days 09:30:00
18631,RANCHI,AJMER JN.,20:10:00,05:20:00,1663,39,1 days 09:10:00
18632,AJMER JN.,RANCHI,19:30:00,04:15:00,1665,39,1 days 08:45:00
18637,HATIA,BANGALORE CA,18:15:00,04:30:00,1884,27,1 days 10:15:00
18638,BANGALORE CA,HATIA,00:15:00,12:55:00,1884,27,1 days 12:40:00
18645,HOWRAH JN.,HYDERABAD DE,11:45:00,17:55:00,1602,59,1 days 06:10:00
18646,HYDERABAD DE,HOWRAH JN.,09:50:00,16:10:00,1602,61,1 days 06:20:00
18695,ISLAMPUR,PATNA JN.,17:30:00,20:30:00,64,8,0 days 03:00:00
18696,PATNA JN.,ISLAMPUR,07:50:00,10:15:00,64,8,0 days 02:25:00
18697,PURNEA COURT,PATNA JN.,02:15:00,10:25:00,314,27,0 days 08:10:00
18698,PATNA JN.,PURNEA COURT,16:45:00,01:15:00,314,27,0 days 08:30:00
19015,MUMBAI CENTR,PORBANDAR,08:20:00,05:35:00,958,63,0 days 21:15:00
19016,PORBANDAR,MUMBAI CENTR,21:05:00,19:15:00,958,62,0 days 22:10:00
19019,BANDRA TERMI,DEHRA DUN,00:05:00,17:35:00,1676,98,1 days 17:30:00
19020,DEHRA DUN,BANDRA TERMI,10:00:00,04:20:00,1678,92,1 days 18:20:00
19021,BANDRA TERMI,LUCKNOW JN.,12:55:00,19:05:00,1681,23,1 days 06:10:00
19022,LUCKNOW JN.,BANDRA TERMI,00:10:00,08:00:00,1681,23,1 days 07:50:00
19023,MUMBAI CENTR,FIROZPUR CAN,07:25:00,22:15:00,1759,94,1 days 14:50:00
19024,FIROZPUR CAN,MUMBAI CENTR,05:00:00,19:35:00,1762,97,1 days 14:35:00
19025,SURAT,AMRAVATI,11:00:00,22:30:00,567,21,0 days 11:30:00
19026,AMRAVATI,SURAT,09:00:00,21:00:00,567,21,0 days 12:00:00
19027,BANDRA TERMI,JAMMU TAWI,12:15:00,01:25:00,1878,33,1 days 13:10:00
19028,JAMMU TAWI,BANDRA TERMI,09:30:00,22:25:00,1879,33,1 days 12:55:00
19031,AHMEDABAD,HARIDWAR JN,10:05:00,12:20:00,1200,43,1 days 02:15:00
19032,HARIDWAR JN,AHMEDABAD,15:20:00,17:10:00,1203,43,1 days 01:50:00
19033,VALSAD,AHMEDABAD,04:05:00,10:25:00,297,27,0 days 06:20:00
19034,AHMEDABAD,VALSAD,18:10:00,00:25:00,297,27,0 days 06:15:00
19035,VADODARA JN.,AHMEDABAD,18:15:00,20:30:00,99,10,0 days 02:15:00
19036,AHMEDABAD,VADODARA JN.,14:20:00,17:00:00,99,11,0 days 02:40:00
19037,BANDRA TERMI,GORAKHPUR JN,22:40:00,13:45:00,1832,68,1 days 15:05:00
19038,GORAKHPUR JN,BANDRA TERMI,13:20:00,04:35:00,1831,68,1 days 15:15:00
19039,BANDRA TERMI,MUZAFFARPUR,22:40:00,21:50:00,2142,82,1 days 23:10:00
19040,MUZAFFARPUR,BANDRA TERMI,06:00:00,04:35:00,2140,82,1 days 22:35:00
19041,BANDRA TERMI,GHAZIPUR CIT,23:25:00,10:30:00,1909,31,1 days 11:05:00
19042,GHAZIPUR CIT,BANDRA TERMI,19:30:00,07:50:00,1910,27,1 days 12:20:00
19045,SURAT,CHHAPRA JN.,09:50:00,18:35:00,1732,35,1 days 08:45:00
19046,CHHAPRA JN.,SURAT,09:00:00,18:40:00,1730,35,1 days 09:40:00
19051,VALSAD,MUZAFFARPUR,20:15:00,07:15:00,1786,17,1 days 11:00:00
19052,MUZAFFARPUR,VALSAD,19:40:00,05:05:00,1785,17,1 days 09:25:00
19053,SURAT,MUZAFFARPUR,06:10:00,04:30:00,2121,25,1 days 22:20:00
19054,MUZAFFARPUR,SURAT,19:40:00,17:10:00,2120,25,1 days 21:30:00
19055,VALSAD,JODHPUR JN.,22:25:00,14:40:00,750,18,0 days 16:15:00
19056,JODHPUR JN.,VALSAD,17:30:00,09:05:00,751,18,0 days 15:35:00
19057,UDHNA JN.,VARANASI JN.,22:10:00,01:15:00,1403,13,1 days 03:05:00
19058,VARANASI JN.,UDHNA JN.,05:20:00,10:35:00,1402,13,1 days 05:15:00
19061,BANDRA TERMI,RAMNAGAR,05:10:00,10:55:00,1635,28,1 days 05:45:00
19062,RAMNAGAR,BANDRA TERMI,16:20:00,22:25:00,1636,28,1 days 06:05:00
19063,UDHNA JN.,DANAPUR,07:20:00,13:35:00,1596,18,1 days 06:15:00
19064,DANAPUR,UDHNA JN.,16:40:00,23:25:00,1595,18,1 days 06:45:00
19107,AHMEDABAD,UDHAMPUR,10:25:00,17:30:00,1537,19,1 days 07:05:00
19108,UDHAMPUR,AHMEDABAD,20:50:00,07:00:00,1539,19,1 days 10:10:00
19115,DADAR,NEW BHUJ,15:00:00,07:00:00,843,29,0 days 16:00:00
19116,NEW BHUJ,DADAR,22:25:00,13:45:00,843,29,0 days 15:20:00
19119,AHMEDABAD,SOMNATH,10:40:00,20:00:00,435,19,0 days 09:20:00
19120,SOMNATH,AHMEDABAD,06:25:00,15:55:00,435,19,0 days 09:30:00
19151,PALANPUR JN,GANDHIDHAM J,15:50:00,21:50:00,300,17,0 days 06:00:00
19152,GANDHIDHAM J,PALANPUR JN,06:00:00,11:55:00,300,17,0 days 05:55:00
19165,AHMEDABAD,DARBHANGA JN,21:00:00,19:15:00,1945,70,1 days 22:15:00
19166,DARBHANGA JN,AHMEDABAD,04:35:00,03:45:00,1945,72,1 days 23:10:00
19167,AHMEDABAD,VARANASI JN.,21:00:00,09:35:00,1600,57,1 days 12:35:00
19168,VARANASI JN.,AHMEDABAD,14:30:00,03:45:00,1601,57,1 days 13:15:00
19201,SECUNDERABAD,PORBANDAR,15:00:00,23:55:00,1690,29,1 days 08:55:00
19202,PORBANDAR,SECUNDERABAD,00:40:00,10:30:00,1689,29,1 days 09:50:00
19215,MUMBAI CENTR,PORBANDAR,08:20:00,05:35:00,958,63,0 days 21:15:00
19217,BANDRA TERMI,JAMNAGAR,17:10:00,08:50:00,807,30,0 days 15:40:00
19218,JAMNAGAR,BANDRA TERMI,13:55:00,05:40:00,807,33,0 days 15:45:00
19223,AHMEDABAD,JAMMU TAWI,11:20:00,19:35:00,1474,58,1 days 08:15:00
19224,JAMMU TAWI,AHMEDABAD,07:50:00,15:00:00,1476,60,1 days 07:10:00
19225,BATHINDA JN,JAMMU TAWI,18:40:00,06:35:00,489,24,0 days 11:55:00
19226,JAMMU TAWI,BATHINDA JN,21:25:00,09:40:00,489,24,0 days 12:15:00
19251,SOMNATH,OKHA,22:35:00,08:25:00,438,17,0 days 09:50:00
19252,OKHA,SOMNATH,20:05:00,05:30:00,438,17,0 days 09:25:00
19259,KOCHUVELI,BHAVNAGAR TE,15:45:00,13:15:00,2274,41,1 days 21:30:00
19260,BHAVNAGAR TE,KOCHUVELI,07:15:00,02:50:00,2270,41,1 days 19:35:00
19261,KOCHUVELI,PORBANDAR,11:00:00,08:30:00,2427,30,1 days 21:30:00
19262,PORBANDAR,KOCHUVELI,18:40:00,15:15:00,2423,30,1 days 20:35:00
19263,PORBANDAR,DELHI-SARAI,15:10:00,19:35:00,1394,28,1 days 04:25:00
19264,DELHI-SARAI,PORBANDAR,08:20:00,12:55:00,1396,32,1 days 04:35:00
19269,PORBANDAR,MUZAFFARPUR,15:10:00,18:05:00,2465,35,2 days 02:55:00
19270,MUZAFFARPUR,PORBANDAR,15:15:00,17:20:00,2465,35,2 days 02:05:00
19301,INDORE BG,YESVANTPUR J,21:05:00,11:15:00,1895,32,1 days 14:10:00
19302,YESVANTPUR J,INDORE BG,11:20:00,05:15:00,1895,32,1 days 17:55:00
19303,INDORE BG,BHOPAL,23:45:00,05:20:00,262,18,0 days 05:35:00
19304,BHOPAL,INDORE BG,22:55:00,04:35:00,262,17,0 days 05:40:00
19307,INDORE BG,CHANDIGARH,05:35:00,06:45:00,1100,19,1 days 01:10:00
19308,CHANDIGARH,INDORE BG,19:10:00,17:35:00,1102,19,0 days 22:25:00
19309,GANDHINAGAR,INDORE BG,18:25:00,06:30:00,563,19,0 days 12:05:00
19310,INDORE BG,GANDHINAGAR,22:45:00,10:00:00,564,19,0 days 11:15:00
19311,PUNE JN.,INDORE BG,17:30:00,11:25:00,969,17,0 days 17:55:00
19312,INDORE BG,PUNE JN.,16:50:00,12:25:00,970,17,0 days 19:35:00
19313,INDORE BG,RAJENDRANAGA,14:00:00,17:20:00,1347,17,1 days 03:20:00
19314,RAJENDRANAGA,INDORE BG,11:10:00,15:05:00,1347,17,1 days 03:55:00
19321,INDORE BG,RAJENDRANAGA,14:00:00,17:20:00,1394,17,1 days 03:20:00
19322,RAJENDRANAGA,INDORE BG,11:10:00,15:05:00,1395,17,1 days 03:55:00
19323,INDORE BG,BHOPAL,06:45:00,10:50:00,217,7,0 days 04:05:00
19324,BHOPAL,INDORE BG,17:15:00,21:35:00,217,7,0 days 04:20:00
19325,INDORE BG,AMRITSAR JN.,16:00:00,21:05:00,1323,24,1 days 05:05:00
19326,AMRITSAR JN.,INDORE BG,23:15:00,02:30:00,1326,24,1 days 03:15:00
19327,RATLAM JN,UDAIPUR CITY,16:45:00,23:59:00,302,16,0 days 07:14:00
19328,UDAIPUR CITY,RATLAM JN,01:15:00,08:00:00,302,16,0 days 06:45:00
19329,INDORE BG,UDAIPUR CITY,07:30:00,19:15:00,481,18,0 days 11:45:00
19330,UDAIPUR CITY,INDORE BG,20:35:00,09:00:00,481,18,0 days 12:25:00
19331,KOCHUVELI,INDORE BG,11:00:00,05:15:00,2300,32,1 days 18:15:00
19332,INDORE BG,KOCHUVELI,21:05:00,18:30:00,2296,32,1 days 21:25:00
19401,AHMEDABAD,LUCKNOW JN.,11:35:00,14:25:00,1298,27,1 days 02:50:00
19402,LUCKNOW JN.,AHMEDABAD,22:55:00,02:50:00,1300,27,1 days 03:55:00
19403,AHMEDABAD,SULTANPUR JN,06:05:00,12:05:00,1550,20,1 days 06:00:00
19404,SULTANPUR JN,AHMEDABAD,17:50:00,23:55:00,1552,20,1 days 06:05:00
19407,AHMEDABAD,VARANASI JN.,21:00:00,05:40:00,1693,21,1 days 08:40:00
19408,VARANASI JN.,AHMEDABAD,15:35:00,23:55:00,1696,21,1 days 08:20:00
19409,AHMEDABAD,GORAKHPUR JN,11:35:00,19:25:00,1569,29,1 days 07:50:00
19410,GORAKHPUR JN,AHMEDABAD,04:45:00,13:30:00,1569,29,1 days 08:45:00
19411,AHMEDABAD,AJMER JN.,09:10:00,18:50:00,489,12,0 days 09:40:00
19412,AJMER JN.,AHMEDABAD,06:25:00,15:35:00,491,12,0 days 09:10:00
19413,AHMEDABAD,KOLKATA,06:05:00,15:15:00,2617,37,2 days 09:10:00
19414,KOLKATA,AHMEDABAD,13:10:00,19:15:00,2618,37,2 days 06:05:00
19415,AHMEDABAD,SHRI MATA VA,19:05:00,06:50:00,1716,31,1 days 11:45:00
19416,SHRI MATA VA,AHMEDABAD,10:20:00,23:55:00,1718,31,1 days 13:35:00
19419,CHENNAI CENT,AHMEDABAD,20:00:00,05:45:00,1721,26,1 days 09:45:00
19420,AHMEDABAD,CHENNAI CENT,09:40:00,17:10:00,1719,27,1 days 07:30:00
19421,AHMEDABAD,PATNA JN.,21:50:00,07:50:00,1666,29,1 days 10:00:00
19422,PATNA JN.,AHMEDABAD,10:10:00,22:20:00,1669,28,1 days 12:10:00
19565,OKHA,DEHRA DUN,08:30:00,19:40:00,1662,33,1 days 11:10:00
19566,DEHRA DUN,OKHA,05:50:00,16:10:00,1664,33,1 days 10:20:00
19567,TUTICORIN,OKHA,22:00:00,01:35:00,2730,42,2 days 03:35:00
19568,OKHA,TUTICORIN,23:55:00,07:10:00,2730,43,2 days 07:15:00
19571,RAJKOT,PORBANDAR,07:15:00,11:55:00,201,15,0 days 04:40:00
19572,PORBANDAR,RAJKOT,14:30:00,18:45:00,201,15,0 days 04:15:00
19573,OKHA,JAIPUR JN.,19:20:00,15:15:00,1049,20,0 days 19:55:00
19574,JAIPUR JN.,OKHA,16:40:00,13:50:00,1051,20,0 days 21:10:00
19575,OKHA,NATHDWARA,07:30:00,05:50:00,1126,20,0 days 22:20:00
19576,NATHDWARA,OKHA,21:40:00,20:50:00,1126,20,0 days 23:10:00
19577,TIRUNELVELI,JAMNAGAR,07:45:00,05:15:00,2438,29,1 days 21:30:00
19578,JAMNAGAR,TIRUNELVELI,21:00:00,22:20:00,2434,29,2 days 01:20:00
19579,RAJKOT,DELHI-SARAI,12:30:00,10:15:00,1102,24,0 days 21:45:00
19580,DELHI-SARAI,RAJKOT,13:10:00,10:40:00,1105,24,0 days 21:30:00
19601,UDAIPUR CITY,NEW JALPAIGU,00:20:00,18:35:00,2235,29,1 days 18:15:00
19602,NEW JALPAIGU,UDAIPUR CITY,08:15:00,03:55:00,2232,29,1 days 19:40:00
19607,KOLKATA,MADAR JN,11:25:00,05:40:00,2000,30,1 days 18:15:00
19608,MADAR JN,KOLKATA,18:55:00,17:00:00,2004,30,1 days 22:05:00
19609,UDAIPUR CITY,HARIDWAR JN,13:05:00,10:25:00,968,29,0 days 21:20:00
19611,AJMER JN.,AMRITSAR JN.,17:55:00,14:45:00,1006,31,0 days 20:50:00
19612,AMRITSAR JN.,AJMER JN.,14:30:00,10:00:00,1006,31,0 days 19:30:00
19613,AJMER JN.,AMRITSAR JN.,17:55:00,10:45:00,847,26,0 days 16:50:00
19614,AMRITSAR JN.,AJMER JN.,17:50:00,10:00:00,847,26,0 days 16:10:00
19659,SHALIMAR,UDAIPUR CITY,20:22:00,08:55:00,1880,24,1 days 12:33:00
19660,UDAIPUR CITY,SHALIMAR,20:00:00,09:55:00,1883,24,1 days 13:55:00
19665,KHAJAURAHO,UDAIPUR CITY,09:25:00,06:35:00,1080,29,0 days 21:10:00
19666,UDAIPUR CITY,KHAJAURAHO,22:20:00,19:50:00,1080,29,0 days 21:30:00
19707,BANDRA TERMI,JAIPUR JN.,20:55:00,18:55:00,1103,39,0 days 22:00:00
19708,JAIPUR JN.,BANDRA TERMI,08:40:00,06:35:00,1106,39,0 days 21:55:00
19709,JAIPUR JN.,KAMAKHYA JN,23:30:00,23:55:00,2213,37,2 days 00:25:00
19710,KAMAKHYA JN,JAIPUR JN.,18:45:00,18:10:00,2210,37,1 days 23:25:00
19711,JAIPUR JN.,BHOPAL,18:10:00,11:25:00,792,34,0 days 17:15:00
19712,BHOPAL,JAIPUR JN.,16:50:00,09:25:00,792,34,0 days 16:35:00
19713,JAIPUR JN.,SECUNDERABAD,21:05:00,07:30:00,1726,31,1 days 10:25:00
19714,SECUNDERABAD,JAIPUR JN.,21:20:00,06:15:00,1726,31,1 days 08:55:00
19715,JAIPUR JN.,LUCKNOW JN.,21:00:00,10:25:00,675,17,0 days 13:25:00
19716,LUCKNOW JN.,JAIPUR JN.,12:10:00,01:45:00,674,17,0 days 13:35:00
19717,JAIPUR JN.,CHANDIGARH,16:40:00,04:55:00,569,17,0 days 12:15:00
19718,CHANDIGARH,JAIPUR JN.,12:45:00,00:50:00,569,17,0 days 12:05:00
19803,KOTA,SHRI MATA VA,14:30:00,15:20:00,1125,30,1 days 00:50:00
19804,SHRI MATA VA,KOTA,21:55:00,23:50:00,1127,30,1 days 01:55:00
19805,KOTA,UDHAMPUR,14:30:00,12:15:00,1084,22,0 days 21:45:00
19806,UDHAMPUR,KOTA,14:35:00,11:10:00,1086,22,0 days 20:35:00
19807,KOTA,JAIPUR JN.,00:05:00,04:45:00,238,11,0 days 04:40:00
19808,JAIPUR JN.,KOTA,00:30:00,05:20:00,239,11,0 days 04:50:00
20501,AGARTALA,ANAND VIHAR,18:30:00,11:20:00,2412,16,1 days 16:50:00
20502,ANAND VIHAR,AGARTALA,19:50:00,13:30:00,2413,16,1 days 17:40:00
20601,CHENNAI CENT,MADURAI JN,22:30:00,07:20:00,558,6,0 days 08:50:00
20602,MADURAI JN,CHENNAI CENT,22:45:00,07:40:00,554,7,0 days 08:55:00
20651,KRANTIVIRA S,SHIMOGA TOWN,15:00:00,19:55:00,273,11,0 days 04:55:00
20652,SHIMOGA TOWN,KRANTIVIRA S,06:40:00,11:35:00,273,11,0 days 04:55:00
20809,SAMBALPUR JN,NANDED,11:15:00,14:20:00,1486,22,1 days 03:05:00
20810,NANDED,SAMBALPUR JN,16:35:00,19:30:00,1484,22,1 days 02:55:00
20811,VISAKHAPATNA,NANDED,20:45:00,14:20:00,981,13,0 days 17:35:00
20812,NANDED,VISAKHAPATNA,16:35:00,10:15:00,978,13,0 days 17:40:00
20813,PURI,JODHPUR JN.,16:00:00,12:00:00,2433,43,1 days 20:00:00
20814,JODHPUR JN.,PURI,14:00:00,10:00:00,2426,43,1 days 20:00:00
20815,TATANAGAR JN,VISAKHAPATNA,13:00:00,04:30:00,862,24,0 days 15:30:00
20816,VISAKHAPATNA,TATANAGAR JN,17:50:00,09:30:00,862,24,0 days 15:40:00
20817,BHUBANESWAR,NEW DELHI,07:10:00,10:40:00,1893,13,1 days 03:30:00
20818,NEW DELHI,BHUBANESWAR,17:05:00,20:35:00,1894,13,1 days 03:30:00
20889,HOWRAH JN.,VIJAYWADA JN,12:40:00,07:45:00,1234,8,0 days 19:05:00
20890,VIJAYWADA JN,HOWRAH JN.,23:05:00,18:30:00,1233,8,0 days 19:25:00
20901,CHITTAURGARH,AJMER JN.,13:40:00,17:15:00,185,4,0 days 03:35:00
20902,AJMER JN.,CHITTAURGARH,20:05:00,23:15:00,185,4,0 days 03:10:00
20903,VADODARA JN.,VARANASI JN.,19:40:00,22:20:00,1536,11,1 days 02:40:00
20904,VARANASI JN.,VADODARA JN.,06:10:00,09:40:00,1535,11,1 days 03:30:00
21067,PARTAPGARH J,RAE BARELI J,06:21:00,08:20:00,95,4,0 days 01:59:00
21068,RAE BARELI J,PARTAPGARH J,16:15:00,17:55:00,95,4,0 days 01:40:00
21107,KHAJAURAHO,MAHOBA,23:50:00,00:50:00,63,2,0 days 01:00:00
21108,MAHOBA,KHAJAURAHO,04:10:00,05:20:00,63,2,0 days 01:10:00
21125,INDORE BG,BHIND,20:05:00,09:50:00,643,17,0 days 13:45:00
21126,BHIND,INDORE BG,17:10:00,07:55:00,643,17,0 days 14:45:00
22101,CST-MUMBAI,MANMAD JN.,18:45:00,23:25:00,260,7,0 days 04:40:00
22102,MANMAD JN.,CST-MUMBAI,05:25:00,10:07:00,260,8,0 days 04:42:00
22103,LOKMANYA TIL,FAIZABAD JN.,14:30:00,17:50:00,1600,17,1 days 03:20:00
22104,FAIZABAD JN.,LOKMANYA TIL,23:55:00,05:00:00,1599,17,1 days 05:05:00
22105,CST-MUMBAI,PUNE JN.,05:40:00,09:05:00,191,8,0 days 03:25:00
22106,PUNE JN.,CST-MUMBAI,18:35:00,22:00:00,191,7,0 days 03:25:00
22109,LOKMANYA TIL,HAZRAT NIZAM,14:30:00,10:25:00,1501,9,0 days 19:55:00
22110,HAZRAT NIZAM,LOKMANYA TIL,15:45:00,11:45:00,1504,9,0 days 20:00:00
22111,BHUSAVAL JN.,NAGPUR JN.(C,05:35:00,16:10:00,603,20,0 days 10:35:00
22112,NAGPUR JN.(C,BHUSAVAL JN.,07:20:00,17:45:00,604,20,0 days 10:25:00
22113,LOKMANYA TIL,KOCHUVELI,16:55:00,20:25:00,1513,26,1 days 03:30:00
22114,KOCHUVELI,LOKMANYA TIL,00:35:00,04:10:00,1517,26,1 days 03:35:00
22115,LOKMANYA TIL,KARMALI,01:10:00,11:00:00,545,8,0 days 09:50:00
22116,KARMALI,LOKMANYA TIL,14:00:00,23:55:00,547,8,0 days 09:55:00
22117,PUNE JN.,AMRAVATI,15:15:00,03:15:00,730,10,0 days 12:00:00
22118,AMRAVATI,PUNE JN.,18:35:00,07:40:00,730,10,0 days 13:05:00
22119,CST-MUMBAI,KARMALI,05:00:00,13:20:00,561,7,0 days 08:20:00
22120,KARMALI,CST-MUMBAI,14:30:00,23:00:00,563,7,0 days 08:30:00
22121,LOKMANYA TIL,LUCKNOW JN.,14:20:00,13:45:00,1411,11,0 days 23:25:00
22122,LUCKNOW JN.,LOKMANYA TIL,16:20:00,17:30:00,1411,11,1 days 01:10:00
22123,PUNE JN.,AJNI,15:15:00,05:15:00,892,10,0 days 14:00:00
22124,AJNI,PUNE JN.,19:50:00,11:45:00,892,10,0 days 15:55:00
22125,NAGPUR JN.(C,AMRITSAR JN.,17:50:00,21:05:00,1518,10,1 days 03:15:00
22126,AMRITSAR JN.,NAGPUR JN.(C,04:10:00,04:25:00,1521,10,1 days 00:15:00
22127,LOKMANYA TIL,KAZIPET JN.,11:30:00,06:45:00,1122,21,0 days 19:15:00
22128,KAZIPET JN.,LOKMANYA TIL,18:30:00,13:45:00,1123,21,0 days 19:15:00
22131,PUNE JN.,MANDUADIH,16:15:00,19:20:00,1543,19,1 days 03:05:00
22132,MANDUADIH,PUNE JN.,04:15:00,08:05:00,1543,19,1 days 03:50:00
22133,SOLAPUR,YESVANTPUR J,19:20:00,07:10:00,644,13,0 days 11:50:00
22134,YESVANTPUR J,SOLAPUR,20:50:00,08:40:00,644,13,0 days 11:50:00
22135,NAGPUR JN.(C,REWA,07:20:00,19:50:00,780,16,0 days 12:30:00
22136,REWA,NAGPUR JN.(C,20:50:00,10:55:00,780,16,0 days 14:05:00
22137,NAGPUR JN.(C,AHMEDABAD,10:30:00,03:25:00,961,14,0 days 16:55:00
22138,AHMEDABAD,NAGPUR JN.(C,17:25:00,10:40:00,961,14,0 days 17:15:00
22140,SOLAPUR,CST-MUMBAI,21:10:00,05:10:00,457,8,0 days 08:00:00
22143,CST-MUMBAI,BIDAR,21:00:00,09:15:00,667,17,0 days 12:15:00
22144,BIDAR,CST-MUMBAI,19:50:00,07:55:00,667,17,0 days 12:05:00
22145,PANDHARPUR,MIRAJ JN.,21:16:00,23:45:00,136,9,0 days 02:29:00
22146,MIRAJ JN.,PANDHARPUR,18:25:00,20:54:00,136,9,0 days 02:29:00
22147,DADAR,SAI NAGAR SH,21:45:00,03:45:00,330,8,0 days 06:00:00
22148,SAI NAGAR SH,DADAR,09:20:00,15:20:00,330,8,0 days 06:00:00
22149,ERNAKULAM. J,PUNE JN.,05:15:00,05:50:00,1371,18,1 days 00:35:00
22150,PUNE JN.,ERNAKULAM. J,18:45:00,18:50:00,1366,18,1 days 00:05:00
22151,PUNE JN.,KAZIPET JN.,21:45:00,18:35:00,1191,19,0 days 20:50:00
22152,KAZIPET JN.,PUNE JN.,13:30:00,11:05:00,1193,19,0 days 21:35:00
22161,BHOPAL,DAMOH,17:55:00,22:45:00,290,11,0 days 04:50:00
22162,DAMOH,BHOPAL,05:00:00,10:05:00,292,11,0 days 05:05:00
22163,BHOPAL,KHAJAURAHO,06:50:00,13:30:00,367,9,0 days 06:40:00
22164,KHAJAURAHO,BHOPAL,16:15:00,22:55:00,367,9,0 days 06:40:00
22165,BHOPAL,SINGRAULI,21:00:00,08:45:00,656,11,0 days 11:45:00
22166,SINGRAULI,BHOPAL,20:20:00,08:20:00,655,11,0 days 12:00:00
22168,HAZRAT NIZAM,SINGRAULI,00:05:00,18:40:00,1050,11,0 days 18:35:00
22181,JABALPUR,HAZRAT NIZAM,15:00:00,05:15:00,883,15,0 days 14:15:00
22182,HAZRAT NIZAM,JABALPUR,17:50:00,08:20:00,886,15,0 days 14:30:00
22187,HABIBGANJ,JABALPUR,06:50:00,12:20:00,330,10,0 days 05:30:00
22188,JABALPUR,HABIBGANJ,16:10:00,22:15:00,330,10,0 days 06:05:00
22189,JABALPUR,REWA,17:05:00,21:20:00,238,11,0 days 04:15:00
22190,REWA,JABALPUR,06:00:00,10:15:00,238,11,0 days 04:15:00
22191,INDORE BG,JABALPUR,18:40:00,04:40:00,554,19,0 days 10:00:00
22192,JABALPUR,INDORE BG,23:55:00,09:55:00,554,19,0 days 10:00:00
22201,SEALDAH,PURI,20:00:00,03:55:00,527,3,0 days 07:55:00
22202,PURI,SEALDAH,19:45:00,04:00:00,526,3,0 days 08:15:00
22203,VISAKHAPATNA,SECUNDERABAD,19:45:00,06:15:00,708,3,0 days 10:30:00
22204,SECUNDERABAD,VISAKHAPATNA,20:15:00,06:30:00,708,3,0 days 10:15:00
22205,CHENNAI CENT,MADURAI JN,22:30:00,07:10:00,553,3,0 days 08:40:00
22206,MADURAI JN,CHENNAI CENT,22:45:00,07:20:00,555,3,0 days 08:35:00
22207,CHENNAI CENT,TRIVANDRUM C,16:25:00,06:45:00,901,11,0 days 14:20:00
22208,TRIVANDRUM C,CHENNAI CENT,21:30:00,12:00:00,904,11,0 days 14:30:00
22209,MUMBAI CENTR,NEW DELHI,23:15:00,16:30:00,1373,5,0 days 17:15:00
22210,NEW DELHI,MUMBAI CENTR,23:25:00,16:15:00,1376,5,0 days 16:50:00
22213,SHALIMAR,PATNA JN.,22:05:00,06:40:00,538,4,0 days 08:35:00
22214,PATNA JN.,SHALIMAR,20:45:00,05:40:00,539,4,0 days 08:55:00
22307,MERTA ROAD J,BIKANER JN.,05:00:00,08:45:00,172,5,0 days 03:45:00
22308,BIKANER JN.,MERTA ROAD J,18:45:00,21:35:00,173,5,0 days 02:50:00
22309,HOWRAH JN.,NEW JALPAIGU,23:05:00,09:00:00,560,8,0 days 09:55:00
22310,NEW JALPAIGU,HOWRAH JN.,12:35:00,22:50:00,560,8,0 days 10:15:00
22321,HOWRAH JN.,SIURI,06:45:00,11:05:00,239,10,0 days 04:20:00
22322,SIURI,HOWRAH JN.,13:40:00,18:00:00,240,10,0 days 04:20:00
22323,KOLKATA,GHAZIPUR CIT,22:45:00,12:25:00,757,9,0 days 13:40:00
22324,GHAZIPUR CIT,KOLKATA,23:30:00,13:15:00,758,9,0 days 13:45:00
22351,PATLIPUTRA,YESVANTPUR J,20:15:00,20:55:00,2706,28,2 days 00:40:00
22352,YESVANTPUR J,PATLIPUTRA,09:55:00,10:00:00,2712,28,2 days 00:05:00
22356,CHANDIGARH,PATLIPUTRA,22:05:00,19:15:00,1142,16,0 days 21:10:00
22387,HOWRAH JN.,DHANBAD JN.,06:15:00,11:10:00,269,16,0 days 04:55:00
22388,DHANBAD JN.,HOWRAH JN.,16:25:00,21:20:00,270,16,0 days 04:55:00
22401,DELHI-SARAI,UDHAMPUR,22:15:00,08:55:00,630,8,0 days 10:40:00
22402,UDHAMPUR,DELHI-SARAI,18:00:00,04:20:00,630,8,0 days 10:20:00
22403,PONDICHERRY,NEW DELHI,09:15:00,02:10:00,2364,15,1 days 16:55:00
22404,NEW DELHI,PONDICHERRY,23:45:00,17:55:00,2363,15,1 days 18:10:00
22405,BHAGALPUR,ANAND VIHAR,13:30:00,08:20:00,1193,22,0 days 18:50:00
22406,ANAND VIHAR,BHAGALPUR,16:55:00,10:45:00,1193,22,0 days 17:50:00
22407,VARANASI JN.,ANAND VIHAR,19:30:00,10:15:00,780,9,0 days 14:45:00
22408,ANAND VIHAR,VARANASI JN.,18:15:00,08:05:00,780,9,0 days 13:50:00
22409,GAYA JN.,ANAND VIHAR,19:30:00,11:50:00,968,10,0 days 16:20:00
22410,ANAND VIHAR,GAYA JN.,19:10:00,09:50:00,968,10,0 days 14:40:00
22411,NAHARLAGUN,NEW DELHI,21:35:00,11:40:00,2127,16,1 days 14:05:00
22412,NEW DELHI,NAHARLAGUN,15:50:00,05:55:00,2130,16,1 days 14:05:00
22413,MADGOAN JN.,HAZRAT NIZAM,10:00:00,12:40:00,1908,10,1 days 02:40:00
22414,HAZRAT NIZAM,MADGOAN JN.,10:55:00,12:50:00,1907,10,1 days 01:55:00
22415,VISAKHAPATNA,NEW DELHI,08:35:00,19:05:00,2083,21,1 days 10:30:00
22416,NEW DELHI,VISAKHAPATNA,06:25:00,17:50:00,2083,21,1 days 11:25:00
22417,VARANASI JN.,NEW DELHI,18:55:00,08:25:00,768,9,0 days 13:30:00
22418,NEW DELHI,VARANASI JN.,18:35:00,08:25:00,768,9,0 days 13:50:00
22419,GHAZIPUR CIT,ANAND VIHAR,17:20:00,08:10:00,809,12,0 days 14:50:00
22420,ANAND VIHAR,GHAZIPUR CIT,18:45:00,09:30:00,809,12,0 days 14:45:00
22421,DELHI-SARAI,BHAGAT-KI-KO,07:05:00,18:20:00,623,22,0 days 11:15:00
22422,BHAGAT-KI-KO,DELHI-SARAI,10:55:00,22:10:00,624,22,0 days 11:15:00
22423,GORAKHPUR JN,AMRITSAR JN.,10:45:00,06:30:00,1086,16,0 days 19:45:00
22424,AMRITSAR JN.,GORAKHPUR JN,12:35:00,08:05:00,1087,16,0 days 19:30:00
22427,BALLIA,ANAND VIHAR,22:10:00,12:50:00,876,11,0 days 14:40:00
22428,ANAND VIHAR,BALLIA,23:55:00,15:25:00,876,11,0 days 15:30:00
22429,DELHI JN.,PATHANKOT JN,08:25:00,18:30:00,553,15,0 days 10:05:00
22430,PATHANKOT JN,DELHI JN.,07:00:00,17:00:00,553,17,0 days 10:00:00
22431,ALLAHABAD JN,UDHAMPUR,14:45:00,13:30:00,1255,18,0 days 22:45:00
22432,UDHAMPUR,ALLAHABAD JN,16:15:00,14:55:00,1255,18,0 days 22:40:00
22433,GHAZIPUR CIT,ANAND VIHAR,16:00:00,07:10:00,822,11,0 days 15:10:00
22434,ANAND VIHAR,GHAZIPUR CIT,19:10:00,09:30:00,824,10,0 days 14:20:00
22439,NEW DELHI,SHMATA VD KATRA,06:00:00,14:00:00,655,5,0 days 08:00:00
22441,ALLAHABAD JN,KANPUR CENTR,18:30:00,21:40:00,194,9,0 days 03:10:00
22442,KANPUR CENTR,ALLAHABAD JN,06:30:00,09:40:00,194,9,0 days 03:10:00
22443,KANPUR CENTR,BANDRA TERMI,18:20:00,23:05:00,1607,22,1 days 04:45:00
22444,BANDRA TERMI,KANPUR CENTR,05:10:00,08:35:00,1608,22,1 days 03:25:00
22445,KANPUR CENTR,AMRITSAR JN.,17:20:00,09:35:00,897,14,0 days 16:15:00
22446,AMRITSAR JN.,KANPUR CENTR,12:35:00,04:50:00,897,14,0 days 16:15:00
22447,KHAJAURAHO,MAHOBA,18:20:00,19:35:00,63,2,0 days 01:15:00
22448,MAHOBA,KHAJAURAHO,05:25:00,06:35:00,63,2,0 days 01:10:00
22451,BANDRA TERMI,CHANDIGARH,12:15:00,16:20:00,1580,24,1 days 04:05:00
22452,CHANDIGARH,BANDRA TERMI,05:45:00,09:20:00,1583,24,1 days 03:35:00
22453,LUCKNOW JN.,MEERUT CITY,14:40:00,22:35:00,458,10,0 days 07:55:00
22454,MEERUT CITY,LUCKNOW JN.,04:55:00,13:10:00,458,10,0 days 08:15:00
22455,SAI NAGAR SH,KALKA,10:00:00,12:30:00,1615,15,1 days 02:30:00
22456,KALKA,SAI NAGAR SH,19:00:00,22:15:00,1618,15,1 days 03:15:00
22457,NANDED,UNA HIMACHAL,11:00:00,20:50:00,1849,26,1 days 09:50:00
22458,UNA HIMACHAL,NANDED,15:45:00,23:45:00,1852,26,1 days 08:00:00
22461,NEW DELHI,SHRI MATA VA,17:30:00,05:10:00,654,8,0 days 11:40:00
22462,SHRI MATA VA,NEW DELHI,23:05:00,10:35:00,654,8,0 days 11:30:00
22463,MERTA ROAD J,BIKANER JN.,06:50:00,10:30:00,172,4,0 days 03:40:00
22464,BIKANER JN.,MERTA ROAD J,17:05:00,19:55:00,173,4,0 days 02:50:00
22471,BIKANER JN.,DELHI-SARAI,09:30:00,17:25:00,455,14,0 days 07:55:00
22472,DELHI-SARAI,BIKANER JN.,08:40:00,16:35:00,455,14,0 days 07:55:00
22473,BIKANER JN.,BANDRA TERMI,14:50:00,12:45:00,1211,23,0 days 21:55:00
22474,BANDRA TERMI,BIKANER JN.,14:35:00,12:35:00,1209,23,0 days 22:00:00
22475,BIKANER JN.,COIMBATORE,07:10:00,02:50:00,2478,34,1 days 19:40:00
22476,COIMBATORE,BIKANER JN.,15:20:00,12:25:00,2482,34,1 days 21:05:00
22477,JODHPUR JN.,JAIPUR JN.,16:25:00,21:15:00,312,12,0 days 04:50:00
22478,JAIPUR JN.,JODHPUR JN.,06:00:00,10:50:00,311,12,0 days 04:50:00
22481,JODHPUR JN.,DELHI-SARAI,18:45:00,05:20:00,620,19,0 days 10:35:00
22482,DELHI-SARAI,JODHPUR JN.,23:15:00,10:00:00,619,19,0 days 10:45:00
22483,JODHPUR JN.,GANDHIDHAM J,19:10:00,04:55:00,558,14,0 days 09:45:00
22484,GANDHIDHAM J,JODHPUR JN.,22:45:00,08:00:00,558,14,0 days 09:15:00
22487,RADHIKAPUR,KATIHAR JN.,20:00:00,22:20:00,91,7,0 days 02:20:00
22488,KATIHAR JN.,RADHIKAPUR,05:45:00,08:20:00,91,7,0 days 02:35:00
22497,SHRI GANGANA,TIRUCHIRAPPA,02:00:00,11:20:00,3101,37,2 days 09:20:00
22501,KRANTIVIRA S,NEW TINSUKIA,03:10:00,20:45:00,3617,41,2 days 17:35:00
22502,NEW TINSUKIA,KRANTIVIRA S,17:55:00,11:30:00,3617,39,2 days 17:35:00
22511,LOKMANYA TIL,KAMAKHYA JN,11:30:00,18:25:00,3011,27,2 days 06:55:00
22512,KAMAKHYA JN,LOKMANYA TIL,18:00:00,23:15:00,3006,27,2 days 05:15:00
22531,CHHAPRA JN.,MATHURA JN.,05:30:00,21:30:00,879,22,0 days 16:00:00
22532,MATHURA JN.,CHHAPRA JN.,23:50:00,15:55:00,884,22,0 days 16:05:00
22601,CHENNAI CENT,SAI NAGAR SH,10:10:00,11:30:00,1391,23,1 days 01:20:00
22602,SAI NAGAR SH,CHENNAI CENT,08:25:00,09:40:00,1391,24,1 days 01:15:00
22603,KHARAGPUR,VILLUPURAM J,14:05:00,21:20:00,1779,20,1 days 07:15:00
22604,VILLUPURAM J,KHARAGPUR,11:40:00,19:25:00,1782,20,1 days 07:45:00
22605,PURULIA JN.,VILLUPURAM J,10:35:00,21:20:00,1984,30,1 days 10:45:00
22606,VILLUPURAM J,PURULIA JN.,11:40:00,23:05:00,1986,30,1 days 11:25:00
22607,ERNAKULAM. J,KRANTIVIRA S,17:00:00,04:15:00,617,14,0 days 11:15:00
22608,KRANTIVIRA S,ERNAKULAM. J,18:50:00,06:00:00,616,14,0 days 11:10:00
22609,MANGALORE CE,COIMBATORE,11:45:00,19:05:00,404,14,0 days 07:20:00
22610,COIMBATORE,MANGALORE CE,06:40:00,13:50:00,405,14,0 days 07:10:00
22611,CHENNAI CENT,NEW JALPAIGU,11:00:00,04:30:00,2295,22,1 days 17:30:00
22612,NEW JALPAIGU,CHENNAI CENT,21:10:00,14:55:00,2295,22,1 days 17:45:00
22613,CHENNAI CENT,HALDIA,14:40:00,18:30:00,1661,15,1 days 03:50:00
22614,HALDIA,CHENNAI CENT,11:30:00,15:35:00,1662,15,1 days 04:05:00
22615,TIRUPATI,COIMBATORE,14:50:00,22:40:00,466,8,0 days 07:50:00
22616,COIMBATORE,TIRUPATI,06:00:00,13:40:00,469,8,0 days 07:40:00
22617,KRANTIVIRA S,TIRUPATI,07:40:00,13:40:00,336,9,0 days 06:00:00
22618,TIRUPATI,KRANTIVIRA S,14:50:00,20:40:00,336,9,0 days 05:50:00
22619,BILASPUR JN.,TIRUNELVELI,08:10:00,05:15:00,2494,30,1 days 21:05:00
22620,TIRUNELVELI,BILASPUR JN.,01:15:00,21:35:00,2494,30,1 days 20:20:00
22621,RAMESWARAM,KANNIYAKUMAR,20:45:00,04:05:00,399,12,0 days 07:20:00
22622,KANNIYAKUMAR,RAMESWARAM,22:00:00,05:20:00,398,12,0 days 07:20:00
22623,CHENNAI EGMO,MADURAI JN,22:40:00,08:40:00,556,11,0 days 10:00:00
22624,MADURAI JN,CHENNAI EGMO,21:15:00,07:20:00,557,11,0 days 10:05:00
22625,CHENNAI CENT,KRANTIVIRA S,07:25:00,13:10:00,360,11,0 days 05:45:00
22626,KRANTIVIRA S,CHENNAI CENT,14:30:00,20:30:00,361,12,0 days 06:00:00
22627,TIRUCHIRAPPA,TRIVANDRUM C,07:05:00,15:25:00,457,13,0 days 08:20:00
22628,TRIVANDRUM C,TIRUCHIRAPPA,11:50:00,20:10:00,457,13,0 days 08:20:00
22629,DADAR,TIRUNELVELI,20:40:00,04:00:00,1758,26,1 days 07:20:00
22630,TIRUNELVELI,DADAR,07:20:00,15:10:00,1763,26,1 days 07:50:00
22631,CHENNAI CENT,BIKANER JN.,21:10:00,17:45:00,2560,32,1 days 20:35:00
22632,BIKANER JN.,CHENNAI CENT,14:50:00,10:10:00,2558,32,1 days 19:20:00
22633,TRIVANDRUM C,HAZRAT NIZAM,14:15:00,14:15:00,2841,29,2 days 00:00:00
22634,HAZRAT NIZAM,TRIVANDRUM C,23:35:00,02:40:00,2840,29,2 days 03:05:00
22635,MADGOAN JN.,MANGALORE CE,16:15:00,22:00:00,319,10,0 days 05:45:00
22636,MANGALORE CE,MADGOAN JN.,08:15:00,14:00:00,320,10,0 days 05:45:00
22637,CHENNAI CENT,MANGALORE CE,12:05:00,04:30:00,896,31,0 days 16:25:00
22638,MANGALORE CE,CHENNAI CENT,22:20:00,14:40:00,898,32,0 days 16:20:00
22639,CHENNAI CENT,ALLEPPEY,20:55:00,10:40:00,753,25,0 days 13:45:00
22640,ALLEPPEY,CHENNAI CENT,16:05:00,05:50:00,755,26,0 days 13:45:00
22641,TRIVANDRUM C,SHALIMAR,16:55:00,13:50:00,2565,37,1 days 20:55:00
22642,SHALIMAR,TRIVANDRUM C,23:05:00,20:45:00,2564,37,1 days 21:40:00
22643,ERNAKULAM. J,PATNA JN.,17:15:00,20:00:00,2785,44,2 days 02:45:00
22644,PATNA JN.,ERNAKULAM. J,14:00:00,16:15:00,2782,42,2 days 02:15:00
22645,INDORE BG,TRIVANDRUM C,16:50:00,17:15:00,2643,52,2 days 00:25:00
22646,TRIVANDRUM C,INDORE BG,06:15:00,05:15:00,2648,51,1 days 23:00:00
22647,KORBA,TRIVANDRUM C,19:40:00,17:15:00,2510,55,1 days 21:35:00
22648,TRIVANDRUM C,KORBA,06:15:00,03:30:00,2508,55,1 days 21:15:00
22649,CHENNAI CENT,ERODE JN.,22:40:00,05:50:00,390,18,0 days 07:10:00
22650,ERODE JN.,CHENNAI CENT,21:00:00,04:05:00,393,18,0 days 07:05:00
22651,CHENNAI CENT,PALAKKAD JN,21:40:00,11:00:00,669,19,0 days 13:20:00
22652,PALAKKAD JN,CHENNAI CENT,15:00:00,04:15:00,671,20,0 days 13:15:00
22653,TRIVANDRUM C,HAZRAT NIZAM,00:30:00,01:40:00,2854,28,2 days 01:10:00
22654,HAZRAT NIZAM,TRIVANDRUM C,10:05:00,14:20:00,2852,28,2 days 04:15:00
22655,TRIVANDRUM C,HAZRAT NIZAM,01:00:00,01:40:00,2841,28,2 days 00:40:00
22656,HAZRAT NIZAM,TRIVANDRUM C,10:05:00,14:20:00,2840,28,2 days 04:15:00
22659,KOCHUVELI,DEHRA DUN,08:45:00,18:10:00,3154,26,2 days 09:25:00
22660,DEHRA DUN,KOCHUVELI,05:50:00,15:15:00,3152,27,2 days 09:25:00
22661,CHENNAI EGMO,RAMESWARAM,17:50:00,04:35:00,592,19,0 days 10:45:00
22662,RAMESWARAM,CHENNAI EGMO,20:15:00,07:05:00,592,20,0 days 10:50:00
22663,CHENNAI EGMO,JODHPUR JN.,15:15:00,10:00:00,2353,27,1 days 18:45:00
22664,JODHPUR JN.,CHENNAI EGMO,21:35:00,16:25:00,2352,27,1 days 18:50:00
22667,NAGERCOIL JN,COIMBATORE,21:30:00,07:00:00,531,14,0 days 09:30:00
22668,COIMBATORE,NAGERCOIL JN,19:30:00,04:50:00,532,14,0 days 09:20:00
22669,TUTICORIN,VANCHI MANIY,22:35:00,23:15:00,31,4,0 days 00:40:00
22670,VANCHI MANIY,TUTICORIN,03:15:00,03:55:00,31,4,0 days 00:40:00
22677,YESVANTPUR J,KOCHUVELI,15:20:00,06:50:00,844,13,0 days 15:30:00
22678,KOCHUVELI,YESVANTPUR J,12:50:00,04:15:00,845,13,0 days 15:25:00
22679,YESVANTPUR J,HASSAN JN.,18:15:00,21:25:00,226,10,0 days 03:10:00
22680,HASSAN JN.,YESVANTPUR J,06:10:00,09:20:00,211,10,0 days 03:10:00
22681,MYSORE JN.,CHENNAI CENT,20:10:00,05:15:00,499,12,0 days 09:05:00
22682,CHENNAI CENT,MYSORE JN.,23:30:00,08:20:00,498,11,0 days 08:50:00
22683,YESVANTPUR J,LUCKNOW JN.,23:40:00,18:40:00,2352,30,1 days 19:00:00
22684,LUCKNOW JN.,YESVANTPUR J,18:30:00,13:30:00,2338,31,1 days 19:00:00
22685,YESVANTPUR J,CHANDIGARH,13:45:00,18:20:00,2846,18,2 days 04:35:00
22686,CHANDIGARH,YESVANTPUR J,03:25:00,06:20:00,2845,18,2 days 02:55:00
22687,SAHARANPUR J,CHANDIGARH,02:00:00,04:25:00,126,4,0 days 02:25:00
22688,CHANDIGARH,SAHARANPUR J,07:50:00,10:05:00,126,4,0 days 02:15:00
22691,KRANTIVIRA S,HAZRAT NIZAM,20:00:00,05:55:00,2337,15,1 days 09:55:00
22692,HAZRAT NIZAM,KRANTIVIRA S,20:45:00,06:40:00,2355,15,1 days 09:55:00
22697,HUBLI JN.,CHENNAI CENT,20:25:00,11:45:00,828,18,0 days 15:20:00
22698,CHENNAI CENT,HUBLI JN.,15:00:00,06:20:00,829,17,0 days 15:20:00
22705,TIRUPATI,JAMMU TAWI,17:15:00,21:10:00,2964,14,2 days 03:55:00
22706,JAMMU TAWI,TIRUPATI,05:30:00,11:25:00,2965,14,2 days 05:55:00
22707,VISAKHAPATNA,TIRUPATI,22:25:00,11:35:00,760,18,0 days 13:10:00
22708,TIRUPATI,VISAKHAPATNA,21:50:00,11:00:00,759,18,0 days 13:10:00
22801,VISAKHAPATNA,CHENNAI CENT,18:55:00,09:30:00,804,16,0 days 14:35:00
22803,HOWRAH JN.,SAMBALPUR JN,20:55:00,07:40:00,664,11,0 days 10:45:00
22804,SAMBALPUR JN,HOWRAH JN.,20:05:00,07:05:00,663,11,0 days 11:00:00
22805,BHUBANESWAR,ANAND VIHAR,12:45:00,20:50:00,1871,18,1 days 08:05:00
22806,ANAND VIHAR,BHUBANESWAR,07:05:00,16:05:00,1869,18,1 days 09:00:00
22807,SANTRAGACHI,CHENNAI CENT,19:00:00,22:45:00,1657,18,1 days 03:45:00
22808,CHENNAI CENT,SANTRAGACHI,08:10:00,10:25:00,1656,18,1 days 02:15:00
22809,PARADEEP,VISAKHAPATNA,23:00:00,08:20:00,552,17,0 days 09:20:00
22810,VISAKHAPATNA,PARADEEP,23:50:00,09:05:00,552,17,0 days 09:15:00
22811,BHUBANESWAR,NEW DELHI,11:40:00,10:40:00,1717,14,0 days 23:00:00
22812,NEW DELHI,BHUBANESWAR,17:05:00,15:50:00,1718,14,0 days 22:45:00
22813,SANTRAGACHI,PARADEEP,20:40:00,03:55:00,490,12,0 days 07:15:00
22814,PARADEEP,SANTRAGACHI,23:55:00,08:45:00,489,12,0 days 08:50:00
22815,BILASPUR JN.,ERNAKULAM. J,08:10:00,21:30:00,2144,23,1 days 13:20:00
22816,ERNAKULAM. J,BILASPUR JN.,08:50:00,21:35:00,2145,23,1 days 12:45:00
22817,HOWRAH JN.,MYSORE JN.,16:10:00,03:45:00,2106,21,1 days 11:35:00
22818,MYSORE JN.,HOWRAH JN.,00:30:00,14:50:00,2107,23,1 days 14:20:00
22819,BHUBANESWAR,VISAKHAPATNA,07:35:00,14:55:00,442,27,0 days 07:20:00
22821,JHARGRAM,PURULIA JN.,10:50:00,14:10:00,188,11,0 days 03:20:00
22822,PURULIA JN.,JHARGRAM,14:40:00,17:55:00,189,11,0 days 03:15:00
22823,BHUBANESWAR,NEW DELHI,09:30:00,10:40:00,1802,13,1 days 01:10:00
22824,NEW DELHI,BHUBANESWAR,17:05:00,17:25:00,1802,13,1 days 00:20:00
22825,SHALIMAR,CHENNAI CENT,12:10:00,15:35:00,1662,24,1 days 03:25:00
22826,CHENNAI CENT,SHALIMAR,16:25:00,21:30:00,1661,24,1 days 05:05:00
22827,PURI,SURAT,19:45:00,03:20:00,1766,18,1 days 07:35:00
22828,SURAT,PURI,08:30:00,16:10:00,1759,18,1 days 07:40:00
22829,NEW BHUJ,SHALIMAR,14:20:00,09:55:00,2431,31,1 days 19:35:00
22830,SHALIMAR,NEW BHUJ,20:22:00,16:35:00,2431,31,1 days 20:13:00
22831,HOWRAH JN.,SRI SATYA SA,15:35:00,22:25:00,1765,19,1 days 06:50:00
22832,SRI SATYA SA,HOWRAH JN.,07:40:00,14:50:00,1764,19,1 days 07:10:00
22833,BHUBANESWAR,KRISHNA RAJA,12:00:00,13:00:00,1511,19,1 days 01:00:00
22834,KRISHNA RAJA,BHUBANESWAR,16:05:00,17:50:00,1514,19,1 days 01:45:00
22835,SHALIMAR,PURI,20:55:00,05:40:00,502,11,0 days 08:45:00
22836,PURI,SHALIMAR,22:15:00,07:10:00,500,11,0 days 08:55:00
22837,HATIA,ERNAKULAM. J,18:15:00,10:55:00,2234,28,1 days 16:40:00
22838,ERNAKULAM. J,HATIA,00:25:00,17:05:00,2238,27,1 days 16:40:00
22839,ROURKELA,BHUBANESWAR,05:10:00,12:30:00,417,12,0 days 07:20:00
22840,BHUBANESWAR,ROURKELA,14:10:00,21:40:00,417,12,0 days 07:30:00
22843,BILASPUR JN.,PATNA JN.,20:30:00,14:05:00,966,22,0 days 17:35:00
22844,PATNA JN.,BILASPUR JN.,23:55:00,17:25:00,964,22,0 days 17:30:00
22845,PUNE JN.,HATIA,10:45:00,17:05:00,1771,19,1 days 06:20:00
22846,HATIA,PUNE JN.,20:00:00,02:45:00,1779,19,1 days 06:45:00
22847,VISAKHAPATNA,LOKMANYA TIL,09:00:00,13:35:00,1662,23,1 days 04:35:00
22848,LOKMANYA TIL,VISAKHAPATNA,00:15:00,05:20:00,1655,24,1 days 05:05:00
22849,SHALIMAR,SECUNDERABAD,12:10:00,14:25:00,1590,20,1 days 02:15:00
22850,SECUNDERABAD,SHALIMAR,05:40:00,09:05:00,1589,20,1 days 03:25:00
22851,SANTRAGACHI,MANGALORE CE,15:50:00,09:30:00,2485,40,1 days 17:40:00
22852,MANGALORE CE,SANTRAGACHI,23:00:00,18:00:00,2485,40,1 days 19:00:00
22853,SHALIMAR,VISAKHAPATNA,18:15:00,08:20:00,882,16,0 days 14:05:00
22854,VISAKHAPATNA,SHALIMAR,17:50:00,09:05:00,880,16,0 days 15:15:00
22855,SANTRAGACHI,TIRUPATI,15:50:00,17:40:00,1613,18,1 days 01:50:00
22856,TIRUPATI,SANTRAGACHI,19:50:00,22:20:00,1612,18,1 days 02:30:00
22857,SANTRAGACHI,ANAND VIHAR,08:55:00,11:50:00,1567,11,1 days 02:55:00
22858,ANAND VIHAR,SANTRAGACHI,13:45:00,16:55:00,1566,11,1 days 03:10:00
22859,PURI,CHENNAI CENT,17:30:00,14:55:00,1247,21,0 days 21:25:00
22860,CHENNAI CENT,PURI,16:25:00,14:55:00,1247,21,0 days 22:30:00
22861,SHALIMAR,ADRA,06:30:00,11:20:00,288,10,0 days 04:50:00
22862,ADRA,SHALIMAR,11:55:00,17:05:00,288,10,0 days 05:10:00
22863,HOWRAH JN.,YESVANTPUR J,10:55:00,16:00:00,1957,12,1 days 05:05:00
22864,YESVANTPUR J,HOWRAH JN.,11:00:00,16:15:00,1959,12,1 days 05:15:00
22865,LOKMANYA TIL,PURI,00:15:00,08:45:00,1853,18,1 days 08:30:00
22866,PURI,LOKMANYA TIL,05:30:00,13:35:00,1860,18,1 days 08:05:00
22867,DURG,HAZRAT NIZAM,07:10:00,04:30:00,1255,16,0 days 21:20:00
22868,HAZRAT NIZAM,DURG,08:25:00,06:30:00,1266,16,0 days 22:05:00
22869,VISAKHAPATNA,CHENNAI CENT,19:05:00,08:55:00,780,13,0 days 13:50:00
22870,CHENNAI CENT,VISAKHAPATNA,21:10:00,10:25:00,780,13,0 days 13:15:00
22871,BHUBANESWAR,TIRUPATI,12:00:00,08:45:00,1178,19,0 days 20:45:00
22872,TIRUPATI,BHUBANESWAR,12:15:00,09:35:00,1178,19,0 days 21:20:00
22873,DIGHA FS,VISAKHAPATNA,17:15:00,08:20:00,930,17,0 days 15:05:00
22874,VISAKHAPATNA,DIGHA FS,17:50:00,09:25:00,930,16,0 days 15:35:00
22875,KHARAGPUR,PURULIA JN.,07:25:00,11:20:00,207,14,0 days 03:55:00
22876,PURULIA JN.,KHARAGPUR,11:55:00,15:50:00,207,14,0 days 03:55:00
22877,HOWRAH JN.,ERNAKULAM. J,17:00:00,06:00:00,2289,24,1 days 13:00:00
22878,ERNAKULAM. J,HOWRAH JN.,00:25:00,14:50:00,2293,24,1 days 14:25:00
22879,BHUBANESWAR,TIRUPATI,12:00:00,08:45:00,1178,21,0 days 20:45:00
22880,TIRUPATI,BHUBANESWAR,12:15:00,09:35:00,1178,21,0 days 21:20:00
22881,PUNE JN.,BHUBANESWAR,11:15:00,17:20:00,1705,14,1 days 06:05:00
22882,BHUBANESWAR,PUNE JN.,22:20:00,05:00:00,1706,14,1 days 06:40:00
22883,PURI,YESVANTPUR J,15:00:00,20:00:00,1493,27,1 days 05:00:00
22884,YESVANTPUR J,PURI,22:40:00,05:40:00,1504,28,1 days 07:00:00
22885,LOKMANYA TIL,TATANAGAR JN,13:20:00,14:20:00,1701,14,1 days 01:00:00
22886,TATANAGAR JN,LOKMANYA TIL,21:55:00,23:45:00,1704,14,1 days 01:50:00
22887,HOWRAH JN.,YESVANTPUR J,12:40:00,21:35:00,1970,19,1 days 08:55:00
22888,YESVANTPUR J,HOWRAH JN.,09:55:00,18:30:00,1973,20,1 days 08:35:00
22889,DIGHA FS,PURI,17:15:00,03:10:00,550,13,0 days 09:55:00
22890,PURI,DIGHA FS,23:45:00,09:25:00,550,13,0 days 09:40:00
22891,HOWRAH JN.,RANCHI,12:50:00,21:10:00,469,14,0 days 08:20:00
22892,RANCHI,HOWRAH JN.,06:55:00,15:15:00,466,15,0 days 08:20:00
22893,SAI NAGAR SH,HOWRAH JN.,13:55:00,19:30:00,1795,16,1 days 05:35:00
22894,HOWRAH JN.,SAI NAGAR SH,14:35:00,20:00:00,1801,16,1 days 05:25:00
22897,HOWRAH JN.,DIGHA FS,14:15:00,17:37:00,185,9,0 days 03:22:00
22898,DIGHA FS,HOWRAH JN.,18:15:00,21:37:00,186,9,0 days 03:22:00
22901,BANDRA TERMI,UDAIPUR CITY,23:25:00,16:20:00,944,16,0 days 16:55:00
22902,UDAIPUR CITY,BANDRA TERMI,21:00:00,13:40:00,945,16,0 days 16:40:00
22903,BANDRA TERMI,NEW BHUJ,23:45:00,12:30:00,838,8,0 days 12:45:00
22904,NEW BHUJ,BANDRA TERMI,16:00:00,05:15:00,838,8,0 days 13:15:00
22905,OKHA,HAPA,07:05:00,10:05:00,176,5,0 days 03:00:00
22906,HAPA,OKHA,16:20:00,20:00:00,176,5,0 days 03:40:00
22907,MADGOAN JN.,HAPA,10:40:00,10:20:00,1352,18,0 days 23:40:00
22908,HAPA,MADGOAN JN.,03:15:00,04:30:00,1348,18,1 days 01:15:00
22909,VALSAD,PURI,20:15:00,09:45:00,2073,24,1 days 13:30:00
22910,PURI,VALSAD,06:30:00,19:50:00,2075,24,1 days 13:20:00
22911,INDORE BG,HOWRAH JN.,23:30:00,06:45:00,1744,34,1 days 07:15:00
22912,HOWRAH JN.,INDORE BG,17:45:00,01:35:00,1745,34,1 days 07:50:00
22914,PATNA JN.,BANDRA TERMI,23:10:00,07:35:00,1846,13,1 days 08:25:00
22915,BANDRA TERMI,HISAR JN,12:55:00,13:25:00,1404,30,1 days 00:30:00
22916,HISAR JN,BANDRA TERMI,15:45:00,16:45:00,1405,30,1 days 01:00:00
22917,BANDRA TERMI,HARIDWAR JN,11:45:00,15:50:00,1610,26,1 days 04:05:00
22918,HARIDWAR JN,BANDRA TERMI,18:45:00,22:00:00,1613,26,1 days 03:15:00
22919,CHENNAI CENT,AHMEDABAD,20:10:00,03:15:00,1721,12,1 days 07:05:00
22920,AHMEDABAD,CHENNAI CENT,15:30:00,22:35:00,1719,12,1 days 07:05:00
22925,AMBALA CANTT,KALKA,15:15:00,16:45:00,69,3,0 days 01:30:00
22926,KALKA,AMBALA CANTT,10:20:00,12:05:00,69,3,0 days 01:45:00
22927,BANDRA TERMI,AHMEDABAD,19:40:00,04:20:00,480,22,0 days 08:40:00
22928,AHMEDABAD,BANDRA TERMI,21:10:00,05:50:00,480,17,0 days 08:40:00
22929,BHILAD,VADODARA JN.,16:25:00,20:35:00,234,14,0 days 04:10:00
22930,VADODARA JN.,BHILAD,07:00:00,11:05:00,234,14,0 days 04:05:00
22931,BANDRA TERMI,JAISALMER,14:35:00,12:50:00,1226,27,0 days 22:15:00
22932,JAISALMER,BANDRA TERMI,19:20:00,17:35:00,1227,27,0 days 22:15:00
22933,BANDRA TERMI,JAIPUR JN.,15:50:00,10:45:00,1146,15,0 days 18:55:00
22934,JAIPUR JN.,BANDRA TERMI,12:45:00,07:35:00,1147,15,0 days 18:50:00
22935,BANDRA TERMI,PALITANA,15:25:00,05:30:00,787,12,0 days 14:05:00
22936,PALITANA,BANDRA TERMI,20:05:00,10:20:00,787,12,0 days 14:15:00
22937,RAJKOT,REWA,13:30:00,16:45:00,1600,23,1 days 03:15:00
22938,REWA,RAJKOT,18:30:00,22:50:00,1600,23,1 days 04:20:00
22939,HAPA,BILASPUR JN.,22:25:00,04:50:00,1689,23,1 days 06:25:00
22940,BILASPUR JN.,HAPA,08:10:00,14:50:00,1697,23,1 days 06:40:00
22941,INDORE BG,JAMMU TAWI,23:55:00,01:25:00,1393,16,1 days 01:30:00
22942,JAMMU TAWI,INDORE BG,05:00:00,05:15:00,1396,16,1 days 00:15:00
22943,PUNE JN.,INDORE BG,15:35:00,08:30:00,963,17,0 days 16:55:00
22944,INDORE BG,PUNE JN.,14:35:00,08:05:00,963,17,0 days 17:30:00
22945,MUMBAI CENTR,OKHA,21:35:00,15:35:00,986,30,0 days 18:00:00
22946,OKHA,MUMBAI CENTR,13:10:00,07:10:00,986,31,0 days 18:00:00
22949,BANDRA TERMI,DELHI-SARAI,12:55:00,13:20:00,1342,27,1 days 00:25:00
22951,BANDRA TERMI,GANDHIDHAM J,23:55:00,15:30:00,853,15,0 days 15:35:00
22952,GANDHIDHAM J,BANDRA TERMI,06:50:00,22:25:00,853,15,0 days 15:35:00
22953,MUMBAI CENTR,AHMEDABAD,05:45:00,14:40:00,490,27,0 days 08:55:00
22954,AHMEDABAD,MUMBAI CENTR,07:00:00,15:55:00,490,27,0 days 08:55:00
22955,BANDRA TERMI,NEW BHUJ,17:45:00,08:50:00,838,22,0 days 15:05:00
22956,NEW BHUJ,BANDRA TERMI,20:15:00,11:25:00,838,22,0 days 15:10:00
22957,AHMEDABAD,VERAVAL,22:10:00,06:00:00,430,16,0 days 07:50:00
22959,SURAT,JAMNAGAR,13:30:00,23:40:00,556,21,0 days 10:10:00
22960,JAMNAGAR,SURAT,04:45:00,14:50:00,556,21,0 days 10:05:00
22961,SURAT,HAPA,13:30:00,23:15:00,547,18,0 days 09:45:00
22962,HAPA,SURAT,04:55:00,14:50:00,547,18,0 days 09:55:00
22963,BANDRA TERMI,BHAVNAGAR TE,15:25:00,05:20:00,780,18,0 days 13:55:00
22964,BHAVNAGAR TE,BANDRA TERMI,17:30:00,07:35:00,780,18,0 days 14:05:00
22965,BANDRA TERMI,BHAGAT-KI-KO,23:55:00,16:50:00,929,10,0 days 16:55:00
22966,BHAGAT-KI-KO,BANDRA TERMI,19:40:00,12:45:00,931,10,0 days 17:05:00
22967,AHMEDABAD,ALLAHABAD JN,14:00:00,16:40:00,1488,20,1 days 02:40:00
22968,ALLAHABAD JN,AHMEDABAD,21:00:00,00:05:00,1487,20,1 days 03:05:00
22969,OKHA,VARANASI JN.,13:45:00,02:50:00,2023,23,1 days 13:05:00
22970,VARANASI JN.,OKHA,21:55:00,08:50:00,2024,23,1 days 10:55:00
22971,BANDRA TERMI,PATNA JN.,16:35:00,02:05:00,1847,14,1 days 09:30:00
22972,PATNA JN.,BANDRA TERMI,23:10:00,07:33:00,1846,14,1 days 08:23:00
22973,GANDHIDHAM J,PURI,23:00:00,19:00:00,2436,38,1 days 20:00:00
22974,PURI,GANDHIDHAM J,10:30:00,06:40:00,2443,38,1 days 20:10:00
22981,KOTA,SHRI GANGANA,17:20:00,10:00:00,918,28,0 days 16:40:00
22982,SHRI GANGANA,KOTA,17:40:00,09:50:00,919,28,0 days 16:10:00
22983,KOTA,INDORE BG,06:30:00,14:15:00,432,14,0 days 07:45:00
22989,BANDRA TERMI,MAHUVA,11:45:00,03:20:00,881,16,0 days 15:35:00
22990,MAHUVA,BANDRA TERMI,13:00:00,04:45:00,881,16,0 days 15:45:00
22991,BANDRA TERMI,VERAVAL,12:45:00,04:35:00,910,12,0 days 15:50:00
22992,VERAVAL,BANDRA TERMI,12:45:00,05:15:00,910,12,0 days 16:30:00
22993,BANDRA TERMI,MAHUVA,15:25:00,07:10:00,881,15,0 days 15:45:00
22994,MAHUVA,BANDRA TERMI,19:55:00,11:55:00,881,15,0 days 16:00:00
22995,CHITTAURGARH,AJMER JN.,06:20:00,09:50:00,185,4,0 days 03:30:00
22996,AJMER JN.,CHITTAURGARH,20:30:00,23:40:00,185,4,0 days 03:10:00
23141,RANINAGAR JA,HALDIBARI,04:15:00,05:05:00,30,3,0 days 00:50:00
23142,HALDIBARI,RANINAGAR JA,13:35:00,14:20:00,30,3,0 days 00:45:00
23225,SAHARSA JN.,BARAUNI JN.,12:40:00,15:50:00,109,11,0 days 03:10:00
23226,BARAUNI JN.,SAHARSA JN.,10:35:00,14:15:00,109,11,0 days 03:40:00
23345,CHOPAN,SHAKTINAGAR,19:35:00,22:00:00,81,6,0 days 02:25:00
23346,SHAKTINAGAR,CHOPAN,05:00:00,06:55:00,81,6,0 days 01:55:00
23347,SINGRAULI,GARWA ROAD J,17:00:00,23:00:00,204,11,0 days 06:00:00
23348,GARWA ROAD J,SINGRAULI,03:20:00,09:00:00,204,11,0 days 05:40:00
24041,NAJIBABAD JN,KOTDWARA,05:35:00,06:25:00,24,3,0 days 00:50:00
24042,KOTDWARA,NAJIBABAD JN,22:05:00,23:00:00,24,3,0 days 00:55:00
24227,VARANASI JN.,KANPUR CENTR,04:45:00,11:35:00,349,15,0 days 06:50:00
24228,KANPUR CENTR,VARANASI JN.,16:00:00,23:30:00,349,15,0 days 07:30:00
24369,SHAKTINAGAR,BAREILLY JN.,15:55:00,12:35:00,740,38,0 days 20:40:00
24370,BAREILLY JN.,SHAKTINAGAR,12:10:00,08:10:00,740,38,0 days 20:00:00
24887,HARIDWAR JN,AMBALA CANTT,19:10:00,22:40:00,157,6,0 days 03:30:00
24888,AMBALA CANTT,HARIDWAR JN,04:45:00,09:05:00,157,6,0 days 04:20:00
25013,MORADABAD JN,RAMNAGAR,02:20:00,04:50:00,76,3,0 days 02:30:00
25014,RAMNAGAR,MORADABAD JN,22:00:00,00:05:00,76,3,0 days 02:05:00
25035,MORADABAD JN,RAMNAGAR,19:15:00,20:45:00,76,3,0 days 01:30:00
25036,RAMNAGAR,MORADABAD JN,09:50:00,11:45:00,76,3,0 days 01:55:00
25201,SAGAULI JN.,NARKATIAGANJ,22:20:00,23:55:00,58,6,0 days 01:35:00
25202,NARKATIAGANJ,SAGAULI JN.,04:35:00,05:50:00,58,6,0 days 01:15:00
25631,BIKANER JN.,MERTA ROAD J,00:05:00,03:15:00,173,4,0 days 03:10:00
25632,MERTA ROAD J,BIKANER JN.,03:20:00,07:10:00,172,4,0 days 03:50:00
25657,SEALDAH,SILCHAR,06:35:00,16:15:00,1358,37,1 days 09:40:00
25658,SILCHAR,SEALDAH,10:30:00,19:25:00,1357,37,1 days 08:55:00
28181,BARAUNI JN.,KATIHAR JN.,09:20:00,14:15:00,179,14,0 days 04:55:00
28182,KATIHAR JN.,BARAUNI JN.,15:00:00,19:30:00,179,14,0 days 04:30:00
29019,MANDSOR,KOTA,14:05:00,18:45:00,276,8,0 days 04:40:00
29020,KOTA,MANDSOR,08:45:00,13:40:00,276,8,0 days 04:55:00
30111,BALLYGUNGE J,BARRACKPORE,18:14:00,20:18:00,45,23,0 days 02:04:00
30112,BARRACKPORE,MAJERHAT,17:20:00,19:07:00,33,19,0 days 01:47:00
30116,BARRACKPORE,BENOY BADAL,09:34:00,10:25:00,25,14,0 days 00:51:00
30121,NEW ALIPUR (,NAIHATI JN.,11:00:00,12:56:00,51,26,0 days 01:56:00
30122,NAIHATI JN.,BALLYGUNGE J,15:15:00,17:28:00,60,29,0 days 02:13:00
30123,MAJERHAT,NAIHATI JN.,19:43:00,21:22:00,49,25,0 days 01:39:00
30128,KALYANI SIMA,NEW ALIPUR (,08:14:00,10:41:00,66,32,0 days 02:27:00
30135,MAJERHAT,RANAGHAT JN.,18:14:00,20:55:00,84,34,0 days 02:41:00
30142,GEDE,MAJERHAT,05:37:00,08:50:00,128,42,0 days 03:13:00
30145,BENOY BADAL,KRISHNA NAGA,08:25:00,11:02:00,102,34,0 days 02:37:00
30152,NAIHATI JN.,MAJERHAT,16:18:00,17:59:00,53,21,0 days 01:41:00
30154,NAIHATI JN.,MAJERHAT,17:52:00,19:27:00,53,21,0 days 01:35:00
30211,BENOY BADAL,DUM DUM JN.,10:33:00,11:02:00,9,8,0 days 00:29:00
30311,PRINCEP GHAT,BARASAT JN.,13:10:00,14:25:00,28,18,0 days 01:15:00
30312,BARASAT JN.,MAJERHAT,15:50:00,17:22:00,33,21,0 days 01:32:00
30313,MAJERHAT,BARASAT JN.,20:10:00,21:38:00,33,21,0 days 01:28:00
30314,DATTAPUKUR,MAJERHAT,18:08:00,19:40:00,41,23,0 days 01:32:00
30317,MAJERHAT,DATTAPUKUR,16:33:00,18:22:00,41,23,0 days 01:49:00
30321,MAJERHAT,HASANABAD,09:23:00,12:30:00,85,35,0 days 03:07:00
30322,HASANABAD,BENOY BADAL,05:47:00,08:10:00,77,34,0 days 02:23:00
30324,HASANABAD,PRINCEP GHAT,08:35:00,11:39:00,80,36,0 days 03:04:00
30331,MAJERHAT,HABRA,17:30:00,19:34:00,55,27,0 days 02:04:00
30332,HABRA,MAJERHAT,14:15:00,16:29:00,55,27,0 days 02:14:00
30333,MAJERHAT,HABRA,11:48:00,13:50:00,55,27,0 days 02:02:00
30342,BANGAON JN.,MAJERHAT,06:35:00,09:12:00,87,28,0 days 02:37:00
30344,BANGAON JN.,MAJERHAT,07:30:00,10:08:00,87,34,0 days 02:38:00
30346,BANGAON JN.,MAJERHAT,09:50:00,12:35:00,87,34,0 days 02:45:00
30351,MAJERHAT,BARASAT JN.,10:12:00,11:32:00,37,17,0 days 01:20:00
30353,MAJERHAT,DATTAPUKUR,16:30:00,17:58:00,45,19,0 days 01:28:00
30357,MAJERHAT,MADHYAM GRAM,08:56:00,10:25:00,33,15,0 days 01:29:00
30358,MADHYAM GRAM,MAJERHAT,10:35:00,11:47:00,33,15,0 days 01:12:00
30361,MAJERHAT,HASANABAD,12:38:00,15:18:00,90,31,0 days 02:40:00
30411,BENOY BADAL,SEALDAH,10:40:00,12:00:00,24,11,0 days 01:20:00
30412,SEALDAH,BENOY BADAL,09:02:00,10:05:00,24,11,0 days 01:03:00
30413,BENOY BADAL,SEALDAH,11:05:00,12:30:00,24,11,0 days 01:25:00
30414,SEALDAH,BENOY BADAL,09:35:00,10:36:00,24,11,0 days 01:01:00
30416,SEALDAH,BENOY BADAL,17:10:00,18:11:00,24,11,0 days 01:01:00
30451,BENOY BADAL,SEALDAH,18:19:00,19:25:00,24,11,0 days 01:06:00
30452,SEALDAH,KOLKATA,15:25:00,16:55:00,31,16,0 days 01:30:00
30511,CHAMPAHATI,MAJERHAT,08:08:00,09:14:00,30,14,0 days 01:06:00
30552,MAJERHAT,GHUTIARI SHA,19:08:00,20:44:00,37,17,0 days 01:36:00
30612,KOLKATA,BARUIPUR JN.,17:10:00,19:33:00,46,24,0 days 02:23:00
30711,LAKSHMIKANTA,MAJERHAT,14:34:00,16:31:00,67,26,0 days 01:57:00
30712,MAJERHAT,LAKSHMIKANTA,09:40:00,11:46:00,67,26,0 days 02:06:00
31051,BUDGE BUDGE,NAIHATI JN.,07:12:00,09:17:00,67,26,0 days 02:05:00
31053,BUDGE BUDGE,NAIHATI JN.,14:05:00,16:06:00,67,26,0 days 02:01:00
31055,BUDGE BUDGE,NAIHATI JN.,17:52:00,20:00:00,67,26,0 days 02:08:00
31111,SEALDAH,KATWA JN.,08:06:00,11:40:00,154,39,0 days 03:34:00
31112,KATWA JN.,SEALDAH,15:50:00,19:30:00,154,37,0 days 03:40:00
31151,SEALDAH,BARDDHAMAN J,10:15:00,13:03:00,116,35,0 days 02:48:00
31152,BARDDHAMAN J,SEALDAH,14:40:00,17:40:00,116,35,0 days 03:00:00
31191,NAIHATI JN.,KALYANI SIMA,04:10:00,04:40:00,15,7,0 days 00:30:00
31192,KALYANI SIMA,NAIHATI JN.,23:46:00,00:10:00,15,7,0 days 00:24:00
31211,SEALDAH,BARRACKPORE,05:50:00,06:30:00,25,9,0 days 00:40:00
31212,BARRACKPORE,SEALDAH,06:40:00,07:23:00,25,9,0 days 00:43:00
31213,SEALDAH,BARRACKPORE,06:48:00,07:25:00,25,4,0 days 00:37:00
31214,BARRACKPORE,SEALDAH,07:40:00,08:20:00,25,5,0 days 00:40:00
31215,SEALDAH,BARRACKPORE,07:33:00,08:10:00,25,5,0 days 00:37:00
31216,BARRACKPORE,SEALDAH,08:22:00,09:05:00,25,9,0 days 00:43:00
31217,SEALDAH,BARRACKPORE,07:46:00,08:27:00,25,9,0 days 00:41:00
31218,BARRACKPORE,SEALDAH,08:35:00,09:17:00,25,7,0 days 00:42:00
31219,SEALDAH,BARRACKPORE,08:00:00,08:38:00,25,9,0 days 00:38:00
31220,BARRACKPORE,SEALDAH,08:48:00,09:33:00,25,9,0 days 00:45:00
31221,SEALDAH,BARRACKPORE,08:38:00,09:18:00,25,9,0 days 00:40:00
31222,BARRACKPORE,SEALDAH,09:02:00,09:45:00,25,9,0 days 00:43:00
31223,SEALDAH,BARRACKPORE,09:10:00,09:48:00,25,9,0 days 00:38:00
31224,BARRACKPORE,SEALDAH,09:57:00,10:38:00,25,9,0 days 00:41:00
31225,SEALDAH,BARRACKPORE,09:34:00,10:14:00,25,9,0 days 00:40:00
31226,BARRACKPORE,SEALDAH,10:25:00,11:05:00,25,9,0 days 00:40:00
31227,SEALDAH,BARRACKPORE,09:40:00,10:20:00,25,9,0 days 00:40:00
31228,BARRACKPORE,SEALDAH,10:32:00,11:14:00,25,9,0 days 00:42:00
31229,SEALDAH,BARRACKPORE,10:05:00,10:45:00,25,9,0 days 00:40:00
31230,BARRACKPORE,SEALDAH,11:00:00,11:42:00,25,9,0 days 00:42:00
31231,SEALDAH,BARRACKPORE,13:42:00,14:22:00,25,9,0 days 00:40:00
31232,BARRACKPORE,SEALDAH,14:42:00,15:20:00,25,9,0 days 00:38:00
31233,SEALDAH,BARRACKPORE,14:50:00,15:30:00,25,9,0 days 00:40:00
31234,BARRACKPORE,SEALDAH,15:45:00,16:25:00,25,9,0 days 00:40:00
31235,SEALDAH,BARRACKPORE,16:08:00,16:48:00,25,9,0 days 00:40:00
31236,BARRACKPORE,SEALDAH,18:30:00,19:10:00,25,9,0 days 00:40:00
31237,SEALDAH,BARRACKPORE,18:28:00,19:10:00,25,9,0 days 00:42:00
31238,BARRACKPORE,SEALDAH,19:25:00,20:05:00,25,9,0 days 00:40:00
31239,SEALDAH,BARRACKPORE,18:28:00,19:10:00,25,9,0 days 00:42:00
31240,BARRACKPORE,SEALDAH,20:27:00,21:07:00,25,9,0 days 00:40:00
31241,SEALDAH,BARRACKPORE,08:13:00,08:52:00,25,9,0 days 00:39:00
31261,KANKURGACHHI,BARRACKPORE,17:42:00,18:18:00,20,9,0 days 00:36:00
31311,SEALDAH,KALYANI SIMA,04:12:00,05:43:00,55,21,0 days 01:31:00
31312,KALYANI SIMA,SEALDAH,05:02:00,06:30:00,55,21,0 days 01:28:00
31313,SEALDAH,KALYANI SIMA,05:30:00,07:00:00,55,21,0 days 01:30:00
31314,KALYANI SIMA,SEALDAH,06:02:00,07:30:00,55,21,0 days 01:28:00
31315,SEALDAH,KALYANI SIMA,06:30:00,07:58:00,55,21,0 days 01:28:00
31316,KALYANI SIMA,SEALDAH,07:10:00,08:40:00,55,21,0 days 01:30:00
31317,SEALDAH,KALYANI SIMA,07:18:00,08:48:00,55,21,0 days 01:30:00
31318,KALYANI SIMA,SEALDAH,09:15:00,10:45:00,55,21,0 days 01:30:00
31319,SEALDAH,KALYANI SIMA,08:30:00,10:00:00,55,21,0 days 01:30:00
31320,KALYANI SIMA,SEALDAH,10:12:00,11:35:00,55,12,0 days 01:23:00
31321,SEALDAH,KALYANI SIMA,09:20:00,10:52:00,55,21,0 days 01:32:00
31322,KALYANI SIMA,SEALDAH,13:18:00,15:06:00,55,21,0 days 01:48:00
31323,SEALDAH,KALYANI SIMA,11:22:00,12:52:00,55,21,0 days 01:30:00
31324,KALYANI SIMA,SEALDAH,14:16:00,15:45:00,55,21,0 days 01:29:00
31325,SEALDAH,KALYANI SIMA,12:30:00,14:03:00,55,21,0 days 01:33:00
31326,KALYANI SIMA,SEALDAH,15:20:00,16:50:00,55,21,0 days 01:30:00
31327,SEALDAH,KALYANI SIMA,13:35:00,15:07:00,55,21,0 days 01:32:00
31328,KALYANI SIMA,SEALDAH,16:32:00,18:00:00,55,21,0 days 01:28:00
31329,SEALDAH,KALYANI SIMA,14:40:00,16:10:00,55,21,0 days 01:30:00
31330,KALYANI SIMA,SEALDAH,17:32:00,19:02:00,55,21,0 days 01:30:00
31331,SEALDAH,KALYANI SIMA,15:35:00,17:06:00,55,21,0 days 01:31:00
31332,KALYANI SIMA,SEALDAH,19:07:00,20:35:00,55,21,0 days 01:28:00
31333,SEALDAH,KALYANI SIMA,16:50:00,18:20:00,55,21,0 days 01:30:00
31334,KALYANI SIMA,SEALDAH,20:02:00,21:32:00,55,21,0 days 01:30:00
31335,SEALDAH,KALYANI SIMA,18:12:00,19:46:00,55,21,0 days 01:34:00
31336,KALYANI SIMA,SEALDAH,21:14:00,22:45:00,55,21,0 days 01:31:00
31337,SEALDAH,KALYANI SIMA,19:10:00,20:34:00,55,13,0 days 01:24:00
31338,KALYANI SIMA,SEALDAH,22:12:00,23:42:00,55,21,0 days 01:30:00
31339,SEALDAH,KALYANI SIMA,20:10:00,21:43:00,55,21,0 days 01:33:00
31411,SEALDAH,NAIHATI JN.,04:40:00,05:40:00,40,9,0 days 01:00:00
31412,NAIHATI JN.,SEALDAH,04:05:00,05:10:00,40,15,0 days 01:05:00
31413,SEALDAH,NAIHATI JN.,06:38:00,07:42:00,40,15,0 days 01:04:00
31414,NAIHATI JN.,SEALDAH,04:50:00,05:55:00,40,15,0 days 01:05:00
31415,SEALDAH,NAIHATI JN.,07:52:00,08:55:00,40,15,0 days 01:03:00
31416,NAIHATI JN.,SEALDAH,07:52:00,08:58:00,40,15,0 days 01:06:00
31417,SEALDAH,NAIHATI JN.,09:28:00,10:30:00,40,15,0 days 01:02:00
31418,NAIHATI JN.,SEALDAH,08:30:00,09:38:00,40,15,0 days 01:08:00
31420,NAIHATI JN.,SEALDAH,09:10:00,10:13:00,40,15,0 days 01:03:00
31421,SEALDAH,NAIHATI JN.,10:45:00,11:48:00,40,15,0 days 01:03:00
31422,NAIHATI JN.,SEALDAH,09:27:00,10:30:00,40,15,0 days 01:03:00
31423,SEALDAH,NAIHATI JN.,11:15:00,12:18:00,40,15,0 days 01:03:00
31424,NAIHATI JN.,SEALDAH,10:45:00,11:50:00,40,15,0 days 01:05:00
31425,SEALDAH,NAIHATI JN.,12:20:00,13:25:00,40,15,0 days 01:05:00
31426,NAIHATI JN.,SEALDAH,12:00:00,13:05:00,40,15,0 days 01:05:00
31427,SEALDAH,NAIHATI JN.,13:07:00,14:12:00,40,15,0 days 01:05:00
31428,NAIHATI JN.,SEALDAH,12:28:00,13:32:00,40,15,0 days 01:04:00
31429,SEALDAH,NAIHATI JN.,13:52:00,14:57:00,40,15,0 days 01:05:00
31430,NAIHATI JN.,SEALDAH,13:20:00,14:25:00,40,15,0 days 01:05:00
31431,SEALDAH,NAIHATI JN.,16:02:00,17:07:00,40,15,0 days 01:05:00
31432,NAIHATI JN.,SEALDAH,13:40:00,14:42:00,40,15,0 days 01:02:00
31433,SEALDAH,NAIHATI JN.,16:32:00,17:38:00,40,15,0 days 01:06:00
31434,NAIHATI JN.,SEALDAH,14:50:00,15:55:00,40,15,0 days 01:05:00
31435,SEALDAH,NAIHATI JN.,17:22:00,18:27:00,40,15,0 days 01:05:00
31436,NAIHATI JN.,SEALDAH,17:22:00,18:25:00,40,15,0 days 01:03:00
31437,SEALDAH,NAIHATI JN.,18:05:00,19:10:00,40,15,0 days 01:05:00
31438,NAIHATI JN.,SEALDAH,19:20:00,20:24:00,40,15,0 days 01:04:00
31439,SEALDAH,NAIHATI JN.,18:35:00,19:39:00,40,15,0 days 01:04:00
31440,NAIHATI JN.,SEALDAH,19:47:00,20:48:00,40,15,0 days 01:01:00
31441,SEALDAH,NAIHATI JN.,19:42:00,20:45:00,40,15,0 days 01:03:00
31442,NAIHATI JN.,SEALDAH,20:15:00,21:20:00,40,15,0 days 01:05:00
31443,SEALDAH,NAIHATI JN.,20:52:00,21:55:00,40,15,0 days 01:03:00
31444,NAIHATI JN.,SEALDAH,21:08:00,22:13:00,40,15,0 days 01:05:00
31445,SEALDAH,NAIHATI JN.,21:20:00,22:25:00,40,15,0 days 01:05:00
31446,NAIHATI JN.,SEALDAH,21:32:00,22:35:00,40,15,0 days 01:03:00
31447,SEALDAH,NAIHATI JN.,22:22:00,23:27:00,40,15,0 days 01:05:00
31448,NAIHATI JN.,SEALDAH,22:08:00,23:12:00,40,15,0 days 01:04:00
31449,SEALDAH,NAIHATI JN.,23:15:00,00:18:00,40,15,0 days 01:03:00
31450,NAIHATI JN.,SEALDAH,23:15:00,00:20:00,40,15,0 days 01:05:00
31451,SEALDAH,NAIHATI JN.,23:15:00,00:18:00,40,15,0 days 01:03:00
31471,KANKURGACHHI,NAIHATI JN.,07:15:00,08:12:00,35,15,0 days 00:57:00
31511,SEALDAH,SHANTIPUR JN,04:35:00,06:55:00,96,29,0 days 02:20:00
31512,SHANTIPUR JN,SEALDAH,03:22:00,05:40:00,96,28,0 days 02:18:00
31513,SEALDAH,SHANTIPUR JN,06:00:00,08:15:00,96,28,0 days 02:15:00
31514,SHANTIPUR JN,SEALDAH,04:46:00,07:05:00,96,29,0 days 02:19:00
31515,SEALDAH,SHANTIPUR JN,07:25:00,09:42:00,96,29,0 days 02:17:00
31516,SHANTIPUR JN,SEALDAH,05:52:00,08:07:00,96,29,0 days 02:15:00
31517,SEALDAH,SHANTIPUR JN,08:50:00,11:08:00,96,29,0 days 02:18:00
31518,SHANTIPUR JN,SEALDAH,07:28:00,09:40:00,96,25,0 days 02:12:00
31519,SEALDAH,SHANTIPUR JN,10:32:00,12:50:00,96,27,0 days 02:18:00
31520,SHANTIPUR JN,SEALDAH,08:37:00,10:52:00,96,28,0 days 02:15:00
31521,SEALDAH,SHANTIPUR JN,11:35:00,13:58:00,96,29,0 days 02:23:00
31522,SHANTIPUR JN,SEALDAH,10:05:00,12:22:00,96,29,0 days 02:17:00
31523,SEALDAH,SHANTIPUR JN,13:00:00,15:20:00,96,27,0 days 02:20:00
31524,SHANTIPUR JN,SEALDAH,11:30:00,13:42:00,96,28,0 days 02:12:00
31525,SEALDAH,SHANTIPUR JN,14:20:00,16:38:00,96,28,0 days 02:18:00
31526,SHANTIPUR JN,SEALDAH,13:12:00,15:32:00,96,29,0 days 02:20:00
31527,SEALDAH,SHANTIPUR JN,15:45:00,18:05:00,96,29,0 days 02:20:00
31528,SHANTIPUR JN,SEALDAH,14:27:00,16:40:00,96,27,0 days 02:13:00
31529,SEALDAH,SHANTIPUR JN,16:57:00,19:18:00,96,29,0 days 02:21:00
31530,SHANTIPUR JN,SEALDAH,15:40:00,17:55:00,96,29,0 days 02:15:00
31531,SEALDAH,SHANTIPUR JN,17:52:00,20:00:00,96,23,0 days 02:08:00
31532,SHANTIPUR JN,SEALDAH,17:10:00,19:25:00,96,29,0 days 02:15:00
31533,SEALDAH,SHANTIPUR JN,18:50:00,21:10:00,96,27,0 days 02:20:00
31534,SHANTIPUR JN,SEALDAH,18:28:00,20:45:00,96,24,0 days 02:17:00
31535,SEALDAH,SHANTIPUR JN,19:50:00,22:10:00,96,27,0 days 02:20:00
31536,SHANTIPUR JN,SEALDAH,19:52:00,22:05:00,96,26,0 days 02:13:00
31537,SEALDAH,SHANTIPUR JN,20:45:00,23:03:00,96,28,0 days 02:18:00
31538,SHANTIPUR JN,SEALDAH,20:55:00,23:15:00,96,28,0 days 02:20:00
31539,SEALDAH,SHANTIPUR JN,21:50:00,00:05:00,96,28,0 days 02:15:00
31540,SHANTIPUR JN,SEALDAH,21:30:00,23:50:00,96,27,0 days 02:20:00
31541,SEALDAH,SHANTIPUR JN,22:40:00,00:55:00,96,28,0 days 02:15:00
31542,SHANTIPUR JN,SEALDAH,22:45:00,00:58:00,96,27,0 days 02:13:00
31571,RANAGHAT JN.,KRISHNA NAGA,05:47:00,06:52:00,35,6,0 days 01:05:00
31584,KRISHNA NAGA,SHANTIPUR JN,07:02:00,07:40:00,15,2,0 days 00:38:00
31585,SHANTIPUR JN,KRISHNA NAGA,08:35:00,09:13:00,15,2,0 days 00:38:00
31586,KRISHNA NAGA,SHANTIPUR JN,09:25:00,10:02:00,15,2,0 days 00:37:00
31601,SEALDAH,RANAGHAT JN.,17:52:00,19:40:00,76,24,0 days 01:48:00
31602,RANAGHAT JN.,SEALDAH,07:45:00,09:26:00,76,24,0 days 01:41:00
31611,SEALDAH,RANAGHAT JN.,05:05:00,06:55:00,76,23,0 days 01:50:00
31612,RANAGHAT JN.,SEALDAH,04:20:00,06:05:00,76,24,0 days 01:45:00
31613,SEALDAH,RANAGHAT JN.,05:37:00,07:25:00,76,24,0 days 01:48:00
31614,RANAGHAT JN.,SEALDAH,06:05:00,07:50:00,76,24,0 days 01:45:00
31615,SEALDAH,RANAGHAT JN.,06:20:00,08:10:00,76,24,0 days 01:50:00
31616,RANAGHAT JN.,SEALDAH,07:20:00,09:10:00,76,24,0 days 01:50:00
31617,SEALDAH,RANAGHAT JN.,08:00:00,09:48:00,76,24,0 days 01:48:00
31618,RANAGHAT JN.,SEALDAH,07:30:00,09:10:00,76,11,0 days 01:40:00
31619,SEALDAH,RANAGHAT JN.,09:50:00,11:28:00,76,12,0 days 01:38:00
31620,RANAGHAT JN.,SEALDAH,08:35:00,10:18:00,76,20,0 days 01:43:00
31621,SEALDAH,RANAGHAT JN.,11:45:00,13:37:00,76,24,0 days 01:52:00
31622,RANAGHAT JN.,SEALDAH,10:12:00,11:58:00,76,24,0 days 01:46:00
31623,SEALDAH,RANAGHAT JN.,15:00:00,16:48:00,76,23,0 days 01:48:00
31624,RANAGHAT JN.,SEALDAH,12:50:00,14:36:00,76,24,0 days 01:46:00
31625,SEALDAH,RANAGHAT JN.,16:25:00,18:12:00,76,16,0 days 01:47:00
31626,RANAGHAT JN.,SEALDAH,15:30:00,17:02:00,76,10,0 days 01:32:00
31627,SEALDAH,RANAGHAT JN.,20:25:00,22:15:00,76,24,0 days 01:50:00
31628,RANAGHAT JN.,SEALDAH,17:25:00,19:10:00,76,21,0 days 01:45:00
31629,SEALDAH,RANAGHAT JN.,21:40:00,23:28:00,76,24,0 days 01:48:00
31630,RANAGHAT JN.,SEALDAH,18:42:00,20:30:00,76,23,0 days 01:48:00
31631,SEALDAH,RANAGHAT JN.,22:50:00,00:38:00,76,24,0 days 01:48:00
31632,RANAGHAT JN.,SEALDAH,19:25:00,21:15:00,76,24,0 days 01:50:00
31633,SEALDAH,RANAGHAT JN.,23:40:00,01:28:00,76,24,0 days 01:48:00
31634,RANAGHAT JN.,SEALDAH,20:08:00,21:55:00,76,24,0 days 01:47:00
31636,RANAGHAT JN.,SEALDAH,21:37:00,23:25:00,76,23,0 days 01:48:00
31711,NAIHATI JN.,RANAGHAT JN.,05:00:00,05:42:00,35,10,0 days 00:42:00
31712,RANAGHAT JN.,NAIHATI JN.,04:05:00,04:47:00,35,9,0 days 00:42:00
31713,NAIHATI JN.,RANAGHAT JN.,12:32:00,13:12:00,35,6,0 days 00:40:00
31714,RANAGHAT JN.,NAIHATI JN.,11:40:00,12:20:00,35,6,0 days 00:40:00
31721,RANAGHAT JN.,KRISHNA NAGA,04:42:00,05:11:00,26,6,0 days 00:29:00
31722,KRISHNA NAGA,RANAGHAT JN.,07:58:00,08:32:00,26,6,0 days 00:34:00
31723,RANAGHAT JN.,KRISHNA NAGA,06:05:00,06:38:00,26,6,0 days 00:33:00
31724,KRISHNA NAGA,RANAGHAT JN.,20:44:00,21:15:00,26,5,0 days 00:31:00
31725,RANAGHAT JN.,KRISHNA NAGA,22:20:00,22:50:00,26,7,0 days 00:30:00
31726,KRISHNA NAGA,RANAGHAT JN.,23:25:00,23:58:00,26,7,0 days 00:33:00
31741,RANAGHAT JN.,GEDE,04:42:00,05:32:00,43,13,0 days 00:50:00
31742,GEDE,RANAGHAT JN.,06:22:00,07:12:00,43,13,0 days 00:50:00
31743,RANAGHAT JN.,GEDE,05:27:00,06:14:00,43,10,0 days 00:47:00
31744,GEDE,RANAGHAT JN.,07:38:00,08:28:00,43,13,0 days 00:50:00
31745,RANAGHAT JN.,GEDE,07:30:00,08:20:00,43,13,0 days 00:50:00
31746,GEDE,RANAGHAT JN.,09:52:00,10:45:00,43,13,0 days 00:53:00
31747,RANAGHAT JN.,GEDE,08:50:00,09:40:00,43,13,0 days 00:50:00
31748,GEDE,RANAGHAT JN.,11:55:00,12:48:00,43,13,0 days 00:53:00
31749,RANAGHAT JN.,GEDE,10:53:00,11:47:00,43,13,0 days 00:54:00
31750,GEDE,RANAGHAT JN.,16:30:00,17:20:00,43,13,0 days 00:50:00
31751,RANAGHAT JN.,GEDE,13:40:00,14:30:00,43,13,0 days 00:50:00
31752,GEDE,RANAGHAT JN.,17:30:00,18:20:00,43,13,0 days 00:50:00
31753,RANAGHAT JN.,GEDE,15:20:00,16:10:00,43,13,0 days 00:50:00
31754,GEDE,RANAGHAT JN.,18:30:00,19:20:00,43,13,0 days 00:50:00
31755,RANAGHAT JN.,GEDE,17:50:00,18:40:00,43,13,0 days 00:50:00
31756,GEDE,RANAGHAT JN.,20:50:00,21:40:00,43,13,0 days 00:50:00
31757,RANAGHAT JN.,GEDE,19:45:00,20:35:00,43,13,0 days 00:50:00
31758,GEDE,RANAGHAT JN.,21:58:00,22:47:00,43,13,0 days 00:49:00
31765,RANAGHAT JN.,LALGOLA,05:00:00,08:15:00,154,25,0 days 03:15:00
31766,LALGOLA,RANAGHAT JN.,08:25:00,11:45:00,153,25,0 days 03:20:00
31767,RANAGHAT JN.,LALGOLA,07:35:00,10:50:00,154,29,0 days 03:15:00
31768,LALGOLA,RANAGHAT JN.,03:25:00,06:55:00,153,27,0 days 03:30:00
31770,LALGOLA,RANAGHAT JN.,11:55:00,15:35:00,153,29,0 days 03:40:00
31771,RANAGHAT JN.,LALGOLA,17:05:00,20:20:00,154,28,0 days 03:15:00
31772,LALGOLA,RANAGHAT JN.,19:30:00,23:03:00,153,29,0 days 03:33:00
31781,RANAGHAT JN.,SHANTIPUR JN,08:15:00,08:42:00,20,6,0 days 00:27:00
31782,SHANTIPUR JN,RANAGHAT JN.,08:58:00,09:25:00,19,6,0 days 00:27:00
31783,RANAGHAT JN.,SHANTIPUR JN,13:05:00,13:32:00,20,5,0 days 00:27:00
31784,SHANTIPUR JN,RANAGHAT JN.,10:46:00,11:15:00,19,5,0 days 00:29:00
31786,SHANTIPUR JN,RANAGHAT JN.,14:07:00,14:35:00,19,5,0 days 00:28:00
31801,SEALDAH,KRISHNA NAGA,17:05:00,19:29:00,102,29,0 days 02:24:00
31802,KRISHNA NAGA,SEALDAH,08:42:00,11:00:00,102,29,0 days 02:18:00
31811,SEALDAH,KRISHNA NAGA,03:20:00,05:48:00,102,29,0 days 02:28:00
31812,KRISHNA NAGA,SEALDAH,04:20:00,06:45:00,102,29,0 days 02:25:00
31813,SEALDAH,KRISHNA NAGA,05:20:00,07:42:00,102,30,0 days 02:22:00
31814,KRISHNA NAGA,SEALDAH,05:00:00,07:12:00,102,22,0 days 02:12:00
31815,SEALDAH,KRISHNA NAGA,06:10:00,08:34:00,102,29,0 days 02:24:00
31816,KRISHNA NAGA,SEALDAH,06:07:00,08:27:00,102,29,0 days 02:20:00
31817,SEALDAH,KRISHNA NAGA,06:55:00,09:22:00,102,30,0 days 02:27:00
31818,KRISHNA NAGA,SEALDAH,07:04:00,09:22:00,102,25,0 days 02:18:00
31819,SEALDAH,KRISHNA NAGA,09:35:00,11:50:00,102,21,0 days 02:15:00
31820,KRISHNA NAGA,SEALDAH,09:04:00,11:24:00,102,29,0 days 02:20:00
31821,SEALDAH,KRISHNA NAGA,10:52:00,13:15:00,102,29,0 days 02:23:00
31822,KRISHNA NAGA,SEALDAH,09:50:00,12:10:00,102,29,0 days 02:20:00
31823,SEALDAH,KRISHNA NAGA,12:05:00,14:26:00,102,28,0 days 02:21:00
31824,KRISHNA NAGA,SEALDAH,12:07:00,14:25:00,102,28,0 days 02:18:00
31825,SEALDAH,KRISHNA NAGA,13:15:00,15:35:00,102,30,0 days 02:20:00
31826,KRISHNA NAGA,SEALDAH,13:50:00,16:00:00,102,20,0 days 02:10:00
31827,SEALDAH,KRISHNA NAGA,15:25:00,17:50:00,102,30,0 days 02:25:00
31828,KRISHNA NAGA,SEALDAH,15:20:00,17:37:00,102,29,0 days 02:17:00
31829,SEALDAH,KRISHNA NAGA,16:15:00,18:35:00,102,23,0 days 02:20:00
31830,KRISHNA NAGA,SEALDAH,16:27:00,18:45:00,102,26,0 days 02:18:00
31831,SEALDAH,KRISHNA NAGA,17:36:00,19:49:00,102,16,0 days 02:13:00
31832,KRISHNA NAGA,SEALDAH,18:32:00,20:58:00,102,28,0 days 02:26:00
31833,SEALDAH,KRISHNA NAGA,18:42:00,20:59:00,102,22,0 days 02:17:00
31834,KRISHNA NAGA,SEALDAH,19:24:00,21:43:00,102,26,0 days 02:19:00
31835,SEALDAH,KRISHNA NAGA,19:35:00,21:57:00,102,29,0 days 02:22:00
31836,KRISHNA NAGA,SEALDAH,20:00:00,22:25:00,102,29,0 days 02:25:00
31837,SEALDAH,KRISHNA NAGA,21:00:00,23:22:00,102,28,0 days 02:22:00
31838,KRISHNA NAGA,SEALDAH,22:17:00,00:40:00,102,30,0 days 02:23:00
31839,SEALDAH,KRISHNA NAGA,07:46:00,09:58:00,102,19,0 days 02:12:00
31840,KRISHNA NAGA,SEALDAH,20:25:00,22:55:00,102,16,0 days 02:30:00
31841,SEALDAH,KRISHNA NAGA,10:28:00,12:35:00,102,9,0 days 02:07:00
31842,KRISHNA NAGA,SEALDAH,21:10:00,23:25:00,102,9,0 days 02:15:00
31843,SEALDAH,KRISHNA NAGA,19:30:00,21:40:00,102,10,0 days 02:10:00
31844,KRISHNA NAGA,SEALDAH,14:17:00,16:15:00,102,10,0 days 01:58:00
31861,KRISHNA NAGA,LALGOLA,10:28:00,13:10:00,128,23,0 days 02:42:00
31862,LALGOLA,KRISHNA NAGA,16:55:00,19:55:00,127,24,0 days 03:00:00
31863,KRISHNA NAGA,LALGOLA,13:05:00,15:45:00,128,21,0 days 02:40:00
31864,LALGOLA,KRISHNA NAGA,17:55:00,20:40:00,127,20,0 days 02:45:00
31865,KRISHNA NAGA,LALGOLA,22:10:00,00:40:00,128,20,0 days 02:30:00
31866,LALGOLA,KRISHNA NAGA,11:05:00,13:47:00,127,21,0 days 02:42:00
31911,SEALDAH,GEDE,04:20:00,07:02:00,119,36,0 days 02:42:00
31912,GEDE,SEALDAH,03:50:00,06:25:00,119,36,0 days 02:35:00
31913,SEALDAH,GEDE,07:40:00,10:28:00,119,36,0 days 02:48:00
31914,GEDE,SEALDAH,05:05:00,07:37:00,119,36,0 days 02:32:00
31915,SEALDAH,GEDE,09:58:00,12:39:00,119,36,0 days 02:41:00
31916,GEDE,SEALDAH,07:12:00,09:52:00,119,30,0 days 02:40:00
31917,SEALDAH,GEDE,12:45:00,15:40:00,119,36,0 days 02:55:00
31918,GEDE,SEALDAH,08:52:00,11:30:00,119,36,0 days 02:38:00
31919,SEALDAH,GEDE,14:05:00,16:46:00,119,36,0 days 02:41:00
31920,GEDE,SEALDAH,10:40:00,13:14:00,119,35,0 days 02:34:00
31921,SEALDAH,GEDE,17:15:00,19:58:00,119,36,0 days 02:43:00
31922,GEDE,SEALDAH,14:05:00,17:00:00,119,36,0 days 02:55:00
31923,SEALDAH,GEDE,18:20:00,21:04:00,119,36,0 days 02:44:00
31924,GEDE,SEALDAH,15:35:00,18:12:00,119,35,0 days 02:37:00
31925,SEALDAH,GEDE,19:17:00,21:54:00,119,35,0 days 02:37:00
31926,GEDE,SEALDAH,19:54:00,22:35:00,119,36,0 days 02:41:00
31927,SEALDAH,GEDE,20:32:00,23:15:00,119,36,0 days 02:43:00
31928,GEDE,SEALDAH,21:25:00,00:02:00,119,31,0 days 02:37:00
31929,SEALDAH,GEDE,21:30:00,00:11:00,119,36,0 days 02:41:00
32211,SEALDAH,DANKUNI JN.,04:07:00,04:50:00,28,9,0 days 00:43:00
32212,DANKUNI JN.,SEALDAH,05:00:00,05:45:00,28,9,0 days 00:45:00
32213,SEALDAH,DANKUNI JN.,04:57:00,05:44:00,28,9,0 days 00:47:00
32214,DANKUNI JN.,SEALDAH,05:52:00,06:35:00,28,9,0 days 00:43:00
32215,SEALDAH,DANKUNI JN.,05:42:00,06:25:00,28,9,0 days 00:43:00
32216,DANKUNI JN.,SEALDAH,06:35:00,07:18:00,28,9,0 days 00:43:00
32217,SEALDAH,DANKUNI JN.,06:05:00,06:52:00,28,9,0 days 00:47:00
32218,DANKUNI JN.,SEALDAH,07:02:00,07:46:00,28,9,0 days 00:44:00
32219,SEALDAH,DANKUNI JN.,06:42:00,07:25:00,28,9,0 days 00:43:00
32220,DANKUNI JN.,SEALDAH,07:40:00,08:27:00,28,9,0 days 00:47:00
32221,SEALDAH,DANKUNI JN.,07:52:00,08:35:00,28,9,0 days 00:43:00
32222,DANKUNI JN.,SEALDAH,08:44:00,09:28:00,28,9,0 days 00:44:00
32223,SEALDAH,DANKUNI JN.,08:23:00,09:07:00,28,9,0 days 00:44:00
32224,DANKUNI JN.,SEALDAH,09:15:00,10:00:00,28,9,0 days 00:45:00
32225,SEALDAH,DANKUNI JN.,08:48:00,09:31:00,28,9,0 days 00:43:00
32226,DANKUNI JN.,SEALDAH,09:50:00,10:35:00,28,9,0 days 00:45:00
32227,SEALDAH,DANKUNI JN.,09:50:00,10:32:00,28,9,0 days 00:42:00
32228,DANKUNI JN.,SEALDAH,10:58:00,11:45:00,28,9,0 days 00:47:00
32229,SEALDAH,DANKUNI JN.,10:15:00,11:02:00,28,9,0 days 00:47:00
32230,DANKUNI JN.,SEALDAH,11:25:00,12:10:00,28,9,0 days 00:45:00
32231,SEALDAH,DANKUNI JN.,10:50:00,11:35:00,28,9,0 days 00:45:00
32232,DANKUNI JN.,SEALDAH,12:08:00,12:52:00,28,9,0 days 00:44:00
32233,SEALDAH,DANKUNI JN.,12:12:00,12:57:00,28,9,0 days 00:45:00
32234,DANKUNI JN.,SEALDAH,13:10:00,14:05:00,28,9,0 days 00:55:00
32235,SEALDAH,DANKUNI JN.,13:25:00,14:07:00,28,9,0 days 00:42:00
32236,DANKUNI JN.,SEALDAH,14:22:00,15:05:00,28,9,0 days 00:43:00
32237,SEALDAH,DANKUNI JN.,15:26:00,16:10:00,28,9,0 days 00:44:00
32238,DANKUNI JN.,SEALDAH,16:25:00,17:07:00,28,9,0 days 00:42:00
32239,SEALDAH,DANKUNI JN.,16:05:00,16:45:00,28,9,0 days 00:40:00
32240,DANKUNI JN.,SEALDAH,17:10:00,17:55:00,28,9,0 days 00:45:00
32241,SEALDAH,DANKUNI JN.,17:17:00,18:02:00,28,9,0 days 00:45:00
32242,DANKUNI JN.,SEALDAH,18:10:00,18:55:00,28,9,0 days 00:45:00
32243,SEALDAH,DANKUNI JN.,18:06:00,18:49:00,28,9,0 days 00:43:00
32244,DANKUNI JN.,SEALDAH,18:30:00,19:15:00,28,9,0 days 00:45:00
32245,SEALDAH,DANKUNI JN.,19:05:00,19:50:00,28,9,0 days 00:45:00
32246,DANKUNI JN.,SEALDAH,19:15:00,19:58:00,28,9,0 days 00:43:00
32247,SEALDAH,DANKUNI JN.,21:32:00,22:15:00,28,9,0 days 00:43:00
32248,DANKUNI JN.,SEALDAH,20:32:00,21:20:00,28,9,0 days 00:48:00
32249,SEALDAH,DANKUNI JN.,22:22:00,23:07:00,28,9,0 days 00:45:00
32250,DANKUNI JN.,SEALDAH,22:32:00,23:20:00,28,9,0 days 00:48:00
32252,DANKUNI JN.,SEALDAH,23:45:00,00:28:00,28,9,0 days 00:43:00
32411,SEALDAH,BARUI PARA,14:12:00,15:12:00,39,13,0 days 01:00:00
32412,BARUI PARA,SEALDAH,15:23:00,16:30:00,39,13,0 days 01:07:00
32413,SEALDAH,BARUI PARA,20:40:00,21:50:00,39,13,0 days 01:10:00
32414,BARUI PARA,SEALDAH,22:50:00,23:50:00,39,13,0 days 01:00:00
33061,CANNING,BARASAT JN.,14:32:00,16:44:00,66,26,0 days 02:12:00
33212,DUM DUM JN.,SEALDAH,11:33:00,11:50:00,9,3,0 days 00:17:00
33231,DUM DUM JN.,BARRACKPORE,18:17:00,18:42:00,15,7,0 days 00:25:00
33232,BARRACKPORE,DUM DUM JN.,18:52:00,19:17:00,15,7,0 days 00:25:00
33262,BARASAT JN.,DUM DUM JN.,17:12:00,17:40:00,15,9,0 days 00:28:00
33271,DUM DUM JN.,GOBARDANGA,19:25:00,20:45:00,50,18,0 days 01:20:00
33282,HASANABAD,DUM DUM JN.,16:15:00,18:05:00,67,27,0 days 01:50:00
33291,DUM DUM JN.,DANKUNI JN.,17:50:00,18:18:00,18,7,0 days 00:28:00
33311,BARASAT JN.,HASANABAD,04:03:00,05:33:00,52,19,0 days 01:30:00
33312,HASANABAD,BARASAT JN.,05:10:00,06:32:00,52,19,0 days 01:22:00
33313,BARASAT JN.,HASANABAD,04:50:00,06:15:00,52,19,0 days 01:25:00
33314,HASANABAD,BARASAT JN.,09:28:00,10:46:00,52,19,0 days 01:18:00
33315,BARASAT JN.,HASANABAD,07:52:00,09:12:00,52,19,0 days 01:20:00
33316,HASANABAD,BARASAT JN.,19:40:00,21:04:00,52,19,0 days 01:24:00
33317,BARASAT JN.,HASANABAD,17:05:00,18:30:00,52,19,0 days 01:25:00
33318,HASANABAD,BARASAT JN.,22:24:00,23:40:00,52,19,0 days 01:16:00
33319,BARASAT JN.,HASANABAD,18:10:00,19:32:00,52,19,0 days 01:22:00
33320,HASANABAD,BARASAT JN.,20:28:00,21:48:00,52,19,0 days 01:20:00
33321,BARASAT JN.,HASANABAD,19:47:00,21:10:00,52,19,0 days 01:23:00
33323,BARASAT JN.,HASANABAD,22:13:00,23:32:00,52,19,0 days 01:19:00
33325,BARASAT JN.,HASANABAD,21:30:00,22:55:00,52,19,0 days 01:25:00
33351,BARASAT JN.,HABRA,15:42:00,16:15:00,22,7,0 days 00:33:00
33357,BARASAT JN.,DATTAPUKUR,07:02:00,07:15:00,7,3,0 days 00:13:00
33361,BARASAT JN.,BANGAON JN.,07:45:00,08:55:00,54,14,0 days 01:10:00
33362,BANGAON JN.,BARASAT JN.,09:25:00,10:30:00,54,12,0 days 01:05:00
33363,BARASAT JN.,BANGAON JN.,08:25:00,09:30:00,54,12,0 days 01:05:00
33364,BANGAON JN.,BARASAT JN.,20:08:00,21:22:00,54,12,0 days 01:14:00
33365,BARASAT JN.,BANGAON JN.,11:30:00,12:35:00,54,12,0 days 01:05:00
33366,BANGAON JN.,BARASAT JN.,22:10:00,23:20:00,54,12,0 days 01:10:00
33367,BARASAT JN.,BANGAON JN.,17:40:00,18:48:00,54,13,0 days 01:08:00
33382,GOBARDANGA,BARASAT JN.,22:15:00,23:03:00,35,10,0 days 00:48:00
33401,SEALDAH,BARASAT JN.,18:12:00,18:57:00,24,11,0 days 00:45:00
33402,BARASAT JN.,SEALDAH,09:35:00,10:20:00,25,11,0 days 00:45:00
33411,SEALDAH,DUMDUM CANTO,09:28:00,09:49:00,12,4,0 days 00:21:00
33412,DUMDUM CANTO,SEALDAH,10:03:00,10:25:00,12,4,0 days 00:22:00
33421,SEALDAH,MADHYAM GRAM,07:32:00,08:12:00,20,9,0 days 00:40:00
33422,MADHYAM GRAM,SEALDAH,08:52:00,09:35:00,20,9,0 days 00:43:00
33431,SEALDAH,BARASAT JN.,08:58:00,09:45:00,24,11,0 days 00:47:00
33432,BARASAT JN.,SEALDAH,05:16:00,06:05:00,25,11,0 days 00:49:00
33433,SEALDAH,BARASAT JN.,09:40:00,10:26:00,24,11,0 days 00:46:00
33434,BARASAT JN.,SEALDAH,08:15:00,09:02:00,25,11,0 days 00:47:00
33435,SEALDAH,BARASAT JN.,10:22:00,11:12:00,24,11,0 days 00:50:00
33436,BARASAT JN.,SEALDAH,10:40:00,11:27:00,25,11,0 days 00:47:00
33437,SEALDAH,BARASAT JN.,10:34:00,11:22:00,24,11,0 days 00:48:00
33438,BARASAT JN.,SEALDAH,14:40:00,15:25:00,25,11,0 days 00:45:00
33439,SEALDAH,BARASAT JN.,10:56:00,11:42:00,24,11,0 days 00:46:00
33440,BARASAT JN.,SEALDAH,16:12:00,16:57:00,25,11,0 days 00:45:00
33441,SEALDAH,BARASAT JN.,16:16:00,17:00:00,24,11,0 days 00:44:00
33443,SEALDAH,BARASAT JN.,20:38:00,21:24:00,24,11,0 days 00:46:00
33445,SEALDAH,BARASAT JN.,21:12:00,21:56:00,24,11,0 days 00:44:00
33447,SEALDAH,BARASAT JN.,21:25:00,22:10:00,24,11,0 days 00:45:00
33511,SEALDAH,HASANABAD,05:18:00,07:28:00,77,29,0 days 02:10:00
33512,HASANABAD,SEALDAH,03:03:00,05:30:00,77,29,0 days 02:27:00
33513,SEALDAH,HASANABAD,06:12:00,08:18:00,77,29,0 days 02:06:00
33514,HASANABAD,SEALDAH,04:48:00,06:55:00,77,29,0 days 02:07:00
33515,SEALDAH,HASANABAD,07:40:00,09:55:00,77,29,0 days 02:15:00
33516,HASANABAD,SEALDAH,06:46:00,08:55:00,77,25,0 days 02:09:00
33517,SEALDAH,HASANABAD,08:20:00,10:30:00,77,29,0 days 02:10:00
33518,HASANABAD,SEALDAH,07:42:00,09:52:00,77,26,0 days 02:10:00
33519,SEALDAH,HASANABAD,09:18:00,11:30:00,77,29,0 days 02:12:00
33520,HASANABAD,SEALDAH,10:47:00,13:00:00,77,29,0 days 02:13:00
33521,SEALDAH,HASANABAD,11:05:00,13:08:00,77,29,0 days 02:03:00
33522,HASANABAD,SEALDAH,11:32:00,13:40:00,77,29,0 days 02:08:00
33523,SEALDAH,HASANABAD,12:15:00,14:20:00,77,29,0 days 02:05:00
33524,HASANABAD,SEALDAH,12:05:00,14:10:00,77,24,0 days 02:05:00
33525,SEALDAH,HASANABAD,14:17:00,16:38:00,77,29,0 days 02:21:00
33526,HASANABAD,SEALDAH,13:15:00,15:18:00,77,29,0 days 02:03:00
33527,SEALDAH,HASANABAD,14:52:00,17:08:00,77,25,0 days 02:16:00
33528,HASANABAD,SEALDAH,13:42:00,15:47:00,77,24,0 days 02:05:00
33529,SEALDAH,HASANABAD,18:00:00,20:05:00,77,25,0 days 02:05:00
33530,HASANABAD,SEALDAH,14:54:00,17:12:00,77,29,0 days 02:18:00
33531,SEALDAH,HASANABAD,19:45:00,21:50:00,77,25,0 days 02:05:00
33532,HASANABAD,SEALDAH,17:22:00,19:37:00,77,29,0 days 02:15:00
33533,SEALDAH,HASANABAD,22:15:00,00:26:00,77,29,0 days 02:11:00
33534,HASANABAD,SEALDAH,18:02:00,20:07:00,77,25,0 days 02:05:00
33536,HASANABAD,SEALDAH,18:53:00,21:10:00,77,29,0 days 02:17:00
33538,HASANABAD,SEALDAH,21:26:00,23:35:00,77,24,0 days 02:09:00
33611,SEALDAH,DATTAPUKUR,05:02:00,06:04:00,32,13,0 days 01:02:00
33612,DATTAPUKUR,SEALDAH,05:42:00,06:40:00,32,13,0 days 00:58:00
33613,SEALDAH,DATTAPUKUR,07:25:00,08:25:00,32,13,0 days 01:00:00
33614,DATTAPUKUR,SEALDAH,06:25:00,07:25:00,32,13,0 days 01:00:00
33615,SEALDAH,DATTAPUKUR,08:30:00,09:30:00,32,13,0 days 01:00:00
33616,DATTAPUKUR,SEALDAH,07:32:00,08:32:00,32,13,0 days 01:00:00
33617,SEALDAH,DATTAPUKUR,09:57:00,10:57:00,32,13,0 days 01:00:00
33618,DATTAPUKUR,SEALDAH,08:45:00,09:45:00,32,13,0 days 01:00:00
33619,SEALDAH,DATTAPUKUR,16:24:00,17:25:00,32,13,0 days 01:01:00
33620,DATTAPUKUR,SEALDAH,09:43:00,10:45:00,32,13,0 days 01:02:00
33621,SEALDAH,DATTAPUKUR,18:47:00,19:46:00,32,13,0 days 00:59:00
33622,DATTAPUKUR,SEALDAH,11:10:00,12:05:00,32,11,0 days 00:55:00
33623,SEALDAH,DATTAPUKUR,19:50:00,20:52:00,32,13,0 days 01:02:00
33624,DATTAPUKUR,SEALDAH,17:35:00,18:32:00,32,13,0 days 00:57:00
33626,DATTAPUKUR,SEALDAH,18:45:00,19:45:00,32,13,0 days 01:00:00
33628,DATTAPUKUR,SEALDAH,20:15:00,21:15:00,32,13,0 days 01:00:00
33630,DATTAPUKUR,SEALDAH,21:05:00,22:03:00,32,13,0 days 00:58:00
33651,SEALDAH,HABRA,04:45:00,06:03:00,47,17,0 days 01:18:00
33652,HABRA,SEALDAH,06:35:00,07:55:00,47,17,0 days 01:20:00
33653,SEALDAH,HABRA,06:48:00,08:08:00,47,17,0 days 01:20:00
33654,HABRA,SEALDAH,08:55:00,10:15:00,47,17,0 days 01:20:00
33655,SEALDAH,HABRA,11:20:00,12:37:00,47,17,0 days 01:17:00
33656,HABRA,SEALDAH,12:47:00,14:03:00,47,17,0 days 01:16:00
33657,SEALDAH,HABRA,11:57:00,13:15:00,47,17,0 days 01:18:00
33658,HABRA,SEALDAH,13:40:00,15:00:00,47,17,0 days 01:20:00
33659,SEALDAH,HABRA,13:32:00,14:50:00,47,17,0 days 01:18:00
33660,HABRA,SEALDAH,14:58:00,16:15:00,47,17,0 days 01:17:00
33664,HABRA,SEALDAH,16:35:00,17:50:00,47,17,0 days 01:15:00
33666,HABRA,SEALDAH,20:05:00,21:27:00,47,17,0 days 01:22:00
33681,SEALDAH,GOBARDANGA,09:10:00,10:47:00,59,20,0 days 01:37:00
33682,GOBARDANGA,SEALDAH,11:37:00,13:10:00,60,20,0 days 01:33:00
33685,SEALDAH,GOBARDANGA,20:23:00,21:57:00,59,20,0 days 01:34:00
33686,GOBARDANGA,SEALDAH,21:20:00,22:54:00,60,20,0 days 01:34:00
33687,SEALDAH,GOBARDANGA,14:05:00,15:40:00,59,20,0 days 01:35:00
33688,GOBARDANGA,SEALDAH,15:55:00,17:35:00,60,20,0 days 01:40:00
33711,RANAGHAT JN.,BANGAON JN.,04:25:00,05:08:00,32,8,0 days 00:43:00
33712,BANGAON JN.,RANAGHAT JN.,04:22:00,05:08:00,32,8,0 days 00:46:00
33713,RANAGHAT JN.,BANGAON JN.,06:22:00,07:08:00,32,9,0 days 00:46:00
33714,BANGAON JN.,RANAGHAT JN.,06:20:00,07:05:00,32,9,0 days 00:45:00
33715,RANAGHAT JN.,BANGAON JN.,07:22:00,08:10:00,32,8,0 days 00:48:00
33716,BANGAON JN.,RANAGHAT JN.,07:20:00,08:05:00,32,8,0 days 00:45:00
33717,RANAGHAT JN.,BANGAON JN.,08:34:00,09:15:00,32,8,0 days 00:41:00
33718,BANGAON JN.,RANAGHAT JN.,09:23:00,10:09:00,32,9,0 days 00:46:00
33719,RANAGHAT JN.,BANGAON JN.,09:27:00,10:08:00,32,8,0 days 00:41:00
33720,BANGAON JN.,RANAGHAT JN.,10:20:00,11:05:00,32,8,0 days 00:45:00
33721,RANAGHAT JN.,BANGAON JN.,10:22:00,11:06:00,32,9,0 days 00:44:00
33722,BANGAON JN.,RANAGHAT JN.,12:20:00,13:00:00,32,8,0 days 00:40:00
33723,RANAGHAT JN.,BANGAON JN.,11:20:00,12:05:00,32,8,0 days 00:45:00
33724,BANGAON JN.,RANAGHAT JN.,13:00:00,13:45:00,32,8,0 days 00:45:00
33725,RANAGHAT JN.,BANGAON JN.,14:20:00,15:05:00,32,8,0 days 00:45:00
33726,BANGAON JN.,RANAGHAT JN.,14:15:00,14:57:00,32,9,0 days 00:42:00
33727,RANAGHAT JN.,BANGAON JN.,15:25:00,16:10:00,32,8,0 days 00:45:00
33728,BANGAON JN.,RANAGHAT JN.,15:20:00,16:03:00,32,8,0 days 00:43:00
33729,RANAGHAT JN.,BANGAON JN.,16:34:00,17:20:00,32,9,0 days 00:46:00
33730,BANGAON JN.,RANAGHAT JN.,16:30:00,17:12:00,32,9,0 days 00:42:00
33731,RANAGHAT JN.,BANGAON JN.,18:05:00,18:50:00,32,8,0 days 00:45:00
33732,BANGAON JN.,RANAGHAT JN.,18:00:00,18:42:00,32,8,0 days 00:42:00
33733,RANAGHAT JN.,BANGAON JN.,18:50:00,19:32:00,32,9,0 days 00:42:00
33734,BANGAON JN.,RANAGHAT JN.,19:36:00,20:17:00,32,8,0 days 00:41:00
33735,RANAGHAT JN.,BANGAON JN.,19:40:00,20:26:00,32,9,0 days 00:46:00
33736,BANGAON JN.,RANAGHAT JN.,20:54:00,21:37:00,32,9,0 days 00:43:00
33737,RANAGHAT JN.,BANGAON JN.,20:58:00,21:43:00,32,8,0 days 00:45:00
33738,BANGAON JN.,RANAGHAT JN.,23:09:00,23:52:00,32,8,0 days 00:43:00
33739,RANAGHAT JN.,BANGAON JN.,23:12:00,23:58:00,32,9,0 days 00:46:00
33751,SHANTIPUR JN,BANGAON JN.,12:36:00,13:45:00,52,12,0 days 01:09:00
33752,BANGAON JN.,SHANTIPUR JN,11:16:00,12:28:00,52,12,0 days 01:12:00
33801,SEALDAH,BANGAON JN.,17:30:00,19:26:00,79,24,0 days 01:56:00
33802,BANGAON JN.,SEALDAH,07:15:00,09:15:00,79,24,0 days 02:00:00
33811,SEALDAH,BANGAON JN.,03:15:00,05:02:00,79,17,0 days 01:47:00
33812,BANGAON JN.,SEALDAH,02:58:00,05:05:00,79,23,0 days 02:07:00
33813,SEALDAH,BANGAON JN.,04:15:00,06:08:00,79,23,0 days 01:53:00
33814,BANGAON JN.,SEALDAH,04:25:00,06:17:00,79,21,0 days 01:52:00
33815,SEALDAH,BANGAON JN.,04:55:00,06:50:00,79,24,0 days 01:55:00
33816,BANGAON JN.,SEALDAH,05:15:00,07:05:00,79,22,0 days 01:50:00
33817,SEALDAH,BANGAON JN.,05:56:00,07:45:00,79,21,0 days 01:49:00
33818,BANGAON JN.,SEALDAH,05:40:00,07:36:00,79,24,0 days 01:56:00
33819,SEALDAH,BANGAON JN.,07:10:00,09:10:00,79,23,0 days 02:00:00
33820,BANGAON JN.,SEALDAH,06:15:00,08:05:00,79,22,0 days 01:50:00
33821,SEALDAH,BANGAON JN.,08:10:00,10:05:00,79,24,0 days 01:55:00
33822,BANGAON JN.,SEALDAH,06:50:00,08:48:00,79,24,0 days 01:58:00
33823,SEALDAH,BANGAON JN.,08:42:00,10:37:00,79,24,0 days 01:55:00
33824,BANGAON JN.,SEALDAH,08:08:00,10:05:00,79,24,0 days 01:57:00
33825,SEALDAH,BANGAON JN.,10:05:00,12:00:00,79,23,0 days 01:55:00
33826,BANGAON JN.,SEALDAH,08:32:00,10:30:00,79,24,0 days 01:58:00
33827,SEALDAH,BANGAON JN.,11:28:00,13:25:00,79,24,0 days 01:57:00
33828,BANGAON JN.,SEALDAH,09:05:00,11:05:00,79,24,0 days 02:00:00
33829,SEALDAH,BANGAON JN.,12:27:00,14:20:00,79,24,0 days 01:53:00
33830,BANGAON JN.,SEALDAH,10:28:00,12:30:00,79,24,0 days 02:02:00
33831,SEALDAH,BANGAON JN.,12:47:00,14:40:00,79,24,0 days 01:53:00
33832,BANGAON JN.,SEALDAH,11:30:00,13:58:00,79,23,0 days 02:28:00
33833,SEALDAH,BANGAON JN.,13:55:00,15:50:00,79,23,0 days 01:55:00
33834,BANGAON JN.,SEALDAH,12:47:00,14:45:00,79,24,0 days 01:58:00
33835,SEALDAH,BANGAON JN.,15:10:00,17:05:00,79,24,0 days 01:55:00
33836,BANGAON JN.,SEALDAH,14:12:00,16:05:00,79,23,0 days 01:53:00
33837,SEALDAH,BANGAON JN.,15:50:00,17:45:00,79,24,0 days 01:55:00
33838,BANGAON JN.,SEALDAH,14:55:00,16:48:00,79,24,0 days 01:53:00
33839,SEALDAH,BANGAON JN.,16:42:00,18:35:00,79,24,0 days 01:53:00
33840,BANGAON JN.,SEALDAH,15:22:00,17:20:00,79,24,0 days 01:58:00
33841,SEALDAH,BANGAON JN.,17:10:00,19:05:00,79,24,0 days 01:55:00
33842,BANGAON JN.,SEALDAH,16:55:00,18:50:00,79,24,0 days 01:55:00
33843,SEALDAH,BANGAON JN.,17:45:00,19:45:00,79,24,0 days 02:00:00
33844,BANGAON JN.,SEALDAH,17:30:00,19:30:00,79,23,0 days 02:00:00
33845,SEALDAH,BANGAON JN.,18:36:00,20:30:00,79,24,0 days 01:54:00
33846,BANGAON JN.,SEALDAH,18:28:00,20:25:00,79,24,0 days 01:57:00
33847,SEALDAH,BANGAON JN.,18:55:00,20:50:00,79,23,0 days 01:55:00
33848,BANGAON JN.,SEALDAH,18:57:00,20:53:00,79,23,0 days 01:56:00
33849,SEALDAH,BANGAON JN.,19:25:00,21:25:00,79,24,0 days 02:00:00
33850,BANGAON JN.,SEALDAH,19:40:00,21:37:00,79,24,0 days 01:57:00
33851,SEALDAH,BANGAON JN.,20:05:00,22:00:00,79,24,0 days 01:55:00
33852,BANGAON JN.,SEALDAH,20:40:00,22:40:00,79,23,0 days 02:00:00
33853,SEALDAH,BANGAON JN.,21:02:00,22:55:00,79,24,0 days 01:53:00
33854,BANGAON JN.,SEALDAH,21:15:00,23:10:00,79,22,0 days 01:55:00
33855,SEALDAH,BANGAON JN.,21:45:00,23:40:00,79,23,0 days 01:55:00
33856,BANGAON JN.,SEALDAH,21:35:00,23:30:00,79,17,0 days 01:55:00
33857,SEALDAH,BANGAON JN.,22:32:00,00:25:00,79,23,0 days 01:53:00
33858,BANGAON JN.,SEALDAH,22:40:00,00:30:00,79,23,0 days 01:50:00
33859,SEALDAH,BANGAON JN.,22:58:00,00:50:00,79,22,0 days 01:52:00
33860,BANGAON JN.,SEALDAH,16:15:00,18:12:00,79,24,0 days 01:57:00
33861,SEALDAH,BANGAON JN.,23:40:00,01:35:00,79,23,0 days 01:55:00
33863,SEALDAH,BANGAON JN.,14:25:00,16:25:00,79,24,0 days 02:00:00
33895,SEALDAH,THAKURNAGAR,15:32:00,17:02:00,65,15,0 days 01:30:00
33896,THAKURNAGAR,SEALDAH,18:15:00,19:50:00,65,15,0 days 01:35:00
34052,NAIHATI JN.,BUDGE BUDGE,05:52:00,07:52:00,67,26,0 days 02:00:00
34054,NAIHATI JN.,BUDGE BUDGE,18:38:00,20:42:00,67,26,0 days 02:04:00
34056,KALYANI SIMA,BUDGE BUDGE,11:07:00,13:40:00,82,32,0 days 02:33:00
34062,BANGAON JN.,CANNING,10:47:00,14:14:00,120,41,0 days 03:27:00
34111,BUDGE BUDGE,SEALDAH,04:40:00,05:30:00,30,11,0 days 00:50:00
34112,SEALDAH,BUDGE BUDGE,03:40:00,04:30:00,30,11,0 days 00:50:00
34113,BUDGE BUDGE,SEALDAH,05:45:00,06:42:00,30,11,0 days 00:57:00
34114,SEALDAH,BUDGE BUDGE,04:36:00,05:30:00,30,11,0 days 00:54:00
34115,BUDGE BUDGE,SEALDAH,06:35:00,07:30:00,30,11,0 days 00:55:00
34116,SEALDAH,BUDGE BUDGE,05:32:00,06:25:00,30,11,0 days 00:53:00
34117,BUDGE BUDGE,SEALDAH,08:05:00,09:02:00,30,11,0 days 00:57:00
34118,SEALDAH,BUDGE BUDGE,06:10:00,07:03:00,30,11,0 days 00:53:00
34119,BUDGE BUDGE,SEALDAH,08:25:00,09:20:00,30,11,0 days 00:55:00
34120,SEALDAH,BUDGE BUDGE,07:20:00,08:15:00,30,11,0 days 00:55:00
34121,BUDGE BUDGE,SEALDAH,09:06:00,09:59:00,30,11,0 days 00:53:00
34122,SEALDAH,BUDGE BUDGE,08:10:00,08:58:00,30,11,0 days 00:48:00
34123,BUDGE BUDGE,SEALDAH,09:37:00,10:32:00,30,11,0 days 00:55:00
34124,SEALDAH,BUDGE BUDGE,08:35:00,09:26:00,30,11,0 days 00:51:00
34125,BUDGE BUDGE,SEALDAH,10:23:00,11:15:00,30,11,0 days 00:52:00
34126,SEALDAH,BUDGE BUDGE,09:22:00,10:15:00,30,11,0 days 00:53:00
34127,BUDGE BUDGE,SEALDAH,10:55:00,11:50:00,30,11,0 days 00:55:00
34128,SEALDAH,BUDGE BUDGE,09:45:00,10:40:00,30,11,0 days 00:55:00
34129,BUDGE BUDGE,SEALDAH,11:23:00,12:20:00,30,11,0 days 00:57:00
34130,SEALDAH,BUDGE BUDGE,10:18:00,11:12:00,30,11,0 days 00:54:00
34131,BUDGE BUDGE,SEALDAH,11:58:00,13:02:00,30,11,0 days 01:04:00
34132,SEALDAH,BUDGE BUDGE,10:50:00,11:45:00,30,11,0 days 00:55:00
34133,BUDGE BUDGE,SEALDAH,12:34:00,13:28:00,30,11,0 days 00:54:00
34134,SEALDAH,BUDGE BUDGE,11:32:00,12:25:00,30,11,0 days 00:53:00
34135,BUDGE BUDGE,SEALDAH,12:57:00,13:52:00,30,11,0 days 00:55:00
34136,SEALDAH,BUDGE BUDGE,11:56:00,12:49:00,30,11,0 days 00:53:00
34137,BUDGE BUDGE,SEALDAH,13:30:00,14:20:00,30,11,0 days 00:50:00
34138,SEALDAH,BUDGE BUDGE,12:18:00,13:10:00,30,11,0 days 00:52:00
34139,BUDGE BUDGE,SEALDAH,14:20:00,15:12:00,30,11,0 days 00:52:00
34140,SEALDAH,BUDGE BUDGE,13:15:00,14:10:00,30,11,0 days 00:55:00
34141,BUDGE BUDGE,SEALDAH,14:58:00,15:52:00,30,11,0 days 00:54:00
34142,SEALDAH,BUDGE BUDGE,13:55:00,14:47:00,30,11,0 days 00:52:00
34143,BUDGE BUDGE,SEALDAH,15:32:00,16:25:00,30,11,0 days 00:53:00
34144,SEALDAH,BUDGE BUDGE,14:32:00,15:23:00,30,11,0 days 00:51:00
34145,BUDGE BUDGE,SEALDAH,16:19:00,17:08:00,30,11,0 days 00:49:00
34146,SEALDAH,BUDGE BUDGE,15:08:00,16:02:00,30,11,0 days 00:54:00
34147,BUDGE BUDGE,SEALDAH,17:00:00,17:50:00,30,11,0 days 00:50:00
34148,SEALDAH,BUDGE BUDGE,15:57:00,16:49:00,30,11,0 days 00:52:00
34149,BUDGE BUDGE,SEALDAH,18:13:00,19:04:00,30,11,0 days 00:51:00
34150,SEALDAH,BUDGE BUDGE,16:30:00,17:26:00,30,11,0 days 00:56:00
34151,BUDGE BUDGE,SEALDAH,19:00:00,19:55:00,30,11,0 days 00:55:00
34152,SEALDAH,BUDGE BUDGE,17:00:00,17:55:00,30,11,0 days 00:55:00
34153,BUDGE BUDGE,SEALDAH,19:28:00,20:22:00,30,11,0 days 00:54:00
34154,SEALDAH,BUDGE BUDGE,17:45:00,18:40:00,30,11,0 days 00:55:00
34155,BUDGE BUDGE,SEALDAH,20:12:00,21:04:00,30,11,0 days 00:52:00
34156,SEALDAH,BUDGE BUDGE,18:25:00,19:20:00,30,11,0 days 00:55:00
34157,BUDGE BUDGE,SEALDAH,20:55:00,21:49:00,30,11,0 days 00:54:00
34158,SEALDAH,BUDGE BUDGE,19:12:00,20:04:00,30,11,0 days 00:52:00
34159,BUDGE BUDGE,SEALDAH,21:40:00,22:35:00,30,11,0 days 00:55:00
34160,SEALDAH,BUDGE BUDGE,20:35:00,21:30:00,30,11,0 days 00:55:00
34161,BUDGE BUDGE,SEALDAH,22:18:00,23:06:00,30,11,0 days 00:48:00
34162,SEALDAH,BUDGE BUDGE,21:15:00,22:08:00,30,11,0 days 00:53:00
34163,BUDGE BUDGE,SEALDAH,23:03:00,23:55:00,30,11,0 days 00:52:00
34164,SEALDAH,BUDGE BUDGE,22:02:00,22:55:00,30,11,0 days 00:53:00
34165,BUDGE BUDGE,SEALDAH,23:55:00,00:43:00,30,11,0 days 00:48:00
34166,SEALDAH,BUDGE BUDGE,23:00:00,23:48:00,30,11,0 days 00:48:00
34311,BARUIPUR JN.,SONARPUR JN.,21:15:00,21:30:00,8,4,0 days 00:15:00
34312,SONARPUR JN.,BARUIPUR JN.,08:55:00,09:10:00,8,4,0 days 00:15:00
34313,BARUIPUR JN.,SONARPUR JN.,22:00:00,22:15:00,8,4,0 days 00:15:00
34331,LAKSHMIKANTA,BARUIPUR JN.,08:20:00,09:12:00,36,13,0 days 00:52:00
34332,BARUIPUR JN.,LAKSHMIKANTA,18:30:00,19:25:00,36,13,0 days 00:55:00
34334,BARUIPUR JN.,LAKSHMIKANTA,07:15:00,08:10:00,36,13,0 days 00:55:00
34351,CANNING,SONARPUR JN.,06:24:00,07:10:00,29,10,0 days 00:46:00
34352,SONARPUR JN.,CANNING,04:50:00,05:32:00,28,10,0 days 00:42:00
34353,CANNING,SONARPUR JN.,07:55:00,08:38:00,29,9,0 days 00:43:00
34354,SONARPUR JN.,CANNING,05:30:00,06:12:00,29,9,0 days 00:42:00
34355,CANNING,SONARPUR JN.,21:55:00,22:32:00,29,7,0 days 00:37:00
34356,SONARPUR JN.,CANNING,05:57:00,06:38:00,29,9,0 days 00:41:00
34358,SONARPUR JN.,CANNING,06:40:00,07:20:00,29,9,0 days 00:40:00
34360,SONARPUR JN.,CANNING,07:20:00,08:02:00,28,10,0 days 00:42:00
34411,SONARPUR JN.,SEALDAH,04:30:00,05:02:00,16,8,0 days 00:32:00
34412,SEALDAH,SONARPUR JN.,04:15:00,04:43:00,16,8,0 days 00:28:00
34413,SONARPUR JN.,SEALDAH,07:20:00,07:54:00,16,8,0 days 00:34:00
34414,SEALDAH,SONARPUR JN.,08:20:00,08:52:00,16,8,0 days 00:32:00
34415,SONARPUR JN.,SEALDAH,08:42:00,09:15:00,16,8,0 days 00:33:00
34416,SEALDAH,SONARPUR JN.,08:40:00,09:12:00,16,8,0 days 00:32:00
34417,SONARPUR JN.,SEALDAH,09:22:00,09:54:00,16,8,0 days 00:32:00
34418,SEALDAH,SONARPUR JN.,09:30:00,10:01:00,16,8,0 days 00:31:00
34419,SONARPUR JN.,SEALDAH,10:11:00,10:44:00,16,8,0 days 00:33:00
34420,SEALDAH,SONARPUR JN.,09:50:00,10:22:00,16,8,0 days 00:32:00
34421,SONARPUR JN.,SEALDAH,14:35:00,15:07:00,16,8,0 days 00:32:00
34422,SEALDAH,SONARPUR JN.,10:30:00,11:02:00,16,8,0 days 00:32:00
34423,SONARPUR JN.,SEALDAH,16:05:00,16:37:00,16,8,0 days 00:32:00
34424,SEALDAH,SONARPUR JN.,10:45:00,11:17:00,16,8,0 days 00:32:00
34425,SONARPUR JN.,SEALDAH,17:05:00,17:38:00,16,8,0 days 00:33:00
34426,SEALDAH,SONARPUR JN.,10:55:00,11:24:00,16,8,0 days 00:29:00
34427,SONARPUR JN.,SEALDAH,17:40:00,18:15:00,16,8,0 days 00:35:00
34428,SEALDAH,SONARPUR JN.,11:08:00,11:39:00,16,8,0 days 00:31:00
34429,SONARPUR JN.,SEALDAH,18:04:00,18:37:00,16,8,0 days 00:33:00
34430,SEALDAH,SONARPUR JN.,13:47:00,14:20:00,16,8,0 days 00:33:00
34431,SONARPUR JN.,SEALDAH,19:17:00,19:50:00,16,8,0 days 00:33:00
34432,SEALDAH,SONARPUR JN.,17:20:00,17:49:00,16,8,0 days 00:29:00
34434,SEALDAH,SONARPUR JN.,18:30:00,19:00:00,16,8,0 days 00:30:00
34436,SEALDAH,SONARPUR JN.,22:27:00,22:57:00,16,9,0 days 00:30:00
34501,CANNING,SEALDAH,08:33:00,09:48:00,45,17,0 days 01:15:00
34502,SEALDAH,CANNING,18:20:00,19:35:00,45,17,0 days 01:15:00
34511,CANNING,SEALDAH,03:50:00,05:10:00,45,17,0 days 01:20:00
34512,SEALDAH,CANNING,05:45:00,06:57:00,45,16,0 days 01:12:00
34513,CANNING,SEALDAH,04:32:00,05:47:00,45,17,0 days 01:15:00
34514,SEALDAH,CANNING,06:30:00,07:44:00,45,17,0 days 01:14:00
34515,CANNING,SEALDAH,05:17:00,06:35:00,45,17,0 days 01:18:00
34516,SEALDAH,CANNING,07:42:00,08:56:00,45,16,0 days 01:14:00
34517,CANNING,SEALDAH,06:00:00,07:17:00,45,17,0 days 01:17:00
34518,SEALDAH,CANNING,08:28:00,09:44:00,45,17,0 days 01:16:00
34519,CANNING,SEALDAH,06:55:00,08:15:00,45,17,0 days 01:20:00
34520,SEALDAH,CANNING,09:10:00,10:25:00,45,17,0 days 01:15:00
34521,CANNING,SEALDAH,07:23:00,08:37:00,45,17,0 days 01:14:00
34522,SEALDAH,CANNING,10:24:00,11:40:00,45,17,0 days 01:16:00
34523,CANNING,SEALDAH,08:15:00,09:30:00,45,17,0 days 01:15:00
34524,SEALDAH,CANNING,11:25:00,12:40:00,45,17,0 days 01:15:00
34525,CANNING,SEALDAH,09:08:00,10:22:00,45,17,0 days 01:14:00
34526,SEALDAH,CANNING,12:10:00,13:25:00,45,17,0 days 01:15:00
34527,CANNING,SEALDAH,10:05:00,11:20:00,45,17,0 days 01:15:00
34528,SEALDAH,CANNING,13:40:00,14:55:00,45,17,0 days 01:15:00
34529,CANNING,SEALDAH,10:50:00,12:05:00,45,17,0 days 01:15:00
34530,SEALDAH,CANNING,14:02:00,15:15:00,45,17,0 days 01:13:00
34531,CANNING,SEALDAH,12:05:00,13:23:00,45,17,0 days 01:18:00
34532,SEALDAH,CANNING,14:48:00,16:04:00,45,17,0 days 01:16:00
34533,CANNING,SEALDAH,13:10:00,14:40:00,45,17,0 days 01:30:00
34534,SEALDAH,CANNING,15:33:00,16:50:00,45,17,0 days 01:17:00
34535,CANNING,SEALDAH,14:00:00,15:17:00,45,17,0 days 01:17:00
34536,SEALDAH,CANNING,16:35:00,17:50:00,45,17,0 days 01:15:00
34537,CANNING,SEALDAH,15:08:00,16:20:00,45,16,0 days 01:12:00
34538,SEALDAH,CANNING,17:15:00,18:30:00,45,17,0 days 01:15:00
34539,CANNING,SEALDAH,15:45:00,17:02:00,45,17,0 days 01:17:00
34540,SEALDAH,CANNING,17:52:00,19:07:00,45,17,0 days 01:15:00
34541,CANNING,SEALDAH,16:14:00,17:30:00,45,17,0 days 01:16:00
34542,SEALDAH,CANNING,18:38:00,19:52:00,45,17,0 days 01:14:00
34543,CANNING,SEALDAH,17:08:00,18:25:00,45,17,0 days 01:17:00
34544,SEALDAH,CANNING,19:30:00,20:44:00,45,16,0 days 01:14:00
34545,CANNING,SEALDAH,18:18:00,19:35:00,45,17,0 days 01:17:00
34546,SEALDAH,CANNING,20:10:00,21:25:00,45,17,0 days 01:15:00
34547,CANNING,SEALDAH,18:45:00,20:02:00,45,17,0 days 01:17:00
34548,SEALDAH,CANNING,20:48:00,22:02:00,45,17,0 days 01:14:00
34549,CANNING,SEALDAH,19:20:00,20:34:00,45,17,0 days 01:14:00
34550,SEALDAH,CANNING,21:36:00,22:57:00,45,17,0 days 01:21:00
34551,CANNING,SEALDAH,20:05:00,21:20:00,45,16,0 days 01:15:00
34552,SEALDAH,CANNING,22:35:00,23:49:00,45,17,0 days 01:14:00
34553,CANNING,SEALDAH,21:05:00,22:20:00,45,17,0 days 01:15:00
34554,SEALDAH,CANNING,23:18:00,00:30:00,45,17,0 days 01:12:00
34555,CANNING,SEALDAH,21:35:00,22:50:00,45,15,0 days 01:15:00
34557,CANNING,SEALDAH,22:20:00,23:36:00,45,17,0 days 01:16:00
34601,BARUIPUR JN.,SEALDAH,09:42:00,10:27:00,24,11,0 days 00:45:00
34602,SEALDAH,BARUIPUR JN.,17:35:00,18:17:00,24,11,0 days 00:42:00
34611,BARUIPUR JN.,SEALDAH,06:13:00,07:00:00,24,11,0 days 00:47:00
34612,SEALDAH,BARUIPUR JN.,05:05:00,05:47:00,24,11,0 days 00:42:00
34613,BARUIPUR JN.,SEALDAH,06:58:00,07:45:00,24,11,0 days 00:47:00
34614,SEALDAH,BARUIPUR JN.,06:02:00,06:44:00,24,11,0 days 00:42:00
34615,BARUIPUR JN.,SEALDAH,07:35:00,08:22:00,24,11,0 days 00:47:00
34616,SEALDAH,BARUIPUR JN.,06:40:00,07:25:00,24,11,0 days 00:45:00
34617,BARUIPUR JN.,SEALDAH,07:58:00,08:45:00,24,11,0 days 00:47:00
34618,SEALDAH,BARUIPUR JN.,07:08:00,07:50:00,24,11,0 days 00:42:00
34619,BARUIPUR JN.,SEALDAH,08:22:00,09:08:00,24,11,0 days 00:46:00
34620,SEALDAH,BARUIPUR JN.,07:30:00,08:14:00,24,11,0 days 00:44:00
34621,BARUIPUR JN.,SEALDAH,08:58:00,09:43:00,24,11,0 days 00:45:00
34622,SEALDAH,BARUIPUR JN.,08:00:00,08:45:00,24,11,0 days 00:45:00
34623,BARUIPUR JN.,SEALDAH,09:24:00,10:10:00,24,11,0 days 00:46:00
34624,SEALDAH,BARUIPUR JN.,08:50:00,09:35:00,24,11,0 days 00:45:00
34625,BARUIPUR JN.,SEALDAH,09:50:00,10:38:00,24,11,0 days 00:48:00
34626,SEALDAH,BARUIPUR JN.,09:40:00,10:22:00,24,10,0 days 00:42:00
34627,BARUIPUR JN.,SEALDAH,10:40:00,11:27:00,24,11,0 days 00:47:00
34628,SEALDAH,BARUIPUR JN.,10:12:00,10:56:00,24,11,0 days 00:44:00
34629,BARUIPUR JN.,SEALDAH,11:08:00,11:55:00,24,11,0 days 00:47:00
34630,SEALDAH,BARUIPUR JN.,11:15:00,12:00:00,24,11,0 days 00:45:00
34631,BARUIPUR JN.,SEALDAH,12:10:00,12:57:00,24,11,0 days 00:47:00
34632,SEALDAH,BARUIPUR JN.,12:25:00,13:09:00,24,11,0 days 00:44:00
34633,BARUIPUR JN.,SEALDAH,13:18:00,14:05:00,24,11,0 days 00:47:00
34634,SEALDAH,BARUIPUR JN.,13:32:00,14:17:00,24,11,0 days 00:45:00
34635,BARUIPUR JN.,SEALDAH,14:40:00,15:27:00,24,11,0 days 00:47:00
34636,SEALDAH,BARUIPUR JN.,15:02:00,15:47:00,24,11,0 days 00:45:00
34637,BARUIPUR JN.,SEALDAH,16:10:00,16:57:00,24,11,0 days 00:47:00
34638,SEALDAH,BARUIPUR JN.,16:18:00,17:02:00,24,11,0 days 00:44:00
34639,BARUIPUR JN.,SEALDAH,17:10:00,17:57:00,24,11,0 days 00:47:00
34640,SEALDAH,BARUIPUR JN.,17:05:00,17:49:00,24,11,0 days 00:44:00
34641,BARUIPUR JN.,SEALDAH,17:58:00,18:44:00,24,11,0 days 00:46:00
34642,SEALDAH,BARUIPUR JN.,17:40:00,18:25:00,24,11,0 days 00:45:00
34643,BARUIPUR JN.,SEALDAH,18:42:00,19:30:00,24,11,0 days 00:48:00
34644,SEALDAH,BARUIPUR JN.,19:18:00,20:02:00,24,11,0 days 00:44:00
34645,BARUIPUR JN.,SEALDAH,19:43:00,20:28:00,24,11,0 days 00:45:00
34646,SEALDAH,BARUIPUR JN.,20:00:00,20:45:00,24,11,0 days 00:45:00
34647,BARUIPUR JN.,SEALDAH,20:40:00,21:27:00,24,11,0 days 00:47:00
34648,SEALDAH,BARUIPUR JN.,20:40:00,21:25:00,24,11,0 days 00:45:00
34711,LAKSHMIKANTA,SEALDAH,03:00:00,04:50:00,61,19,0 days 01:50:00
34712,SEALDAH,LAKSHMIKANTA,04:00:00,05:36:00,61,19,0 days 01:36:00
34713,LAKSHMIKANTA,SEALDAH,03:35:00,05:20:00,61,21,0 days 01:45:00
34714,SEALDAH,LAKSHMIKANTA,04:30:00,06:10:00,61,20,0 days 01:40:00
34715,LAKSHMIKANTA,SEALDAH,04:15:00,05:58:00,61,23,0 days 01:43:00
34716,SEALDAH,LAKSHMIKANTA,05:12:00,06:52:00,61,21,0 days 01:40:00
34717,LAKSHMIKANTA,SEALDAH,04:44:00,06:20:00,61,21,0 days 01:36:00
34718,SEALDAH,LAKSHMIKANTA,05:55:00,07:33:00,61,21,0 days 01:38:00
34719,LAKSHMIKANTA,SEALDAH,05:44:00,07:23:00,61,22,0 days 01:39:00
34720,SEALDAH,LAKSHMIKANTA,07:14:00,08:56:00,61,23,0 days 01:42:00
34721,LAKSHMIKANTA,SEALDAH,06:28:00,08:08:00,61,23,0 days 01:40:00
34722,SEALDAH,LAKSHMIKANTA,08:15:00,09:57:00,61,23,0 days 01:42:00
34723,LAKSHMIKANTA,SEALDAH,07:10:00,08:52:00,61,23,0 days 01:42:00
34724,SEALDAH,LAKSHMIKANTA,09:16:00,10:58:00,61,23,0 days 01:42:00
34725,LAKSHMIKANTA,SEALDAH,07:55:00,09:37:00,61,22,0 days 01:42:00
34726,SEALDAH,LAKSHMIKANTA,11:02:00,12:42:00,61,23,0 days 01:40:00
34727,LAKSHMIKANTA,SEALDAH,08:35:00,10:17:00,61,23,0 days 01:42:00
34728,SEALDAH,LAKSHMIKANTA,11:50:00,13:30:00,61,21,0 days 01:40:00
34729,LAKSHMIKANTA,SEALDAH,09:26:00,11:03:00,61,23,0 days 01:37:00
34730,SEALDAH,LAKSHMIKANTA,12:50:00,14:30:00,61,23,0 days 01:40:00
34731,LAKSHMIKANTA,SEALDAH,10:30:00,12:15:00,61,23,0 days 01:45:00
34732,SEALDAH,LAKSHMIKANTA,14:20:00,16:00:00,61,23,0 days 01:40:00
34733,LAKSHMIKANTA,SEALDAH,11:27:00,13:17:00,61,22,0 days 01:50:00
34734,SEALDAH,LAKSHMIKANTA,15:15:00,16:57:00,61,23,0 days 01:42:00
34735,LAKSHMIKANTA,SEALDAH,13:10:00,14:50:00,61,21,0 days 01:40:00
34736,SEALDAH,LAKSHMIKANTA,15:50:00,17:34:00,61,23,0 days 01:44:00
34737,LAKSHMIKANTA,SEALDAH,13:58:00,15:37:00,61,23,0 days 01:39:00
34738,SEALDAH,LAKSHMIKANTA,16:48:00,18:30:00,61,23,0 days 01:42:00
34739,LAKSHMIKANTA,SEALDAH,15:08:00,16:46:00,61,21,0 days 01:38:00
34740,SEALDAH,LAKSHMIKANTA,17:28:00,19:10:00,61,23,0 days 01:42:00
34741,LAKSHMIKANTA,SEALDAH,16:23:00,18:04:00,61,23,0 days 01:41:00
34742,SEALDAH,LAKSHMIKANTA,18:15:00,19:58:00,61,23,0 days 01:43:00
34743,LAKSHMIKANTA,SEALDAH,17:10:00,18:55:00,61,23,0 days 01:45:00
34744,SEALDAH,LAKSHMIKANTA,18:57:00,20:36:00,61,23,0 days 01:39:00
34745,LAKSHMIKANTA,SEALDAH,18:05:00,19:44:00,61,23,0 days 01:39:00
34746,SEALDAH,LAKSHMIKANTA,19:35:00,21:15:00,61,23,0 days 01:40:00
34747,LAKSHMIKANTA,SEALDAH,18:38:00,20:17:00,61,21,0 days 01:39:00
34748,SEALDAH,LAKSHMIKANTA,21:00:00,22:40:00,61,21,0 days 01:40:00
34749,LAKSHMIKANTA,SEALDAH,19:35:00,21:14:00,61,23,0 days 01:39:00
34750,SEALDAH,LAKSHMIKANTA,21:45:00,23:25:00,61,21,0 days 01:40:00
34751,LAKSHMIKANTA,SEALDAH,20:12:00,21:55:00,61,21,0 days 01:43:00
34752,SEALDAH,LAKSHMIKANTA,22:20:00,00:00:00,61,21,0 days 01:40:00
34753,LAKSHMIKANTA,SEALDAH,20:48:00,22:28:00,61,21,0 days 01:40:00
34754,SEALDAH,LAKSHMIKANTA,23:05:00,00:43:00,61,21,0 days 01:38:00
34755,LAKSHMIKANTA,SEALDAH,21:45:00,23:30:00,61,21,0 days 01:45:00
34757,LAKSHMIKANTA,SEALDAH,22:20:00,00:02:00,61,21,0 days 01:42:00
34782,SEALDAH,KWAKDWIP,20:30:00,22:56:00,94,29,0 days 02:26:00
34791,NAMKHANA,SEALDAH,04:10:00,06:52:00,108,23,0 days 02:42:00
34792,SEALDAH,NAMKHANA,13:20:00,16:02:00,108,30,0 days 02:42:00
34793,NAMKHANA,SEALDAH,16:33:00,19:18:00,108,30,0 days 02:45:00
34794,SEALDAH,NAMKHANA,21:30:00,00:15:00,108,21,0 days 02:45:00
34811,DIAMOND HARB,SEALDAH,03:00:00,04:45:00,59,19,0 days 01:45:00
34812,SEALDAH,DIAMOND HARB,03:54:00,05:20:00,59,15,0 days 01:26:00
34813,DIAMOND HARB,SEALDAH,04:00:00,05:35:00,59,24,0 days 01:35:00
34814,SEALDAH,DIAMOND HARB,04:45:00,06:20:00,59,24,0 days 01:35:00
34815,DIAMOND HARB,SEALDAH,04:40:00,06:14:00,59,22,0 days 01:34:00
34816,SEALDAH,DIAMOND HARB,05:25:00,07:00:00,59,22,0 days 01:35:00
34817,DIAMOND HARB,SEALDAH,05:30:00,07:08:00,59,24,0 days 01:38:00
34818,SEALDAH,DIAMOND HARB,06:20:00,08:00:00,59,24,0 days 01:40:00
34819,DIAMOND HARB,SEALDAH,05:52:00,07:36:00,59,24,0 days 01:44:00
34820,SEALDAH,DIAMOND HARB,06:55:00,08:35:00,59,24,0 days 01:40:00
34821,DIAMOND HARB,SEALDAH,06:52:00,08:30:00,59,24,0 days 01:38:00
34822,SEALDAH,DIAMOND HARB,07:25:00,09:00:00,59,17,0 days 01:35:00
34823,DIAMOND HARB,SEALDAH,07:42:00,09:25:00,59,24,0 days 01:43:00
34824,SEALDAH,DIAMOND HARB,07:50:00,09:30:00,59,24,0 days 01:40:00
34825,DIAMOND HARB,SEALDAH,08:25:00,10:05:00,59,24,0 days 01:40:00
34826,SEALDAH,DIAMOND HARB,08:57:00,10:35:00,59,24,0 days 01:38:00
34827,DIAMOND HARB,SEALDAH,09:15:00,10:52:00,59,24,0 days 01:37:00
34828,SEALDAH,DIAMOND HARB,09:57:00,11:35:00,59,24,0 days 01:38:00
34829,DIAMOND HARB,SEALDAH,09:37:00,11:08:00,59,17,0 days 01:31:00
34830,SEALDAH,DIAMOND HARB,10:38:00,12:17:00,59,24,0 days 01:39:00
34831,DIAMOND HARB,SEALDAH,10:08:00,11:45:00,59,24,0 days 01:37:00
34832,SEALDAH,DIAMOND HARB,11:42:00,13:20:00,59,22,0 days 01:38:00
34833,DIAMOND HARB,SEALDAH,11:02:00,12:40:00,59,22,0 days 01:38:00
34834,SEALDAH,DIAMOND HARB,12:35:00,14:15:00,59,24,0 days 01:40:00
34835,DIAMOND HARB,SEALDAH,11:55:00,13:38:00,59,24,0 days 01:43:00
34836,SEALDAH,DIAMOND HARB,13:26:00,15:05:00,59,24,0 days 01:39:00
34837,DIAMOND HARB,SEALDAH,12:50:00,14:28:00,59,24,0 days 01:38:00
34838,SEALDAH,DIAMOND HARB,14:10:00,15:50:00,59,24,0 days 01:40:00
34839,DIAMOND HARB,SEALDAH,14:00:00,16:00:00,59,24,0 days 02:00:00
34840,SEALDAH,DIAMOND HARB,15:40:00,17:20:00,59,24,0 days 01:40:00
34841,DIAMOND HARB,SEALDAH,14:50:00,16:30:00,59,24,0 days 01:40:00
34842,SEALDAH,DIAMOND HARB,16:55:00,18:32:00,59,24,0 days 01:37:00
34843,DIAMOND HARB,SEALDAH,15:40:00,17:18:00,59,24,0 days 01:38:00
34844,SEALDAH,DIAMOND HARB,18:02:00,19:40:00,59,24,0 days 01:38:00
34845,DIAMOND HARB,SEALDAH,16:05:00,17:45:00,59,24,0 days 01:40:00
34846,SEALDAH,DIAMOND HARB,18:45:00,20:23:00,59,24,0 days 01:38:00
34847,DIAMOND HARB,SEALDAH,17:32:00,19:10:00,59,24,0 days 01:38:00
34848,SEALDAH,DIAMOND HARB,19:45:00,21:20:00,59,24,0 days 01:35:00
34849,DIAMOND HARB,SEALDAH,19:07:00,20:45:00,59,22,0 days 01:38:00
34850,SEALDAH,DIAMOND HARB,20:20:00,21:58:00,59,22,0 days 01:38:00
34851,DIAMOND HARB,SEALDAH,20:07:00,21:44:00,59,23,0 days 01:37:00
34852,SEALDAH,DIAMOND HARB,21:10:00,22:50:00,59,24,0 days 01:40:00
34853,DIAMOND HARB,SEALDAH,21:00:00,22:40:00,59,24,0 days 01:40:00
34854,SEALDAH,DIAMOND HARB,21:55:00,23:32:00,59,24,0 days 01:37:00
34855,DIAMOND HARB,SEALDAH,21:40:00,23:19:00,59,22,0 days 01:39:00
34856,SEALDAH,DIAMOND HARB,22:45:00,00:20:00,59,23,0 days 01:35:00
34857,DIAMOND HARB,SEALDAH,22:15:00,23:50:00,59,21,0 days 01:35:00
34858,SEALDAH,DIAMOND HARB,23:42:00,01:12:00,59,20,0 days 01:30:00
34859,DIAMOND HARB,SEALDAH,16:53:00,18:31:00,59,24,0 days 01:38:00
34860,SEALDAH,DIAMOND HARB,14:55:00,16:35:00,59,24,0 days 01:40:00
34881,DIAMOND HARB,SONARPUR JN.,10:45:00,11:50:00,43,17,0 days 01:05:00
34882,SONARPUR JN.,DIAMOND HARB,04:50:00,05:55:00,43,17,0 days 01:05:00
34891,DIAMOND HARB,BARUIPUR JN.,06:13:00,07:05:00,34,14,0 days 00:52:00
34892,BARUIPUR JN.,DIAMOND HARB,09:22:00,10:15:00,34,14,0 days 00:53:00
34898,SEALDAH,MAGRAHAT,19:05:00,20:10:00,39,16,0 days 01:05:00
34899,MAGRAHAT,SEALDAH,21:00:00,22:10:00,39,16,0 days 01:10:00
34911,NAMKHANA,LAKSHMIKANTA,04:37:00,05:42:00,46,8,0 days 01:05:00
34912,LAKSHMIKANTA,NAMKHANA,03:08:00,04:05:00,46,8,0 days 00:57:00
34913,NAMKHANA,LAKSHMIKANTA,05:55:00,06:55:00,46,8,0 days 01:00:00
34914,LAKSHMIKANTA,NAMKHANA,04:10:00,05:15:00,46,8,0 days 01:05:00
34915,NAMKHANA,LAKSHMIKANTA,07:26:00,08:31:00,46,8,0 days 01:05:00
34916,LAKSHMIKANTA,NAMKHANA,05:55:00,06:57:00,46,8,0 days 01:02:00
34917,NAMKHANA,LAKSHMIKANTA,08:12:00,09:08:00,46,8,0 days 00:56:00
34918,LAKSHMIKANTA,NAMKHANA,07:01:00,08:00:00,46,8,0 days 00:59:00
34919,NAMKHANA,LAKSHMIKANTA,10:20:00,11:18:00,46,8,0 days 00:58:00
34920,LAKSHMIKANTA,NAMKHANA,09:10:00,10:08:00,46,8,0 days 00:58:00
34921,NAMKHANA,LAKSHMIKANTA,12:28:00,13:30:00,46,8,0 days 01:02:00
34922,LAKSHMIKANTA,NAMKHANA,11:20:00,12:18:00,46,8,0 days 00:58:00
34923,NAMKHANA,LAKSHMIKANTA,13:32:00,14:32:00,46,8,0 days 01:00:00
34924,LAKSHMIKANTA,NAMKHANA,12:05:00,13:05:00,46,8,0 days 01:00:00
34925,NAMKHANA,LAKSHMIKANTA,15:00:00,16:00:00,46,8,0 days 01:00:00
34926,LAKSHMIKANTA,NAMKHANA,13:32:00,14:34:00,46,8,0 days 01:02:00
34927,NAMKHANA,LAKSHMIKANTA,17:32:00,18:30:00,46,8,0 days 00:58:00
34928,LAKSHMIKANTA,NAMKHANA,16:06:00,17:08:00,46,8,0 days 01:02:00
34929,NAMKHANA,LAKSHMIKANTA,19:40:00,20:42:00,46,8,0 days 01:02:00
34930,LAKSHMIKANTA,NAMKHANA,18:32:00,19:31:00,46,8,0 days 00:59:00
34931,NAMKHANA,LAKSHMIKANTA,20:46:00,21:48:00,46,8,0 days 01:02:00
34932,LAKSHMIKANTA,NAMKHANA,19:15:00,20:16:00,46,8,0 days 01:01:00
34933,NAMKHANA,LAKSHMIKANTA,22:10:00,23:11:00,46,8,0 days 01:01:00
34934,LAKSHMIKANTA,NAMKHANA,20:45:00,21:45:00,46,8,0 days 01:00:00
34981,KWAKDWIP,LAKSHMIKANTA,23:30:00,00:16:00,33,7,0 days 00:46:00
35011,BARDDHAMAN J,BALGONA,05:10:00,05:45:00,26,9,0 days 00:35:00
35012,BALGONA,BARDDHAMAN J,06:15:00,06:50:00,26,9,0 days 00:35:00
35013,BARDDHAMAN J,BALGONA,07:25:00,08:00:00,26,9,0 days 00:35:00
35014,BARDDHAMAN J,BALGONA,07:25:00,08:00:00,26,9,0 days 00:35:00
35015,BARDDHAMAN J,BALGONA,07:25:00,08:00:00,26,9,0 days 00:35:00
35016,BALGONA,BARDDHAMAN J,10:40:00,11:15:00,26,9,0 days 00:35:00
35017,BARDDHAMAN J,SHRIPAT SHRI,14:00:00,15:10:00,46,15,0 days 01:10:00
35018,SHRIPAT SHRI,BARDDHAMAN J,16:10:00,17:20:00,46,15,0 days 01:10:00
35019,BARDDHAMAN J,BALGONA,18:15:00,18:50:00,26,9,0 days 00:35:00
35020,BALGONA,BARDDHAMAN J,19:10:00,19:45:00,26,9,0 days 00:35:00
35021,BARDDHAMAN J,BALGONA,20:20:00,20:55:00,26,9,0 days 00:35:00
35022,BALGONA,BARDDHAMAN J,21:10:00,21:45:00,26,9,0 days 00:35:00
36011,HOWRAH JN.,BARUI PARA,09:40:00,10:20:00,26,9,0 days 00:40:00
36012,BARUI PARA,HOWRAH JN.,10:54:00,11:35:00,26,9,0 days 00:41:00
36031,HOWRAH JN.,CHANDANPUR,08:45:00,09:44:00,40,14,0 days 00:59:00
36032,CHANDANPUR,HOWRAH JN.,09:57:00,11:05:00,40,14,0 days 01:08:00
36033,HOWRAH JN.,CHANDANPUR,10:30:00,11:28:00,40,14,0 days 00:58:00
36034,CHANDANPUR,HOWRAH JN.,11:50:00,12:55:00,40,14,0 days 01:05:00
36035,HOWRAH JN.,CHANDANPUR,13:50:00,14:52:00,40,14,0 days 01:02:00
36036,CHANDANPUR,HOWRAH JN.,15:05:00,16:05:00,40,14,0 days 01:00:00
36037,HOWRAH JN.,CHANDANPUR,17:55:00,18:54:00,40,14,0 days 00:59:00
36038,CHANDANPUR,HOWRAH JN.,19:33:00,20:35:00,40,14,0 days 01:02:00
36071,HOWRAH JN.,GURAP,05:05:00,06:30:00,58,18,0 days 01:25:00
36072,GURAP,HOWRAH JN.,07:07:00,08:32:00,58,18,0 days 01:25:00
36081,HOWRAH JN.,MASAGRAM,05:40:00,07:36:00,72,22,0 days 01:56:00
36082,MASAGRAM,HOWRAH JN.,08:06:00,09:45:00,72,24,0 days 01:39:00
36083,HOWRAH JN.,MASAGRAM,15:05:00,16:50:00,72,24,0 days 01:45:00
36084,MASAGRAM,HOWRAH JN.,17:27:00,19:15:00,72,24,0 days 01:48:00
36085,HOWRAH JN.,MASAGRAM,16:30:00,18:15:00,72,24,0 days 01:45:00
36086,MASAGRAM,HOWRAH JN.,18:25:00,20:05:00,72,24,0 days 01:40:00
36087,HOWRAH JN.,MASAGRAM,19:20:00,21:07:00,72,24,0 days 01:47:00
36088,MASAGRAM,HOWRAH JN.,22:06:00,23:42:00,72,22,0 days 01:36:00
36811,HOWRAH JN.,BARDDHAMAN J,03:55:00,06:00:00,94,29,0 days 02:05:00
36812,BARDDHAMAN J,HOWRAH JN.,02:50:00,05:20:00,94,25,0 days 02:30:00
36813,HOWRAH JN.,BARDDHAMAN J,04:55:00,07:00:00,94,27,0 days 02:05:00
36814,BARDDHAMAN J,HOWRAH JN.,04:00:00,06:15:00,94,29,0 days 02:15:00
36815,HOWRAH JN.,BARDDHAMAN J,06:10:00,08:18:00,94,30,0 days 02:08:00
36816,BARDDHAMAN J,HOWRAH JN.,04:56:00,07:04:00,94,28,0 days 02:08:00
36817,HOWRAH JN.,BARDDHAMAN J,07:07:00,09:15:00,94,28,0 days 02:08:00
36818,BARDDHAMAN J,HOWRAH JN.,05:40:00,07:45:00,94,27,0 days 02:05:00
36819,HOWRAH JN.,BARDDHAMAN J,08:25:00,10:40:00,94,29,0 days 02:15:00
36820,BARDDHAMAN J,HOWRAH JN.,06:10:00,08:15:00,94,29,0 days 02:05:00
36821,HOWRAH JN.,BARDDHAMAN J,09:20:00,11:40:00,94,29,0 days 02:20:00
36822,BARDDHAMAN J,HOWRAH JN.,06:48:00,08:57:00,94,29,0 days 02:09:00
36823,HOWRAH JN.,BARDDHAMAN J,10:15:00,12:20:00,94,29,0 days 02:05:00
36824,BARDDHAMAN J,HOWRAH JN.,07:22:00,09:25:00,94,28,0 days 02:03:00
36825,HOWRAH JN.,BARDDHAMAN J,11:22:00,13:38:00,94,26,0 days 02:16:00
36826,BARDDHAMAN J,HOWRAH JN.,07:35:00,09:37:00,94,29,0 days 02:02:00
36827,HOWRAH JN.,BARDDHAMAN J,12:05:00,14:15:00,94,29,0 days 02:10:00
36828,BARDDHAMAN J,HOWRAH JN.,08:10:00,10:15:00,94,29,0 days 02:05:00
36829,HOWRAH JN.,BARDDHAMAN J,13:32:00,15:45:00,94,29,0 days 02:13:00
36830,BARDDHAMAN J,HOWRAH JN.,08:35:00,10:05:00,94,2,0 days 01:30:00
36831,HOWRAH JN.,BARDDHAMAN J,14:45:00,16:50:00,94,30,0 days 02:05:00
36832,BARDDHAMAN J,HOWRAH JN.,09:18:00,11:20:00,94,29,0 days 02:02:00
36833,HOWRAH JN.,BARDDHAMAN J,15:30:00,17:35:00,94,29,0 days 02:05:00
36834,BARDDHAMAN J,HOWRAH JN.,10:00:00,12:05:00,94,28,0 days 02:05:00
36835,HOWRAH JN.,BARDDHAMAN J,17:27:00,18:55:00,94,8,0 days 01:28:00
36836,BARDDHAMAN J,HOWRAH JN.,11:10:00,13:15:00,94,29,0 days 02:05:00
36837,HOWRAH JN.,BARDDHAMAN J,17:33:00,19:40:00,94,29,0 days 02:07:00
36838,BARDDHAMAN J,HOWRAH JN.,11:45:00,14:15:00,94,29,0 days 02:30:00
36839,HOWRAH JN.,BARDDHAMAN J,18:05:00,20:15:00,94,29,0 days 02:10:00
36840,BARDDHAMAN J,HOWRAH JN.,13:10:00,15:25:00,94,29,0 days 02:15:00
36841,HOWRAH JN.,BARDDHAMAN J,18:30:00,20:40:00,94,29,0 days 02:10:00
36842,BARDDHAMAN J,HOWRAH JN.,14:20:00,16:20:00,94,28,0 days 02:00:00
36843,HOWRAH JN.,BARDDHAMAN J,18:57:00,21:11:00,94,28,0 days 02:14:00
36844,BARDDHAMAN J,HOWRAH JN.,15:25:00,17:30:00,94,30,0 days 02:05:00
36845,HOWRAH JN.,BARDDHAMAN J,19:47:00,22:00:00,94,28,0 days 02:13:00
36846,BARDDHAMAN J,HOWRAH JN.,16:40:00,18:45:00,94,30,0 days 02:05:00
36847,HOWRAH JN.,BARDDHAMAN J,20:20:00,22:34:00,94,29,0 days 02:14:00
36848,BARDDHAMAN J,HOWRAH JN.,17:50:00,19:55:00,94,29,0 days 02:05:00
36849,HOWRAH JN.,BARDDHAMAN J,20:48:00,23:00:00,94,29,0 days 02:12:00
36850,BARDDHAMAN J,HOWRAH JN.,18:45:00,20:47:00,94,29,0 days 02:02:00
36851,HOWRAH JN.,BARDDHAMAN J,21:42:00,00:03:00,94,26,0 days 02:21:00
36852,BARDDHAMAN J,HOWRAH JN.,19:20:00,21:40:00,94,29,0 days 02:20:00
36853,HOWRAH JN.,BARDDHAMAN J,22:10:00,00:20:00,94,30,0 days 02:10:00
36854,BARDDHAMAN J,HOWRAH JN.,20:05:00,22:10:00,94,29,0 days 02:05:00
36855,HOWRAH JN.,BARDDHAMAN J,23:15:00,01:25:00,94,29,0 days 02:10:00
36856,BARDDHAMAN J,HOWRAH JN.,20:20:00,22:25:00,94,29,0 days 02:05:00
36858,BARDDHAMAN J,HOWRAH JN.,20:43:00,22:45:00,94,29,0 days 02:02:00
36860,BARDDHAMAN J,HOWRAH JN.,22:00:00,00:03:00,94,30,0 days 02:03:00
37011,HOWRAH JN.,SHRIRAMPUR,07:45:00,08:16:00,19,9,0 days 00:31:00
37012,SHRIRAMPUR,HOWRAH JN.,08:40:00,09:15:00,19,9,0 days 00:35:00
37013,HOWRAH JN.,SHRIRAMPUR,09:20:00,09:53:00,19,9,0 days 00:33:00
37014,SHRIRAMPUR,HOWRAH JN.,10:00:00,10:36:00,19,9,0 days 00:36:00
37017,HOWRAH JN.,SHRIRAMPUR,11:20:00,11:52:00,19,9,0 days 00:32:00
37018,SHRIRAMPUR,HOWRAH JN.,12:30:00,13:08:00,19,9,0 days 00:38:00
37019,HOWRAH JN.,SHRIRAMPUR,14:35:00,15:07:00,19,9,0 days 00:32:00
37020,SHRIRAMPUR,HOWRAH JN.,15:20:00,15:55:00,19,9,0 days 00:35:00
37021,HOWRAH JN.,SHRIRAMPUR,17:15:00,17:49:00,19,9,0 days 00:34:00
37022,SHRIRAMPUR,HOWRAH JN.,17:59:00,18:35:00,19,9,0 days 00:36:00
37041,HOWRAH JN.,SEORAPHULI J,07:30:00,08:08:00,22,10,0 days 00:38:00
37042,SEORAPHULI J,HOWRAH JN.,08:20:00,09:00:00,22,10,0 days 00:40:00
37043,HOWRAH JN.,SEORAPHULI J,08:12:00,08:50:00,22,10,0 days 00:38:00
37044,SEORAPHULI J,HOWRAH JN.,09:01:00,09:40:00,22,10,0 days 00:39:00
37045,HOWRAH JN.,SEORAPHULI J,08:50:00,09:30:00,22,10,0 days 00:40:00
37046,SEORAPHULI J,HOWRAH JN.,09:50:00,10:30:00,22,10,0 days 00:40:00
37047,HOWRAH JN.,SEORAPHULI J,09:15:00,09:53:00,22,10,0 days 00:38:00
37048,SEORAPHULI J,HOWRAH JN.,10:15:00,10:56:00,22,10,0 days 00:41:00
37049,HOWRAH JN.,SEORAPHULI J,09:40:00,10:17:00,22,10,0 days 00:37:00
37050,SEORAPHULI J,HOWRAH JN.,10:32:00,11:10:00,22,10,0 days 00:38:00
37053,HOWRAH JN.,SEORAPHULI J,11:00:00,11:37:00,22,10,0 days 00:37:00
37054,SEORAPHULI J,HOWRAH JN.,12:15:00,12:57:00,22,10,0 days 00:42:00
37055,HOWRAH JN.,SEORAPHULI J,11:52:00,12:27:00,22,10,0 days 00:35:00
37056,SEORAPHULI J,HOWRAH JN.,12:40:00,13:30:00,22,10,0 days 00:50:00
37057,HOWRAH JN.,SEORAPHULI J,15:50:00,16:28:00,22,10,0 days 00:38:00
37058,SEORAPHULI J,HOWRAH JN.,16:40:00,17:23:00,22,10,0 days 00:43:00
37060,SEORAPHULI J,HOWRAH JN.,17:18:00,18:02:00,22,10,0 days 00:44:00
37061,HOWRAH JN.,SEORAPHULI J,16:50:00,17:27:00,22,10,0 days 00:37:00
37062,SEORAPHULI J,HOWRAH JN.,17:38:00,18:20:00,22,10,0 days 00:42:00
37063,HOWRAH JN.,SEORAPHULI J,17:00:00,17:42:00,22,10,0 days 00:42:00
37064,SEORAPHULI J,HOWRAH JN.,18:13:00,18:55:00,22,10,0 days 00:42:00
37065,HOWRAH JN.,SEORAPHULI J,18:25:00,19:03:00,22,10,0 days 00:38:00
37066,SEORAPHULI J,HOWRAH JN.,19:22:00,20:05:00,22,10,0 days 00:43:00
37067,HOWRAH JN.,SEORAPHULI J,10:25:00,11:03:00,22,10,0 days 00:38:00
37068,SEORAPHULI J,HOWRAH JN.,11:25:00,12:05:00,22,10,0 days 00:40:00
37111,HOWRAH JN.,BELURMATH,07:40:00,08:05:00,6,2,0 days 00:25:00
37112,BELURMATH,HOWRAH JN.,08:23:00,08:48:00,6,3,0 days 00:25:00
37113,HOWRAH JN.,BELURMATH,08:55:00,09:20:00,6,2,0 days 00:25:00
37114,BELURMATH,HOWRAH JN.,09:28:00,09:55:00,6,3,0 days 00:27:00
37115,HOWRAH JN.,BELURMATH,10:10:00,10:32:00,6,2,0 days 00:22:00
37116,BELURMATH,HOWRAH JN.,10:55:00,11:20:00,6,3,0 days 00:25:00
37117,HOWRAH JN.,BELURMATH,16:05:00,16:30:00,6,2,0 days 00:25:00
37118,BELURMATH,HOWRAH JN.,16:45:00,17:10:00,6,3,0 days 00:25:00
37119,HOWRAH JN.,BELURMATH,17:20:00,17:46:00,6,2,0 days 00:26:00
37120,BELURMATH,HOWRAH JN.,18:00:00,18:25:00,6,3,0 days 00:25:00
37121,HOWRAH JN.,BELURMATH,18:30:00,19:00:00,6,2,0 days 00:30:00
37122,BELURMATH,HOWRAH JN.,19:10:00,19:35:00,6,3,0 days 00:25:00
37201,HOWRAH JN.,BANDEL JN.,18:55:00,19:55:00,39,17,0 days 01:00:00
37202,BANDEL JN.,HOWRAH JN.,08:40:00,09:43:00,39,17,0 days 01:03:00
37211,HOWRAH JN.,BANDEL JN.,04:47:00,05:45:00,39,17,0 days 00:58:00
37212,BANDEL JN.,HOWRAH JN.,03:07:00,04:08:00,39,17,0 days 01:01:00
37213,HOWRAH JN.,BANDEL JN.,05:16:00,06:15:00,39,17,0 days 00:59:00
37214,BANDEL JN.,HOWRAH JN.,03:50:00,04:50:00,39,17,0 days 01:00:00
37215,HOWRAH JN.,BANDEL JN.,06:26:00,07:27:00,39,17,0 days 01:01:00
37216,BANDEL JN.,HOWRAH JN.,04:45:00,05:50:00,39,17,0 days 01:05:00
37217,HOWRAH JN.,BANDEL JN.,07:05:00,08:05:00,39,17,0 days 01:00:00
37218,BANDEL JN.,HOWRAH JN.,05:10:00,06:12:00,39,17,0 days 01:02:00
37219,HOWRAH JN.,BANDEL JN.,07:35:00,08:40:00,39,17,0 days 01:05:00
37220,BANDEL JN.,HOWRAH JN.,05:40:00,06:45:00,39,17,0 days 01:05:00
37221,HOWRAH JN.,BANDEL JN.,08:20:00,09:20:00,39,17,0 days 01:00:00
37222,BANDEL JN.,HOWRAH JN.,06:30:00,07:35:00,39,17,0 days 01:05:00
37223,HOWRAH JN.,BANDEL JN.,08:45:00,09:45:00,39,17,0 days 01:00:00
37224,BANDEL JN.,HOWRAH JN.,06:48:00,07:52:00,39,17,0 days 01:04:00
37225,HOWRAH JN.,BANDEL JN.,09:10:00,10:10:00,39,17,0 days 01:00:00
37226,BANDEL JN.,HOWRAH JN.,07:15:00,08:18:00,39,17,0 days 01:03:00
37227,HOWRAH JN.,BANDEL JN.,09:25:00,10:25:00,39,17,0 days 01:00:00
37228,BANDEL JN.,HOWRAH JN.,08:05:00,09:05:00,39,17,0 days 01:00:00
37229,HOWRAH JN.,BANDEL JN.,09:50:00,10:50:00,39,17,0 days 01:00:00
37230,BANDEL JN.,HOWRAH JN.,08:32:00,09:34:00,39,17,0 days 01:02:00
37231,HOWRAH JN.,BANDEL JN.,10:15:00,11:15:00,39,17,0 days 01:00:00
37232,BANDEL JN.,HOWRAH JN.,08:52:00,09:55:00,39,17,0 days 01:03:00
37233,HOWRAH JN.,BANDEL JN.,10:30:00,11:28:00,39,17,0 days 00:58:00
37234,BANDEL JN.,HOWRAH JN.,09:08:00,10:09:00,39,17,0 days 01:01:00
37235,HOWRAH JN.,BANDEL JN.,10:45:00,11:44:00,39,17,0 days 00:59:00
37236,BANDEL JN.,HOWRAH JN.,09:46:00,10:48:00,39,17,0 days 01:02:00
37237,HOWRAH JN.,BANDEL JN.,10:55:00,11:55:00,39,17,0 days 01:00:00
37238,BANDEL JN.,HOWRAH JN.,10:30:00,11:32:00,39,17,0 days 01:02:00
37239,HOWRAH JN.,BANDEL JN.,11:15:00,12:18:00,39,17,0 days 01:03:00
37240,BANDEL JN.,HOWRAH JN.,10:45:00,11:50:00,39,17,0 days 01:05:00
37241,HOWRAH JN.,BANDEL JN.,12:00:00,13:00:00,39,17,0 days 01:00:00
37242,BANDEL JN.,HOWRAH JN.,11:22:00,12:25:00,39,17,0 days 01:03:00
37243,HOWRAH JN.,BANDEL JN.,12:20:00,13:20:00,39,17,0 days 01:00:00
37244,BANDEL JN.,HOWRAH JN.,12:15:00,13:20:00,39,17,0 days 01:05:00
37245,HOWRAH JN.,BANDEL JN.,12:55:00,13:55:00,39,17,0 days 01:00:00
37246,BANDEL JN.,HOWRAH JN.,12:30:00,13:47:00,39,17,0 days 01:17:00
37247,HOWRAH JN.,BANDEL JN.,13:15:00,14:13:00,39,17,0 days 00:58:00
37248,BANDEL JN.,HOWRAH JN.,13:15:00,14:20:00,39,17,0 days 01:05:00
37249,HOWRAH JN.,BANDEL JN.,13:25:00,14:24:00,39,17,0 days 00:59:00
37250,BANDEL JN.,HOWRAH JN.,13:35:00,14:35:00,39,17,0 days 01:00:00
37251,HOWRAH JN.,BANDEL JN.,13:33:00,14:30:00,39,17,0 days 00:57:00
37252,BANDEL JN.,HOWRAH JN.,14:12:00,15:16:00,39,17,0 days 01:04:00
37253,HOWRAH JN.,BANDEL JN.,14:40:00,15:40:00,39,17,0 days 01:00:00
37254,BANDEL JN.,HOWRAH JN.,14:50:00,15:57:00,39,17,0 days 01:07:00
37255,HOWRAH JN.,BANDEL JN.,15:00:00,16:05:00,39,17,0 days 01:05:00
37256,BANDEL JN.,HOWRAH JN.,15:10:00,16:10:00,39,17,0 days 01:00:00
37257,HOWRAH JN.,BANDEL JN.,15:35:00,16:35:00,39,17,0 days 01:00:00
37258,BANDEL JN.,HOWRAH JN.,15:35:00,16:38:00,39,17,0 days 01:03:00
37259,HOWRAH JN.,BANDEL JN.,16:16:00,17:20:00,39,17,0 days 01:04:00
37260,BANDEL JN.,HOWRAH JN.,16:05:00,17:08:00,39,17,0 days 01:03:00
37261,HOWRAH JN.,BANDEL JN.,16:55:00,17:55:00,39,17,0 days 01:00:00
37262,BANDEL JN.,HOWRAH JN.,16:40:00,17:42:00,39,17,0 days 01:02:00
37263,HOWRAH JN.,BANDEL JN.,17:47:00,18:48:00,39,17,0 days 01:01:00
37264,BANDEL JN.,HOWRAH JN.,16:48:00,17:50:00,39,17,0 days 01:02:00
37265,HOWRAH JN.,BANDEL JN.,18:15:00,19:14:00,39,17,0 days 00:59:00
37266,BANDEL JN.,HOWRAH JN.,17:12:00,18:12:00,39,17,0 days 01:00:00
37267,HOWRAH JN.,BANDEL JN.,18:20:00,19:20:00,39,17,0 days 01:00:00
37268,BANDEL JN.,HOWRAH JN.,17:30:00,18:30:00,39,17,0 days 01:00:00
37269,HOWRAH JN.,BANDEL JN.,18:45:00,19:45:00,39,17,0 days 01:00:00
37270,BANDEL JN.,HOWRAH JN.,18:05:00,19:10:00,39,17,0 days 01:05:00
37271,HOWRAH JN.,BANDEL JN.,19:30:00,20:28:00,39,17,0 days 00:58:00
37272,BANDEL JN.,HOWRAH JN.,18:20:00,19:22:00,39,17,0 days 01:02:00
37273,HOWRAH JN.,BANDEL JN.,19:40:00,20:40:00,39,17,0 days 01:00:00
37274,BANDEL JN.,HOWRAH JN.,18:50:00,19:55:00,39,17,0 days 01:05:00
37275,HOWRAH JN.,BANDEL JN.,20:10:00,21:10:00,39,17,0 days 01:00:00
37276,BANDEL JN.,HOWRAH JN.,19:30:00,20:36:00,39,17,0 days 01:06:00
37277,HOWRAH JN.,BANDEL JN.,21:05:00,22:04:00,39,17,0 days 00:59:00
37278,BANDEL JN.,HOWRAH JN.,19:45:00,20:48:00,39,17,0 days 01:03:00
37279,HOWRAH JN.,BANDEL JN.,21:10:00,22:10:00,39,17,0 days 01:00:00
37280,BANDEL JN.,HOWRAH JN.,20:33:00,21:35:00,39,17,0 days 01:02:00
37281,HOWRAH JN.,BANDEL JN.,21:30:00,22:30:00,39,17,0 days 01:00:00
37282,BANDEL JN.,HOWRAH JN.,21:00:00,22:00:00,39,17,0 days 01:00:00
37283,HOWRAH JN.,BANDEL JN.,21:50:00,22:50:00,39,17,0 days 01:00:00
37284,BANDEL JN.,HOWRAH JN.,21:45:00,22:50:00,39,17,0 days 01:05:00
37285,HOWRAH JN.,BANDEL JN.,22:20:00,23:20:00,39,17,0 days 01:00:00
37286,BANDEL JN.,HOWRAH JN.,22:18:00,23:20:00,39,17,0 days 01:02:00
37287,HOWRAH JN.,BANDEL JN.,22:30:00,23:28:00,39,17,0 days 00:58:00
37288,BANDEL JN.,HOWRAH JN.,22:30:00,23:33:00,39,17,0 days 01:03:00
37289,HOWRAH JN.,BANDEL JN.,23:15:00,00:20:00,39,17,0 days 01:05:00
37290,BANDEL JN.,HOWRAH JN.,22:45:00,23:45:00,39,17,0 days 01:00:00
37291,HOWRAH JN.,BANDEL JN.,23:45:00,00:45:00,39,17,0 days 01:00:00
37303,HOWRAH JN.,SINGUR,05:32:00,06:30:00,33,13,0 days 00:58:00
37304,SINGUR,HOWRAH JN.,08:12:00,09:09:00,33,13,0 days 00:57:00
37305,HOWRAH JN.,SINGUR,19:15:00,20:17:00,33,13,0 days 01:02:00
37306,SINGUR,HOWRAH JN.,21:05:00,22:10:00,33,13,0 days 01:05:00
37307,HOWRAH JN.,HARI PAL,06:52:00,08:02:00,44,17,0 days 01:10:00
37308,HARI PAL,HOWRAH JN.,08:30:00,09:48:00,44,17,0 days 01:18:00
37311,HOWRAH JN.,TARAKESHWAR,05:55:00,07:25:00,57,21,0 days 01:30:00
37312,TARAKESHWAR,HOWRAH JN.,03:50:00,05:20:00,57,21,0 days 01:30:00
37313,HOWRAH JN.,TARAKESHWAR,06:32:00,08:05:00,57,21,0 days 01:33:00
37314,TARAKESHWAR,HOWRAH JN.,04:50:00,06:20:00,57,21,0 days 01:30:00
37315,HOWRAH JN.,TARAKESHWAR,08:25:00,09:55:00,57,21,0 days 01:30:00
37316,TARAKESHWAR,HOWRAH JN.,05:35:00,07:05:00,57,21,0 days 01:30:00
37317,HOWRAH JN.,TARAKESHWAR,09:05:00,10:32:00,57,21,0 days 01:27:00
37318,TARAKESHWAR,HOWRAH JN.,06:20:00,07:55:00,57,21,0 days 01:35:00
37319,HOWRAH JN.,TARAKESHWAR,10:20:00,11:48:00,57,21,0 days 01:28:00
37320,TARAKESHWAR,HOWRAH JN.,07:05:00,08:40:00,57,20,0 days 01:35:00
37321,HOWRAH JN.,TARAKESHWAR,10:50:00,12:20:00,57,21,0 days 01:30:00
37322,TARAKESHWAR,HOWRAH JN.,07:55:00,09:24:00,57,18,0 days 01:29:00
37323,HOWRAH JN.,TARAKESHWAR,11:36:00,13:05:00,57,21,0 days 01:29:00
37324,TARAKESHWAR,HOWRAH JN.,09:32:00,11:02:00,57,21,0 days 01:30:00
37325,HOWRAH JN.,TARAKESHWAR,13:20:00,14:50:00,57,21,0 days 01:30:00
37326,TARAKESHWAR,HOWRAH JN.,10:25:00,11:58:00,57,21,0 days 01:33:00
37327,HOWRAH JN.,TARAKESHWAR,13:38:00,15:03:00,57,21,0 days 01:25:00
37328,TARAKESHWAR,HOWRAH JN.,11:15:00,12:47:00,57,21,0 days 01:32:00
37329,HOWRAH JN.,TARAKESHWAR,14:10:00,15:40:00,57,21,0 days 01:30:00
37330,TARAKESHWAR,HOWRAH JN.,12:00:00,13:35:00,57,21,0 days 01:35:00
37331,HOWRAH JN.,TARAKESHWAR,15:05:00,16:40:00,57,21,0 days 01:35:00
37332,TARAKESHWAR,HOWRAH JN.,12:40:00,14:12:00,57,21,0 days 01:32:00
37333,HOWRAH JN.,TARAKESHWAR,16:10:00,17:40:00,57,21,0 days 01:30:00
37334,TARAKESHWAR,HOWRAH JN.,13:25:00,15:00:00,57,21,0 days 01:35:00
37335,HOWRAH JN.,TARAKESHWAR,17:42:00,19:15:00,57,21,0 days 01:33:00
37336,TARAKESHWAR,HOWRAH JN.,14:18:00,15:50:00,57,21,0 days 01:32:00
37337,HOWRAH JN.,TARAKESHWAR,18:10:00,19:40:00,57,21,0 days 01:30:00
37338,TARAKESHWAR,HOWRAH JN.,15:15:00,16:45:00,57,21,0 days 01:30:00
37339,HOWRAH JN.,TARAKESHWAR,19:05:00,20:38:00,57,21,0 days 01:33:00
37340,TARAKESHWAR,HOWRAH JN.,16:18:00,17:43:00,57,21,0 days 01:25:00
37341,HOWRAH JN.,TARAKESHWAR,19:50:00,21:20:00,57,21,0 days 01:30:00
37342,TARAKESHWAR,HOWRAH JN.,17:05:00,18:40:00,57,21,0 days 01:35:00
37343,HOWRAH JN.,TARAKESHWAR,20:05:00,21:35:00,57,21,0 days 01:30:00
37344,TARAKESHWAR,HOWRAH JN.,18:07:00,19:42:00,57,21,0 days 01:35:00
37345,HOWRAH JN.,TARAKESHWAR,20:40:00,22:05:00,57,21,0 days 01:25:00
37346,TARAKESHWAR,HOWRAH JN.,19:00:00,20:28:00,57,21,0 days 01:28:00
37347,HOWRAH JN.,TARAKESHWAR,21:15:00,22:42:00,57,21,0 days 01:27:00
37348,TARAKESHWAR,HOWRAH JN.,19:33:00,21:05:00,57,21,0 days 01:32:00
37349,HOWRAH JN.,TARAKESHWAR,22:05:00,23:34:00,57,21,0 days 01:29:00
37350,TARAKESHWAR,HOWRAH JN.,20:55:00,22:35:00,57,21,0 days 01:40:00
37351,HOWRAH JN.,TARAKESHWAR,23:00:00,00:30:00,57,21,0 days 01:30:00
37352,TARAKESHWAR,HOWRAH JN.,21:38:00,23:08:00,57,21,0 days 01:30:00
37354,TARAKESHWAR,HOWRAH JN.,22:50:00,00:20:00,57,21,0 days 01:30:00
37361,HOWRAH JN.,ARAMBAG,05:10:00,07:40:00,81,23,0 days 02:30:00
37362,ARAMBAG,HOWRAH JN.,08:30:00,10:45:00,81,23,0 days 02:15:00
37363,HOWRAH JN.,ARAMBAG,09:55:00,12:00:00,81,23,0 days 02:05:00
37364,ARAMBAG,HOWRAH JN.,12:20:00,14:40:00,81,23,0 days 02:20:00
37365,HOWRAH JN.,ARAMBAG,12:15:00,14:40:00,81,23,0 days 02:25:00
37366,ARAMBAG,HOWRAH JN.,14:50:00,17:02:00,81,23,0 days 02:12:00
37367,HOWRAH JN.,ARAMBAG,17:10:00,19:15:00,81,23,0 days 02:05:00
37368,ARAMBAG,HOWRAH JN.,19:46:00,21:53:00,81,23,0 days 02:07:00
37371,HOWRAH JN.,ARAMBAG,04:22:00,06:42:00,81,23,0 days 02:20:00
37372,ARAMBAG,HOWRAH JN.,07:45:00,10:02:00,81,22,0 days 02:17:00
37373,HOWRAH JN.,ARAMBAG,07:25:00,09:44:00,81,23,0 days 02:19:00
37374,ARAMBAG,HOWRAH JN.,13:25:00,15:30:00,81,23,0 days 02:05:00
37375,HOWRAH JN.,ARAMBAG,10:35:00,12:44:00,81,23,0 days 02:09:00
37376,ARAMBAG,HOWRAH JN.,19:20:00,21:28:00,81,23,0 days 02:08:00
37378,ARAMBAG,HOWRAH JN.,21:40:00,23:58:00,81,23,0 days 02:18:00
37379,HOWRAH JN.,ARAMBAG,18:40:00,20:57:00,81,23,0 days 02:17:00
37385,TARAKESHWAR,ARAMBAG,03:50:00,04:30:00,24,3,0 days 00:40:00
37386,ARAMBAG,TARAKESHWAR,04:40:00,05:20:00,24,3,0 days 00:40:00
37387,TARAKESHWAR,ARAMBAG,05:32:00,06:08:00,24,5,0 days 00:36:00
37388,ARAMBAG,TARAKESHWAR,06:18:00,06:58:00,24,5,0 days 00:40:00
37389,TARAKESHWAR,ARAMBAG,16:00:00,16:34:00,24,3,0 days 00:34:00
37390,ARAMBAG,TARAKESHWAR,10:25:00,11:00:00,24,3,0 days 00:35:00
37391,TARAKESHWAR,ARAMBAG,22:25:00,23:05:00,24,5,0 days 00:40:00
37392,ARAMBAG,TARAKESHWAR,17:20:00,17:58:00,24,3,0 days 00:38:00
37394,ARAMBAG,TARAKESHWAR,23:15:00,23:55:00,24,5,0 days 00:40:00
37411,SEORAPHULI J,TARAKESHWAR,05:15:00,06:05:00,34,12,0 days 00:50:00
37412,TARAKESHWAR,SEORAPHULI J,04:15:00,05:05:00,34,12,0 days 00:50:00
37413,SEORAPHULI J,TARAKESHWAR,23:10:00,23:58:00,34,12,0 days 00:48:00
37414,TARAKESHWAR,SEORAPHULI J,22:00:00,22:48:00,34,12,0 days 00:48:00
37511,BALLY,BANDEL JN.,17:50:00,18:37:00,30,14,0 days 00:47:00
37512,BANDEL JN.,BALLY,16:25:00,17:10:00,30,14,0 days 00:45:00
37521,NAIHATI JN.,BANDEL JN.,04:40:00,05:00:00,8,4,0 days 00:20:00
37522,BANDEL JN.,NAIHATI JN.,04:10:00,04:30:00,8,4,0 days 00:20:00
37523,NAIHATI JN.,BANDEL JN.,06:18:00,06:37:00,8,4,0 days 00:19:00
37524,BANDEL JN.,NAIHATI JN.,05:32:00,05:50:00,8,4,0 days 00:18:00
37525,NAIHATI JN.,BANDEL JN.,07:30:00,07:50:00,8,4,0 days 00:20:00
37526,BANDEL JN.,NAIHATI JN.,06:45:00,07:04:00,8,4,0 days 00:19:00
37527,NAIHATI JN.,BANDEL JN.,07:55:00,08:14:00,8,4,0 days 00:19:00
37528,BANDEL JN.,NAIHATI JN.,07:21:00,07:42:00,8,4,0 days 00:21:00
37529,NAIHATI JN.,BANDEL JN.,08:33:00,08:52:00,8,4,0 days 00:19:00
37530,BANDEL JN.,NAIHATI JN.,08:02:00,08:22:00,8,4,0 days 00:20:00
37531,NAIHATI JN.,BANDEL JN.,09:42:00,10:02:00,8,4,0 days 00:20:00
37532,BANDEL JN.,NAIHATI JN.,09:12:00,09:32:00,8,4,0 days 00:20:00
37533,NAIHATI JN.,BANDEL JN.,10:45:00,11:05:00,8,4,0 days 00:20:00
37534,BANDEL JN.,NAIHATI JN.,10:15:00,10:35:00,8,4,0 days 00:20:00
37535,NAIHATI JN.,BANDEL JN.,12:10:00,12:30:00,8,4,0 days 00:20:00
37536,BANDEL JN.,NAIHATI JN.,11:42:00,12:02:00,8,4,0 days 00:20:00
37537,NAIHATI JN.,BANDEL JN.,13:30:00,13:50:00,8,4,0 days 00:20:00
37538,BANDEL JN.,NAIHATI JN.,12:52:00,13:14:00,8,4,0 days 00:22:00
37539,NAIHATI JN.,BANDEL JN.,15:08:00,15:28:00,8,4,0 days 00:20:00
37540,BANDEL JN.,NAIHATI JN.,14:39:00,14:58:00,8,4,0 days 00:19:00
37541,NAIHATI JN.,BANDEL JN.,15:50:00,16:10:00,8,4,0 days 00:20:00
37542,BANDEL JN.,NAIHATI JN.,15:00:00,15:20:00,8,4,0 days 00:20:00
37543,NAIHATI JN.,BANDEL JN.,16:08:00,16:28:00,8,4,0 days 00:20:00
37544,BANDEL JN.,NAIHATI JN.,15:41:00,16:00:00,8,4,0 days 00:19:00
37545,NAIHATI JN.,BANDEL JN.,17:18:00,17:37:00,8,4,0 days 00:19:00
37546,BANDEL JN.,NAIHATI JN.,16:50:00,17:10:00,8,4,0 days 00:20:00
37547,NAIHATI JN.,BANDEL JN.,18:32:00,18:52:00,8,4,0 days 00:20:00
37548,BANDEL JN.,NAIHATI JN.,17:45:00,18:07:00,8,4,0 days 00:22:00
37549,NAIHATI JN.,BANDEL JN.,19:15:00,19:33:00,8,4,0 days 00:18:00
37550,BANDEL JN.,NAIHATI JN.,18:40:00,19:00:00,8,4,0 days 00:20:00
37551,NAIHATI JN.,BANDEL JN.,19:50:00,20:10:00,8,4,0 days 00:20:00
37552,BANDEL JN.,NAIHATI JN.,19:20:00,19:42:00,8,4,0 days 00:22:00
37553,NAIHATI JN.,BANDEL JN.,21:15:00,21:33:00,8,4,0 days 00:18:00
37554,BANDEL JN.,NAIHATI JN.,20:35:00,20:57:00,8,4,0 days 00:22:00
37555,NAIHATI JN.,BANDEL JN.,22:15:00,22:35:00,8,4,0 days 00:20:00
37556,BANDEL JN.,NAIHATI JN.,21:45:00,22:05:00,8,4,0 days 00:20:00
37557,NAIHATI JN.,BANDEL JN.,23:58:00,00:20:00,8,4,0 days 00:22:00
37558,BANDEL JN.,NAIHATI JN.,23:26:00,23:45:00,8,4,0 days 00:19:00
37611,HOWRAH JN.,PUNDOOAH,11:42:00,13:10:00,60,20,0 days 01:28:00
37612,PUNDOOAH,HOWRAH JN.,08:55:00,10:15:00,60,15,0 days 01:20:00
37614,PUNDOOAH,HOWRAH JN.,13:30:00,15:08:00,60,20,0 days 01:38:00
37651,HOWRAH JN.,MEMARI,08:40:00,10:25:00,81,18,0 days 01:45:00
37652,MEMARI,HOWRAH JN.,11:10:00,13:15:00,81,18,0 days 02:05:00
37653,HOWRAH JN.,MEMARI,11:31:00,13:22:00,81,28,0 days 01:51:00
37654,MEMARI,HOWRAH JN.,13:45:00,15:40:00,81,28,0 days 01:55:00
37655,HOWRAH JN.,MEMARI,12:45:00,14:37:00,81,28,0 days 01:52:00
37656,MEMARI,HOWRAH JN.,14:55:00,16:52:00,81,28,0 days 01:57:00
37657,HOWRAH JN.,MEMARI,13:43:00,15:30:00,81,28,0 days 01:47:00
37658,MEMARI,HOWRAH JN.,16:00:00,17:55:00,81,28,0 days 01:55:00
37711,BANDEL JN.,PUNDOOAH,08:20:00,08:45:00,21,6,0 days 00:25:00
37731,BANDEL JN.,MEMARI,19:40:00,20:25:00,42,12,0 days 00:45:00
37732,MEMARI,BANDEL JN.,21:50:00,22:40:00,42,12,0 days 00:50:00
37741,BANDEL JN.,KATWA JN.,03:05:00,05:35:00,104,27,0 days 02:30:00
37742,KATWA JN.,BANDEL JN.,04:40:00,06:50:00,104,25,0 days 02:10:00
37743,BANDEL JN.,KATWA JN.,04:30:00,06:40:00,104,24,0 days 02:10:00
37744,KATWA JN.,BANDEL JN.,08:45:00,11:00:00,104,28,0 days 02:15:00
37745,BANDEL JN.,KATWA JN.,05:40:00,07:50:00,104,26,0 days 02:10:00
37746,KATWA JN.,BANDEL JN.,11:10:00,13:40:00,104,27,0 days 02:30:00
37747,BANDEL JN.,KATWA JN.,08:10:00,10:25:00,104,27,0 days 02:15:00
37748,KATWA JN.,BANDEL JN.,13:00:00,15:15:00,104,28,0 days 02:15:00
37750,KATWA JN.,BANDEL JN.,17:35:00,19:40:00,104,28,0 days 02:05:00
37751,BANDEL JN.,KATWA JN.,14:40:00,17:10:00,104,28,0 days 02:30:00
37752,KATWA JN.,BANDEL JN.,19:50:00,22:05:00,104,28,0 days 02:15:00
37753,BANDEL JN.,KATWA JN.,16:20:00,18:35:00,104,28,0 days 02:15:00
37754,KATWA JN.,BANDEL JN.,20:50:00,23:00:00,104,25,0 days 02:10:00
37756,KATWA JN.,BANDEL JN.,21:20:00,23:35:00,104,28,0 days 02:15:00
37757,BANDEL JN.,KATWA JN.,23:25:00,01:35:00,104,24,0 days 02:10:00
37758,KATWA JN.,BANDEL JN.,21:50:00,23:57:00,104,25,0 days 02:07:00
37781,BANDEL JN.,BARDDHAMAN J,03:45:00,05:02:00,67,18,0 days 01:17:00
37782,BARDDHAMAN J,BANDEL JN.,06:45:00,08:00:00,67,18,0 days 01:15:00
37783,BANDEL JN.,BARDDHAMAN J,04:20:00,05:37:00,67,18,0 days 01:17:00
37784,BARDDHAMAN J,BANDEL JN.,21:00:00,22:20:00,67,18,0 days 01:20:00
37785,BANDEL JN.,BARDDHAMAN J,05:45:00,07:05:00,67,18,0 days 01:20:00
37786,BARDDHAMAN J,BANDEL JN.,03:35:00,04:50:00,67,18,0 days 01:15:00
37811,HOWRAH JN.,BARDDHAMAN J,04:15:00,06:35:00,106,34,0 days 02:20:00
37812,BARDDHAMAN J,HOWRAH JN.,03:05:00,05:27:00,106,32,0 days 02:22:00
37813,HOWRAH JN.,BARDDHAMAN J,05:00:00,07:20:00,106,34,0 days 02:20:00
37814,BARDDHAMAN J,HOWRAH JN.,04:05:00,06:35:00,106,34,0 days 02:30:00
37815,HOWRAH JN.,BARDDHAMAN J,05:25:00,07:35:00,106,27,0 days 02:10:00
37816,BARDDHAMAN J,HOWRAH JN.,05:05:00,07:28:00,106,34,0 days 02:23:00
37817,HOWRAH JN.,BARDDHAMAN J,06:20:00,08:47:00,106,34,0 days 02:27:00
37818,BARDDHAMAN J,HOWRAH JN.,05:42:00,08:08:00,106,34,0 days 02:26:00
37819,HOWRAH JN.,BARDDHAMAN J,06:58:00,09:25:00,106,34,0 days 02:27:00
37820,BARDDHAMAN J,HOWRAH JN.,06:18:00,08:35:00,106,34,0 days 02:17:00
37821,HOWRAH JN.,BARDDHAMAN J,08:05:00,10:24:00,106,34,0 days 02:19:00
37822,BARDDHAMAN J,HOWRAH JN.,06:35:00,08:30:00,106,3,0 days 01:55:00
37823,HOWRAH JN.,BARDDHAMAN J,09:00:00,11:25:00,106,34,0 days 02:25:00
37824,BARDDHAMAN J,HOWRAH JN.,07:00:00,09:17:00,106,28,0 days 02:17:00
37825,HOWRAH JN.,BARDDHAMAN J,10:05:00,12:30:00,106,34,0 days 02:25:00
37826,BARDDHAMAN J,HOWRAH JN.,07:38:00,09:50:00,106,22,0 days 02:12:00
37827,HOWRAH JN.,BARDDHAMAN J,11:25:00,13:50:00,106,34,0 days 02:25:00
37828,BARDDHAMAN J,HOWRAH JN.,08:22:00,10:38:00,106,27,0 days 02:16:00
37829,HOWRAH JN.,BARDDHAMAN J,12:30:00,14:50:00,106,34,0 days 02:20:00
37830,BARDDHAMAN J,HOWRAH JN.,08:46:00,11:05:00,106,27,0 days 02:19:00
37831,HOWRAH JN.,BARDDHAMAN J,14:20:00,16:38:00,106,30,0 days 02:18:00
37832,BARDDHAMAN J,HOWRAH JN.,10:05:00,12:40:00,106,34,0 days 02:35:00
37833,HOWRAH JN.,BARDDHAMAN J,14:45:00,17:10:00,106,33,0 days 02:25:00
37834,BARDDHAMAN J,HOWRAH JN.,11:22:00,13:50:00,106,34,0 days 02:28:00
37835,HOWRAH JN.,BARDDHAMAN J,14:46:00,17:11:00,106,21,0 days 02:25:00
37836,BARDDHAMAN J,HOWRAH JN.,12:25:00,14:46:00,106,34,0 days 02:21:00
37837,HOWRAH JN.,BARDDHAMAN J,15:30:00,17:50:00,106,27,0 days 02:20:00
37838,BARDDHAMAN J,HOWRAH JN.,13:40:00,16:05:00,106,34,0 days 02:25:00
37839,HOWRAH JN.,BARDDHAMAN J,16:45:00,19:00:00,106,29,0 days 02:15:00
37840,BARDDHAMAN J,HOWRAH JN.,15:15:00,17:35:00,106,34,0 days 02:20:00
37841,HOWRAH JN.,BARDDHAMAN J,17:30:00,19:36:00,106,22,0 days 02:06:00
37842,BARDDHAMAN J,HOWRAH JN.,16:30:00,19:02:00,106,34,0 days 02:32:00
37843,HOWRAH JN.,BARDDHAMAN J,17:55:00,19:50:00,106,3,0 days 01:55:00
37844,BARDDHAMAN J,HOWRAH JN.,17:25:00,19:48:00,106,22,0 days 02:23:00
37845,HOWRAH JN.,BARDDHAMAN J,18:05:00,20:25:00,106,30,0 days 02:20:00
37846,BARDDHAMAN J,HOWRAH JN.,17:24:00,19:49:00,106,33,0 days 02:25:00
37847,HOWRAH JN.,BARDDHAMAN J,18:35:00,20:50:00,106,27,0 days 02:15:00
37848,BARDDHAMAN J,HOWRAH JN.,18:00:00,20:20:00,106,34,0 days 02:20:00
37849,HOWRAH JN.,BARDDHAMAN J,19:00:00,21:00:00,106,11,0 days 02:00:00
37850,BARDDHAMAN J,HOWRAH JN.,18:40:00,20:58:00,106,34,0 days 02:18:00
37851,HOWRAH JN.,BARDDHAMAN J,19:10:00,21:28:00,106,34,0 days 02:18:00
37852,BARDDHAMAN J,HOWRAH JN.,19:55:00,22:15:00,106,34,0 days 02:20:00
37853,HOWRAH JN.,BARDDHAMAN J,20:20:00,22:47:00,106,30,0 days 02:27:00
37854,BARDDHAMAN J,HOWRAH JN.,20:40:00,23:12:00,106,34,0 days 02:32:00
37855,HOWRAH JN.,BARDDHAMAN J,20:47:00,23:10:00,106,34,0 days 02:23:00
37857,HOWRAH JN.,BARDDHAMAN J,22:10:00,00:30:00,106,34,0 days 02:20:00
37911,HOWRAH JN.,KATWA JN.,05:38:00,08:50:00,143,44,0 days 03:12:00
37912,KATWA JN.,HOWRAH JN.,03:45:00,07:00:00,144,41,0 days 03:15:00
37913,HOWRAH JN.,KATWA JN.,08:00:00,11:10:00,143,44,0 days 03:10:00
37914,KATWA JN.,HOWRAH JN.,05:40:00,08:43:00,144,29,0 days 03:03:00
37915,HOWRAH JN.,KATWA JN.,10:00:00,13:15:00,144,30,0 days 03:15:00
37916,KATWA JN.,HOWRAH JN.,06:20:00,09:25:00,144,31,0 days 03:05:00
37917,HOWRAH JN.,KATWA JN.,12:10:00,15:25:00,143,44,0 days 03:15:00
37918,KATWA JN.,HOWRAH JN.,07:00:00,10:20:00,144,44,0 days 03:20:00
37919,HOWRAH JN.,KATWA JN.,14:30:00,17:40:00,144,33,0 days 03:10:00
37920,KATWA JN.,HOWRAH JN.,07:45:00,10:55:00,144,30,0 days 03:10:00
37921,HOWRAH JN.,KATWA JN.,17:05:00,20:18:00,143,39,0 days 03:13:00
37922,KATWA JN.,HOWRAH JN.,10:20:00,14:05:00,144,44,0 days 03:45:00
37923,HOWRAH JN.,KATWA JN.,18:00:00,21:05:00,144,31,0 days 03:05:00
37924,KATWA JN.,HOWRAH JN.,14:45:00,18:08:00,144,30,0 days 03:23:00
37925,HOWRAH JN.,KATWA JN.,19:25:00,22:30:00,144,29,0 days 03:05:00
37926,KATWA JN.,HOWRAH JN.,15:30:00,18:48:00,144,44,0 days 03:18:00
37927,HOWRAH JN.,KATWA JN.,20:30:00,23:45:00,143,41,0 days 03:15:00
37928,KATWA JN.,HOWRAH JN.,19:20:00,22:42:00,144,40,0 days 03:22:00
38031,SHALIMAR,SANTRAGACHI,08:45:00,09:00:00,5,3,0 days 00:15:00
38032,SANTRAGACHI,SHALIMAR,09:30:00,09:43:00,5,3,0 days 00:13:00
38033,SHALIMAR,SANTRAGACHI,17:15:00,17:30:00,5,3,0 days 00:15:00
38034,SANTRAGACHI,SHALIMAR,15:40:00,15:55:00,5,3,0 days 00:15:00
38036,SANTRAGACHI,SHALIMAR,18:10:00,18:30:00,5,3,0 days 00:20:00
38051,HOWRAH JN.,HALDIA,06:05:00,09:45:00,140,38,0 days 03:40:00
38052,HALDIA,HOWRAH JN.,06:05:00,09:20:00,139,26,0 days 03:15:00
38053,HOWRAH JN.,HALDIA,09:35:00,12:45:00,136,21,0 days 03:10:00
38054,HALDIA,PANSKURA,10:00:00,11:35:00,68,14,0 days 01:35:00
38055,PANSKURA,HALDIA,15:15:00,16:55:00,68,14,0 days 01:40:00
38056,HALDIA,HOWRAH JN.,14:50:00,18:02:00,137,20,0 days 03:12:00
38057,HOWRAH JN.,HALDIA,18:00:00,21:38:00,140,34,0 days 03:38:00
38058,HALDIA,HOWRAH JN.,17:20:00,20:50:00,139,26,0 days 03:30:00
38101,SANTRAGACHI,ULUBARIA,05:35:00,06:15:00,24,9,0 days 00:40:00
38102,ULUBARIA,SANTRAGACHI,06:50:00,07:35:00,24,9,0 days 00:45:00
38103,HOWRAH JN.,ULUBARIA,07:02:00,08:03:00,32,13,0 days 01:01:00
38104,ULUBARIA,HOWRAH JN.,08:17:00,09:18:00,32,13,0 days 01:01:00
38105,HOWRAH JN.,ULUBARIA,08:27:00,09:35:00,32,14,0 days 01:08:00
38106,ULUBARIA,HOWRAH JN.,09:47:00,10:50:00,32,13,0 days 01:03:00
38107,SANTRAGACHI,ULUBARIA,16:40:00,17:22:00,24,9,0 days 00:42:00
38108,ULUBARIA,HOWRAH JN.,17:52:00,19:08:00,32,13,0 days 01:16:00
38202,BAGNAN,HOWRAH JN.,07:30:00,08:42:00,45,16,0 days 01:12:00
38204,BAGNAN,HOWRAH JN.,08:20:00,09:37:00,45,16,0 days 01:17:00
38206,BAGNAN,SANTRAGACHI,18:45:00,19:40:00,37,12,0 days 00:55:00
38301,SANTRAGACHI,MECHEDA,06:10:00,07:25:00,50,17,0 days 01:15:00
38302,MECHEDA,HOWRAH JN.,03:05:00,04:35:00,58,20,0 days 01:30:00
38303,HOWRAH JN.,MECHEDA,07:35:00,09:12:00,58,21,0 days 01:37:00
38304,MECHEDA,HOWRAH JN.,03:50:00,05:20:00,58,20,0 days 01:30:00
38305,SHALIMAR,MECHEDA,10:30:00,12:10:00,56,18,0 days 01:40:00
38306,MECHEDA,HOWRAH JN.,04:35:00,06:05:00,58,20,0 days 01:30:00
38307,HOWRAH JN.,MECHEDA,12:30:00,14:02:00,58,20,0 days 01:32:00
38308,MECHEDA,HOWRAH JN.,06:15:00,07:45:00,58,20,0 days 01:30:00
38310,MECHEDA,SHALIMAR,07:03:00,08:30:00,55,18,0 days 01:27:00
38312,MECHEDA,HOWRAH JN.,09:50:00,11:25:00,58,20,0 days 01:35:00
38314,MECHEDA,HOWRAH JN.,13:27:00,15:05:00,58,20,0 days 01:38:00
38316,MECHEDA,SANTRAGACHI,14:10:00,15:30:00,50,16,0 days 01:20:00
38318,MECHEDA,HOWRAH JN.,14:27:00,16:00:00,58,20,0 days 01:33:00
38321,HOWRAH JN.,MECHEDA,22:55:00,00:40:00,58,20,0 days 01:45:00
38401,HOWRAH JN.,PANSKURA,05:22:00,07:10:00,71,25,0 days 01:48:00
38402,PANSKURA,HOWRAH JN.,03:05:00,04:52:00,70,24,0 days 01:47:00
38403,HOWRAH JN.,PANSKURA,05:45:00,07:33:00,71,25,0 days 01:48:00
38404,PANSKURA,HOWRAH JN.,03:22:00,05:10:00,70,24,0 days 01:48:00
38405,HOWRAH JN.,PANSKURA,06:43:00,08:30:00,71,25,0 days 01:47:00
38406,PANSKURA,HOWRAH JN.,04:03:00,05:52:00,70,24,0 days 01:49:00
38407,SANTRAGACHI,PANSKURA,07:45:00,09:15:00,63,21,0 days 01:30:00
38408,PANSKURA,HOWRAH JN.,04:32:00,06:20:00,70,24,0 days 01:48:00
38409,HOWRAH JN.,PANSKURA,07:45:00,09:45:00,71,25,0 days 02:00:00
38410,PANSKURA,HOWRAH JN.,05:05:00,06:52:00,70,24,0 days 01:47:00
38411,HOWRAH JN.,PANSKURA,08:13:00,10:12:00,71,24,0 days 01:59:00
38412,PANSKURA,HOWRAH JN.,05:43:00,07:30:00,70,24,0 days 01:47:00
38413,HOWRAH JN.,PANSKURA,09:00:00,10:50:00,71,25,0 days 01:50:00
38414,PANSKURA,HOWRAH JN.,06:25:00,08:20:00,70,24,0 days 01:55:00
38416,PANSKURA,HOWRAH JN.,07:25:00,09:10:00,70,24,0 days 01:45:00
38419,HOWRAH JN.,PANSKURA,10:10:00,12:10:00,71,25,0 days 02:00:00
38421,HOWRAH JN.,PANSKURA,11:15:00,13:08:00,71,24,0 days 01:53:00
38423,HOWRAH JN.,PANSKURA,13:10:00,14:57:00,71,24,0 days 01:47:00
38425,HOWRAH JN.,PANSKURA,13:55:00,15:45:00,71,24,0 days 01:50:00
38427,HOWRAH JN.,PANSKURA,14:40:00,16:25:00,71,23,0 days 01:45:00
38431,HOWRAH JN.,PANSKURA,15:45:00,17:35:00,71,24,0 days 01:50:00
38433,HOWRAH JN.,PANSKURA,16:15:00,18:05:00,71,23,0 days 01:50:00
38437,HOWRAH JN.,PANSKURA,17:35:00,19:23:00,71,24,0 days 01:48:00
38447,HOWRAH JN.,PANSKURA,19:48:00,21:38:00,71,24,0 days 01:50:00
38449,HOWRAH JN.,PANSKURA,20:22:00,22:12:00,71,24,0 days 01:50:00
38451,HOWRAH JN.,PANSKURA,21:10:00,23:10:00,71,24,0 days 02:00:00
38452,PANSKURA,HOWRAH JN.,19:10:00,21:07:00,70,24,0 days 01:57:00
38453,HOWRAH JN.,PANSKURA,22:25:00,00:15:00,71,24,0 days 01:50:00
38454,PANSKURA,HOWRAH JN.,20:18:00,22:10:00,70,24,0 days 01:52:00
38455,HOWRAH JN.,PANSKURA,23:35:00,01:25:00,71,24,0 days 01:50:00
38456,PANSKURA,HOWRAH JN.,21:22:00,23:15:00,70,24,0 days 01:53:00
38501,HOWRAH JN.,BALICHAK,11:28:00,13:45:00,90,29,0 days 02:17:00
38502,BALICHAK,HOWRAH JN.,14:05:00,16:30:00,91,29,0 days 02:25:00
38601,HOWRAH JN.,KOLAGHAT,09:25:00,11:00:00,54,20,0 days 01:35:00
38602,KOLAGHAT,HOWRAH JN.,11:10:00,12:43:00,54,19,0 days 01:33:00
38701,HOWRAH JN.,KHARAGPUR,03:05:00,05:15:00,115,17,0 days 02:10:00
38702,KHARAGPUR,HOWRAH JN.,03:00:00,05:35:00,115,33,0 days 02:35:00
38703,HOWRAH JN.,KHARAGPUR,03:25:00,06:00:00,115,34,0 days 02:35:00
38704,KHARAGPUR,HOWRAH JN.,03:50:00,06:32:00,115,33,0 days 02:42:00
38705,HOWRAH JN.,KHARAGPUR,04:55:00,07:28:00,115,33,0 days 02:33:00
38706,KHARAGPUR,HOWRAH JN.,05:25:00,08:00:00,115,32,0 days 02:35:00
38707,HOWRAH JN.,KHARAGPUR,07:15:00,10:05:00,115,34,0 days 02:50:00
38708,KHARAGPUR,HOWRAH JN.,06:55:00,09:30:00,115,33,0 days 02:35:00
38709,SANTRAGACHI,KHARAGPUR,11:00:00,13:30:00,107,29,0 days 02:30:00
38710,KHARAGPUR,HOWRAH JN.,07:10:00,09:45:00,115,33,0 days 02:35:00
38711,HOWRAH JN.,KHARAGPUR,10:50:00,13:43:00,115,32,0 days 02:53:00
38713,HOWRAH JN.,KHARAGPUR,11:55:00,14:40:00,115,33,0 days 02:45:00
38719,HOWRAH JN.,KHARAGPUR,14:10:00,17:02:00,115,33,0 days 02:52:00
38726,KHARAGPUR,HOWRAH JN.,17:38:00,20:40:00,115,33,0 days 03:02:00
38728,KHARAGPUR,HOWRAH JN.,18:45:00,21:47:00,115,31,0 days 03:02:00
38730,KHARAGPUR,HOWRAH JN.,20:40:00,23:25:00,115,27,0 days 02:45:00
38801,HOWRAH JN.,MIDNAPORE,02:40:00,05:35:00,128,30,0 days 02:55:00
38802,MIDNAPORE,HOWRAH JN.,04:05:00,07:12:00,128,36,0 days 03:07:00
38803,HOWRAH JN.,MIDNAPORE,04:25:00,07:30:00,128,36,0 days 03:05:00
38804,MIDNAPORE,HOWRAH JN.,05:42:00,08:50:00,128,34,0 days 03:08:00
38805,HOWRAH JN.,MIDNAPORE,05:35:00,08:50:00,128,37,0 days 03:15:00
38806,MIDNAPORE,HOWRAH JN.,06:10:00,09:00:00,128,14,0 days 02:50:00
38807,HOWRAH JN.,MIDNAPORE,06:30:00,09:50:00,128,37,0 days 03:20:00
38808,MIDNAPORE,HOWRAH JN.,06:35:00,09:35:00,128,26,0 days 03:00:00
38809,HOWRAH JN.,MIDNAPORE,08:00:00,11:25:00,128,37,0 days 03:25:00
38810,MIDNAPORE,HOWRAH JN.,07:45:00,11:00:00,128,36,0 days 03:15:00
38811,HOWRAH JN.,MIDNAPORE,08:50:00,12:00:00,128,37,0 days 03:10:00
38812,MIDNAPORE,HOWRAH JN.,09:10:00,12:32:00,128,36,0 days 03:22:00
38813,HOWRAH JN.,MIDNAPORE,09:47:00,12:55:00,128,36,0 days 03:08:00
38814,MIDNAPORE,HOWRAH JN.,11:00:00,14:27:00,128,36,0 days 03:27:00
38815,HOWRAH JN.,MIDNAPORE,10:25:00,13:40:00,128,34,0 days 03:15:00
38816,MIDNAPORE,HOWRAH JN.,11:47:00,15:20:00,128,33,0 days 03:33:00
38817,HOWRAH JN.,MIDNAPORE,12:15:00,15:30:00,128,33,0 days 03:15:00
38818,MIDNAPORE,HOWRAH JN.,13:02:00,16:20:00,128,36,0 days 03:18:00
38819,HOWRAH JN.,MIDNAPORE,13:35:00,17:08:00,128,35,0 days 03:33:00
38820,MIDNAPORE,HOWRAH JN.,14:20:00,17:42:00,128,36,0 days 03:22:00
38821,HOWRAH JN.,MIDNAPORE,16:00:00,18:45:00,128,19,0 days 02:45:00
38822,MIDNAPORE,HOWRAH JN.,15:30:00,18:48:00,128,33,0 days 03:18:00
38823,HOWRAH JN.,MIDNAPORE,17:20:00,20:20:00,128,24,0 days 03:00:00
38824,MIDNAPORE,HOWRAH JN.,16:00:00,19:25:00,128,29,0 days 03:25:00
38825,HOWRAH JN.,MIDNAPORE,18:15:00,21:00:00,129,13,0 days 02:45:00
38826,MIDNAPORE,HOWRAH JN.,17:50:00,21:22:00,128,36,0 days 03:32:00
38827,HOWRAH JN.,MIDNAPORE,18:35:00,21:30:00,128,24,0 days 02:55:00
38828,MIDNAPORE,HOWRAH JN.,19:10:00,22:27:00,128,36,0 days 03:17:00
38829,HOWRAH JN.,MIDNAPORE,19:35:00,22:32:00,128,26,0 days 02:57:00
38830,MIDNAPORE,HOWRAH JN.,20:52:00,00:05:00,128,36,0 days 03:13:00
38831,HOWRAH JN.,MIDNAPORE,20:10:00,23:25:00,128,34,0 days 03:15:00
38832,MIDNAPORE,KHARAGPUR,22:25:00,22:55:00,12,4,0 days 00:30:00
38902,AMTA,SANTRAGACHI,04:00:00,05:15:00,44,17,0 days 01:15:00
38905,HOWRAH JN.,AMTA,06:15:00,07:55:00,51,21,0 days 01:40:00
38908,AMTA,HOWRAH JN.,08:05:00,09:40:00,49,21,0 days 01:35:00
38909,HOWRAH JN.,AMTA,10:35:00,12:15:00,51,21,0 days 01:40:00
38923,HOWRAH JN.,AMTA,21:42:00,23:18:00,51,21,0 days 01:36:00
38924,AMTA,HOWRAH JN.,21:10:00,22:43:00,49,21,0 days 01:33:00
40001,CHENNAI BEAC,TAMBARAM,04:20:00,05:15:00,29,18,0 days 00:55:00
40002,TAMBARAM,CHENNAI BEAC,04:00:00,04:55:00,29,18,0 days 00:55:00
40003,CHENNAI BEAC,TAMBARAM,06:20:00,07:15:00,29,18,0 days 00:55:00
40004,TAMBARAM,CHENNAI BEAC,04:20:00,05:15:00,29,18,0 days 00:55:00
40005,CHENNAI BEAC,TAMBARAM,07:15:00,08:10:00,29,6,0 days 00:55:00
40006,TAMBARAM,CHENNAI BEAC,04:35:00,05:30:00,29,18,0 days 00:55:00
40007,CHENNAI BEAC,TAMBARAM,07:22:00,08:17:00,29,18,0 days 00:55:00
40008,TAMBARAM,CHENNAI BEAC,05:15:00,06:10:00,29,18,0 days 00:55:00
40009,CHENNAI BEAC,TAMBARAM,07:30:00,08:25:00,29,18,0 days 00:55:00
40010,TAMBARAM,CHENNAI BEAC,06:00:00,06:55:00,29,18,0 days 00:55:00
40011,CHENNAI BEAC,TAMBARAM,07:46:00,08:41:00,29,18,0 days 00:55:00
40012,TAMBARAM,CHENNAI BEAC,06:20:00,07:15:00,29,18,0 days 00:55:00
40013,CHENNAI BEAC,TAMBARAM,07:53:00,08:48:00,29,18,0 days 00:55:00
40014,TAMBARAM,CHENNAI BEAC,06:30:00,07:25:00,29,18,0 days 00:55:00
40015,CHENNAI BEAC,TAMBARAM,08:00:00,08:55:00,29,18,0 days 00:55:00
40016,TAMBARAM,CHENNAI BEAC,06:38:00,07:33:00,29,18,0 days 00:55:00
40017,CHENNAI BEAC,TAMBARAM,08:10:00,09:05:00,29,18,0 days 00:55:00
40018,TAMBARAM,CHENNAI BEAC,06:52:00,07:47:00,29,18,0 days 00:55:00
40019,CHENNAI BEAC,PALLAVARAM,08:17:00,08:57:00,23,15,0 days 00:40:00
40020,TAMBARAM,CHENNAI BEAC,07:00:00,07:55:00,29,18,0 days 00:55:00
40021,CHENNAI BEAC,ST. THOMAS M,08:32:00,08:58:00,17,3,0 days 00:26:00
40022,TAMBARAM,CHENNAI BEAC,07:10:00,08:05:00,29,18,0 days 00:55:00
40023,CHENNAI BEAC,TAMBARAM,08:40:00,09:35:00,29,18,0 days 00:55:00
40025,CHENNAI BEAC,TAMBARAM,08:47:00,09:42:00,29,18,0 days 00:55:00
40026,TAMBARAM,CHENNAI BEAC,07:44:00,08:39:00,29,18,0 days 00:55:00
40027,CHENNAI BEAC,TAMBARAM,09:02:00,09:57:00,29,18,0 days 00:55:00
40028,TAMBARAM,CHENNAI BEAC,07:56:00,08:51:00,29,18,0 days 00:55:00
40029,CHENNAI BEAC,TAMBARAM,09:08:00,10:03:00,29,18,0 days 00:55:00
40030,TAMBARAM,CHENNAI BEAC,08:06:00,09:01:00,29,18,0 days 00:55:00
40031,CHENNAI BEAC,TAMBARAM,09:14:00,10:09:00,29,18,0 days 00:55:00
40032,TAMBARAM,CHENNAI BEAC,08:15:00,09:10:00,29,18,0 days 00:55:00
40033,CHENNAI BEAC,TAMBARAM,09:20:00,10:15:00,29,18,0 days 00:55:00
40034,TAMBARAM,CHENNAI BEAC,08:24:00,09:19:00,29,18,0 days 00:55:00
40035,CHENNAI BEAC,TAMBARAM,09:26:00,10:21:00,29,18,0 days 00:55:00
40036,TAMBARAM,CHENNAI BEAC,08:30:00,09:25:00,29,18,0 days 00:55:00
40037,CHENNAI BEAC,TAMBARAM,09:32:00,10:27:00,29,18,0 days 00:55:00
40038,TAMBARAM,CHENNAI BEAC,08:38:00,09:33:00,29,18,0 days 00:55:00
40039,CHENNAI BEAC,TAMBARAM,09:44:00,10:39:00,29,18,0 days 00:55:00
40040,TAMBARAM,CHENNAI BEAC,08:47:00,09:42:00,29,18,0 days 00:55:00
40041,CHENNAI BEAC,TAMBARAM,09:56:00,10:51:00,29,18,0 days 00:55:00
40042,ST. THOMAS M,CHENNAI BEAC,09:10:00,09:45:00,17,2,0 days 00:35:00
40043,CHENNAI BEAC,TAMBARAM,10:02:00,10:57:00,29,18,0 days 00:55:00
40044,PALLAVARAM,CHENNAI BEAC,09:03:00,09:47:00,23,2,0 days 00:44:00
40045,CHENNAI BEAC,TAMBARAM,10:08:00,11:03:00,29,18,0 days 00:55:00
40046,TAMBARAM,CHENNAI BEAC,08:56:00,09:51:00,29,18,0 days 00:55:00
40047,CHENNAI BEAC,TAMBARAM,10:20:00,11:15:00,29,18,0 days 00:55:00
40048,TAMBARAM,CHENNAI BEAC,09:05:00,10:00:00,29,18,0 days 00:55:00
40049,CHENNAI BEAC,TAMBARAM,10:26:00,11:21:00,29,18,0 days 00:55:00
40050,TAMBARAM,CHENNAI BEAC,09:15:00,10:10:00,29,18,0 days 00:55:00
40051,CHENNAI BEAC,TAMBARAM,10:32:00,11:27:00,29,18,0 days 00:55:00
40052,TAMBARAM,CHENNAI BEAC,09:40:00,10:35:00,29,2,0 days 00:55:00
40053,CHENNAI BEAC,TAMBARAM,10:38:00,11:33:00,29,18,0 days 00:55:00
40054,TAMBARAM,CHENNAI BEAC,09:50:00,10:45:00,29,18,0 days 00:55:00
40055,CHENNAI BEAC,TAMBARAM,10:44:00,11:39:00,29,18,0 days 00:55:00
40056,TAMBARAM,CHENNAI BEAC,10:02:00,10:57:00,29,18,0 days 00:55:00
40057,CHENNAI BEAC,TAMBARAM,10:50:00,11:45:00,29,18,0 days 00:55:00
40058,TAMBARAM,CHENNAI BEAC,10:10:00,11:05:00,29,18,0 days 00:55:00
40059,CHENNAI BEAC,TAMBARAM,10:56:00,11:51:00,29,18,0 days 00:55:00
40060,TAMBARAM,CHENNAI BEAC,10:20:00,11:15:00,29,18,0 days 00:55:00
40061,CHENNAI BEAC,TAMBARAM,11:10:00,12:05:00,29,18,0 days 00:55:00
40062,TAMBARAM,CHENNAI BEAC,10:28:00,11:23:00,29,18,0 days 00:55:00
40063,CHENNAI BEAC,TAMBARAM,11:20:00,12:15:00,29,18,0 days 00:55:00
40064,TAMBARAM,CHENNAI BEAC,10:45:00,11:40:00,29,18,0 days 00:55:00
40065,CHENNAI BEAC,TAMBARAM,11:30:00,12:25:00,29,18,0 days 00:55:00
40066,TAMBARAM,CHENNAI BEAC,11:10:00,12:05:00,29,18,0 days 00:55:00
40067,CHENNAI BEAC,TAMBARAM,11:37:00,12:32:00,29,18,0 days 00:55:00
40068,TAMBARAM,CHENNAI BEAC,11:20:00,12:15:00,29,18,0 days 00:55:00
40069,CHENNAI BEAC,TAMBARAM,11:45:00,12:40:00,29,18,0 days 00:55:00
40070,TAMBARAM,CHENNAI BEAC,11:30:00,12:25:00,29,18,0 days 00:55:00
40071,CHENNAI BEAC,TAMBARAM,12:10:00,13:05:00,29,18,0 days 00:55:00
40072,TAMBARAM,CHENNAI BEAC,11:58:00,12:53:00,29,18,0 days 00:55:00
40073,CHENNAI BEAC,TAMBARAM,12:20:00,13:15:00,29,18,0 days 00:55:00
40074,TAMBARAM,CHENNAI BEAC,12:12:00,13:07:00,29,2,0 days 00:55:00
40075,CHENNAI BEAC,TAMBARAM,12:43:00,13:38:00,29,18,0 days 00:55:00
40076,TAMBARAM,CHENNAI BEAC,12:47:00,13:42:00,29,2,0 days 00:55:00
40077,CHENNAI BEAC,TAMBARAM,12:56:00,13:51:00,29,18,0 days 00:55:00
40078,TAMBARAM,CHENNAI BEAC,13:17:00,14:12:00,29,2,0 days 00:55:00
40079,CHENNAI BEAC,TAMBARAM,13:22:00,14:17:00,29,18,0 days 00:55:00
40080,TAMBARAM,CHENNAI BEAC,13:32:00,14:27:00,29,2,0 days 00:55:00
40081,CHENNAI BEAC,TAMBARAM,14:01:00,14:56:00,29,18,0 days 00:55:00
40082,TAMBARAM,CHENNAI BEAC,14:02:00,14:57:00,29,2,0 days 00:55:00
40083,CHENNAI BEAC,TAMBARAM,14:23:00,15:18:00,29,18,0 days 00:55:00
40084,TAMBARAM,CHENNAI BEAC,14:15:00,15:10:00,29,2,0 days 00:55:00
40085,CHENNAI BEAC,TAMBARAM,14:32:00,15:27:00,29,18,0 days 00:55:00
40086,TAMBARAM,CHENNAI BEAC,14:25:00,15:20:00,29,2,0 days 00:55:00
40087,CHENNAI BEAC,TAMBARAM,15:02:00,15:57:00,29,18,0 days 00:55:00
40088,TAMBARAM,CHENNAI BEAC,14:45:00,15:40:00,29,2,0 days 00:55:00
40089,CHENNAI BEAC,TAMBARAM,15:15:00,16:10:00,29,18,0 days 00:55:00
40090,TAMBARAM,CHENNAI BEAC,14:55:00,15:50:00,29,2,0 days 00:55:00
40091,CHENNAI BEAC,TAMBARAM,15:45:00,16:40:00,29,18,0 days 00:55:00
40092,TAMBARAM,CHENNAI BEAC,15:05:00,16:00:00,29,2,0 days 00:55:00
40093,CHENNAI BEAC,TAMBARAM,15:55:00,16:50:00,29,18,0 days 00:55:00
40094,TAMBARAM,CHENNAI BEAC,15:23:00,16:18:00,29,2,0 days 00:55:00
40095,CHENNAI BEAC,TAMBARAM,16:05:00,17:00:00,29,18,0 days 00:55:00
40096,TAMBARAM,CHENNAI BEAC,15:32:00,16:27:00,29,2,0 days 00:55:00
40097,CHENNAI BEAC,TAMBARAM,16:23:00,17:18:00,29,18,0 days 00:55:00
40098,TAMBARAM,CHENNAI BEAC,15:38:00,16:33:00,29,2,0 days 00:55:00
40099,CHENNAI BEAC,TAMBARAM,16:40:00,17:35:00,29,18,0 days 00:55:00
40100,TAMBARAM,CHENNAI BEAC,15:50:00,16:45:00,29,2,0 days 00:55:00
40101,CHENNAI BEAC,TAMBARAM,17:00:00,17:55:00,29,18,0 days 00:55:00
40102,TAMBARAM,CHENNAI BEAC,16:08:00,17:03:00,29,2,0 days 00:55:00
40103,CHENNAI BEAC,TAMBARAM,17:10:00,18:05:00,29,18,0 days 00:55:00
40104,TAMBARAM,CHENNAI BEAC,16:18:00,17:13:00,29,2,0 days 00:55:00
40105,CHENNAI BEAC,TAMBARAM,17:30:00,18:25:00,29,18,0 days 00:55:00
40106,TAMBARAM,CHENNAI BEAC,16:36:00,17:31:00,29,2,0 days 00:55:00
40107,CHENNAI BEAC,TAMBARAM,17:45:00,18:40:00,29,18,0 days 00:55:00
40108,TAMBARAM,CHENNAI BEAC,16:43:00,17:38:00,29,2,0 days 00:55:00
40109,CHENNAI BEAC,TAMBARAM,17:53:00,18:48:00,29,18,0 days 00:55:00
40110,TAMBARAM,CHENNAI BEAC,16:50:00,17:45:00,29,2,0 days 00:55:00
40111,CHENNAI BEAC,TAMBARAM,18:00:00,18:55:00,29,18,0 days 00:55:00
40112,TAMBARAM,CHENNAI BEAC,16:57:00,17:52:00,29,2,0 days 00:55:00
40113,CHENNAI BEAC,TAMBARAM,18:20:00,19:15:00,29,18,0 days 00:55:00
40114,TAMBARAM,CHENNAI BEAC,17:04:00,17:59:00,29,2,0 days 00:55:00
40115,CHENNAI BEAC,TAMBARAM,18:27:00,19:22:00,29,18,0 days 00:55:00
40116,TAMBARAM,CHENNAI BEAC,17:11:00,18:06:00,29,2,0 days 00:55:00
40117,CHENNAI BEAC,TAMBARAM,18:48:00,19:43:00,29,18,0 days 00:55:00
40118,TAMBARAM,CHENNAI BEAC,17:18:00,18:13:00,29,2,0 days 00:55:00
40119,CHENNAI BEAC,TAMBARAM,18:55:00,19:50:00,29,18,0 days 00:55:00
40120,TAMBARAM,CHENNAI BEAC,17:32:00,18:27:00,29,2,0 days 00:55:00
40121,CHENNAI BEAC,TAMBARAM,19:02:00,19:57:00,29,18,0 days 00:55:00
40122,TAMBARAM,CHENNAI BEAC,17:39:00,18:34:00,29,2,0 days 00:55:00
40123,CHENNAI BEAC,TAMBARAM,19:16:00,20:11:00,29,18,0 days 00:55:00
40124,TAMBARAM,CHENNAI BEAC,17:53:00,18:48:00,29,2,0 days 00:55:00
40125,CHENNAI BEAC,TAMBARAM,19:24:00,20:19:00,29,18,0 days 00:55:00
40126,TAMBARAM,CHENNAI BEAC,18:00:00,18:55:00,29,2,0 days 00:55:00
40127,CHENNAI BEAC,TAMBARAM,19:40:00,20:35:00,29,18,0 days 00:55:00
40128,TAMBARAM,CHENNAI BEAC,18:08:00,19:03:00,29,2,0 days 00:55:00
40129,CHENNAI BEAC,TAMBARAM,19:48:00,20:43:00,29,18,0 days 00:55:00
40130,TAMBARAM,CHENNAI BEAC,18:25:00,19:20:00,29,2,0 days 00:55:00
40131,CHENNAI BEAC,TAMBARAM,20:04:00,20:59:00,29,18,0 days 00:55:00
40132,TAMBARAM,CHENNAI BEAC,18:35:00,19:30:00,29,2,0 days 00:55:00
40133,CHENNAI BEAC,TAMBARAM,20:12:00,21:07:00,29,18,0 days 00:55:00
40134,TAMBARAM,CHENNAI BEAC,18:45:00,19:40:00,29,2,0 days 00:55:00
40135,CHENNAI BEAC,TAMBARAM,20:28:00,21:23:00,29,18,0 days 00:55:00
40136,TAMBARAM,CHENNAI BEAC,19:03:00,19:58:00,29,2,0 days 00:55:00
40137,CHENNAI BEAC,TAMBARAM,20:36:00,21:31:00,29,18,0 days 00:55:00
40138,TAMBARAM,CHENNAI BEAC,19:11:00,20:06:00,29,6,0 days 00:55:00
40139,CHENNAI BEAC,TAMBARAM,20:44:00,21:39:00,29,18,0 days 00:55:00
40140,TAMBARAM,CHENNAI BEAC,19:27:00,20:22:00,29,6,0 days 00:55:00
40141,CHENNAI BEAC,TAMBARAM,21:00:00,21:55:00,29,18,0 days 00:55:00
40142,TAMBARAM,CHENNAI BEAC,19:43:00,20:38:00,29,6,0 days 00:55:00
40143,CHENNAI BEAC,TAMBARAM,21:10:00,22:05:00,29,18,0 days 00:55:00
40144,TAMBARAM,CHENNAI BEAC,20:00:00,20:55:00,29,2,0 days 00:55:00
40145,CHENNAI BEAC,TAMBARAM,21:30:00,22:25:00,29,18,0 days 00:55:00
40146,TAMBARAM,CHENNAI BEAC,20:20:00,21:15:00,29,2,0 days 00:55:00
40147,CHENNAI BEAC,TAMBARAM,22:05:00,23:00:00,29,18,0 days 00:55:00
40148,TAMBARAM,CHENNAI BEAC,20:30:00,21:25:00,29,2,0 days 00:55:00
40150,TAMBARAM,CHENNAI BEAC,21:20:00,22:15:00,29,2,0 days 00:55:00
40151,CHENNAI BEAC,TAMBARAM,22:25:00,23:20:00,29,18,0 days 00:55:00
40152,TAMBARAM,CHENNAI BEAC,21:35:00,22:30:00,29,6,0 days 00:55:00
40153,CHENNAI BEAC,TAMBARAM,23:05:00,00:00:00,29,18,0 days 00:55:00
40154,TAMBARAM,CHENNAI BEAC,22:25:00,23:20:00,29,2,0 days 00:55:00
40155,CHENNAI BEAC,TAMBARAM,23:30:00,00:25:00,29,18,0 days 00:55:00
40156,TAMBARAM,CHENNAI BEAC,22:45:00,23:40:00,29,2,0 days 00:55:00
40157,CHENNAI BEAC,TAMBARAM,23:59:00,00:54:00,29,18,0 days 00:55:00
40158,TAMBARAM,CHENNAI BEAC,23:30:00,00:25:00,29,2,0 days 00:55:00
40301,CHENNAI BEAC,TAMBARAM,04:15:00,05:10:00,29,18,0 days 00:55:00
40302,TAMBARAM,CHENNAI BEAC,04:00:00,04:55:00,29,2,0 days 00:55:00
40303,CHENNAI BEAC,TAMBARAM,05:40:00,06:35:00,29,18,0 days 00:55:00
40304,TAMBARAM,CHENNAI BEAC,04:20:00,05:15:00,29,2,0 days 00:55:00
40305,CHENNAI BEAC,TAMBARAM,06:15:00,07:10:00,29,18,0 days 00:55:00
40306,TAMBARAM,CHENNAI BEAC,04:35:00,05:30:00,29,2,0 days 00:55:00
40307,CHENNAI BEAC,TAMBARAM,06:55:00,07:50:00,29,18,0 days 00:55:00
40308,TAMBARAM,CHENNAI BEAC,05:15:00,06:10:00,29,2,0 days 00:55:00
40309,CHENNAI BEAC,TAMBARAM,07:15:00,08:10:00,29,18,0 days 00:55:00
40310,TAMBARAM,CHENNAI BEAC,06:00:00,06:55:00,29,2,0 days 00:55:00
40311,CHENNAI BEAC,TAMBARAM,07:25:00,08:20:00,29,18,0 days 00:55:00
40312,TAMBARAM,CHENNAI BEAC,06:30:00,07:25:00,29,6,0 days 00:55:00
40313,CHENNAI BEAC,TAMBARAM,07:50:00,08:45:00,29,18,0 days 00:55:00
40314,TAMBARAM,CHENNAI BEAC,07:00:00,07:55:00,29,2,0 days 00:55:00
40315,CHENNAI BEAC,TAMBARAM,08:00:00,08:55:00,29,18,0 days 00:55:00
40316,TAMBARAM,CHENNAI BEAC,07:30:00,08:25:00,29,2,0 days 00:55:00
40317,CHENNAI BEAC,TAMBARAM,08:15:00,09:10:00,29,18,0 days 00:55:00
40318,TAMBARAM,CHENNAI BEAC,08:10:00,09:05:00,29,2,0 days 00:55:00
40319,CHENNAI BEAC,TAMBARAM,08:38:00,09:33:00,29,18,0 days 00:55:00
40320,TAMBARAM,CHENNAI BEAC,08:50:00,09:45:00,29,2,0 days 00:55:00
40321,CHENNAI BEAC,TAMBARAM,08:50:00,09:45:00,29,18,0 days 00:55:00
40322,TAMBARAM,CHENNAI BEAC,09:20:00,10:15:00,29,2,0 days 00:55:00
40323,CHENNAI BEAC,TAMBARAM,09:12:00,10:07:00,29,18,0 days 00:55:00
40324,TAMBARAM,CHENNAI BEAC,09:35:00,10:30:00,29,6,0 days 00:55:00
40325,CHENNAI BEAC,TAMBARAM,09:25:00,10:20:00,29,18,0 days 00:55:00
40326,TAMBARAM,CHENNAI BEAC,09:50:00,10:45:00,29,2,0 days 00:55:00
40327,CHENNAI BEAC,TAMBARAM,09:42:00,10:37:00,29,18,0 days 00:55:00
40328,TAMBARAM,CHENNAI BEAC,10:00:00,10:55:00,29,2,0 days 00:55:00
40329,CHENNAI BEAC,TAMBARAM,10:00:00,10:55:00,29,18,0 days 00:55:00
40330,TAMBARAM,CHENNAI BEAC,10:10:00,11:05:00,29,2,0 days 00:55:00
40331,CHENNAI BEAC,TAMBARAM,10:20:00,11:15:00,29,18,0 days 00:55:00
40332,TAMBARAM,CHENNAI BEAC,10:20:00,11:15:00,29,2,0 days 00:55:00
40333,CHENNAI BEAC,TAMBARAM,10:30:00,11:25:00,29,18,0 days 00:55:00
40334,TAMBARAM,CHENNAI BEAC,10:40:00,11:35:00,29,2,0 days 00:55:00
40335,CHENNAI BEAC,TAMBARAM,10:40:00,11:35:00,29,18,0 days 00:55:00
40336,TAMBARAM,CHENNAI BEAC,10:50:00,11:45:00,29,2,0 days 00:55:00
40337,CHENNAI BEAC,TAMBARAM,10:45:00,11:40:00,29,18,0 days 00:55:00
40338,TAMBARAM,CHENNAI BEAC,11:00:00,11:55:00,29,2,0 days 00:55:00
40339,CHENNAI BEAC,TAMBARAM,10:50:00,11:45:00,29,18,0 days 00:55:00
40340,TAMBARAM,CHENNAI BEAC,11:10:00,12:05:00,29,2,0 days 00:55:00
40341,CHENNAI BEAC,TAMBARAM,11:10:00,12:05:00,29,18,0 days 00:55:00
40342,TAMBARAM,CHENNAI BEAC,11:20:00,12:15:00,29,2,0 days 00:55:00
40343,CHENNAI BEAC,TAMBARAM,11:20:00,12:15:00,29,18,0 days 00:55:00
40344,TAMBARAM,CHENNAI BEAC,11:30:00,12:25:00,29,6,0 days 00:55:00
40345,CHENNAI BEAC,TAMBARAM,11:30:00,12:25:00,29,18,0 days 00:55:00
40346,TAMBARAM,CHENNAI BEAC,11:50:00,12:45:00,29,2,0 days 00:55:00
40347,CHENNAI BEAC,TAMBARAM,11:40:00,12:35:00,29,18,0 days 00:55:00
40348,TAMBARAM,CHENNAI BEAC,12:00:00,12:55:00,29,2,0 days 00:55:00
40349,CHENNAI BEAC,TAMBARAM,11:50:00,12:45:00,29,18,0 days 00:55:00
40350,TAMBARAM,CHENNAI BEAC,12:10:00,13:05:00,29,2,0 days 00:55:00
40351,CHENNAI BEAC,TAMBARAM,12:10:00,13:05:00,29,18,0 days 00:55:00
40352,TAMBARAM,CHENNAI BEAC,12:30:00,13:25:00,29,2,0 days 00:55:00
40353,CHENNAI BEAC,TAMBARAM,12:20:00,13:15:00,29,18,0 days 00:55:00
40354,TAMBARAM,CHENNAI BEAC,12:50:00,13:45:00,29,2,0 days 00:55:00
40355,CHENNAI BEAC,TAMBARAM,12:40:00,13:35:00,29,18,0 days 00:55:00
40356,TAMBARAM,CHENNAI BEAC,13:15:00,14:10:00,29,2,0 days 00:55:00
40357,CHENNAI BEAC,TAMBARAM,12:50:00,13:45:00,29,18,0 days 00:55:00
40358,TAMBARAM,CHENNAI BEAC,13:30:00,14:25:00,29,2,0 days 00:55:00
40359,CHENNAI BEAC,TAMBARAM,13:00:00,13:55:00,29,18,0 days 00:55:00
40360,TAMBARAM,CHENNAI BEAC,14:00:00,14:55:00,29,2,0 days 00:55:00
40361,CHENNAI BEAC,TAMBARAM,14:00:00,14:55:00,29,18,0 days 00:55:00
40362,TAMBARAM,CHENNAI BEAC,14:15:00,15:10:00,29,2,0 days 00:55:00
40363,CHENNAI BEAC,TAMBARAM,14:30:00,15:25:00,29,18,0 days 00:55:00
40364,TAMBARAM,CHENNAI BEAC,14:30:00,15:25:00,29,2,0 days 00:55:00
40365,CHENNAI BEAC,TAMBARAM,15:00:00,15:55:00,29,18,0 days 00:55:00
40366,TAMBARAM,CHENNAI BEAC,15:00:00,15:55:00,29,2,0 days 00:55:00
40367,CHENNAI BEAC,TAMBARAM,15:15:00,16:10:00,29,18,0 days 00:55:00
40368,TAMBARAM,CHENNAI BEAC,15:20:00,16:15:00,29,2,0 days 00:55:00
40369,CHENNAI BEAC,TAMBARAM,15:30:00,16:25:00,29,18,0 days 00:55:00
40370,TAMBARAM,CHENNAI BEAC,15:30:00,16:25:00,29,2,0 days 00:55:00
40371,CHENNAI BEAC,TAMBARAM,15:50:00,16:45:00,29,18,0 days 00:55:00
40372,TAMBARAM,CHENNAI BEAC,15:50:00,16:45:00,29,6,0 days 00:55:00
40373,CHENNAI BEAC,TAMBARAM,16:00:00,16:55:00,29,18,0 days 00:55:00
40374,TAMBARAM,CHENNAI BEAC,16:10:00,17:05:00,29,2,0 days 00:55:00
40375,CHENNAI BEAC,TAMBARAM,16:20:00,17:15:00,29,18,0 days 00:55:00
40376,TAMBARAM,CHENNAI BEAC,16:20:00,17:15:00,29,2,0 days 00:55:00
40377,CHENNAI BEAC,TAMBARAM,16:30:00,17:25:00,29,18,0 days 00:55:00
40378,TAMBARAM,CHENNAI BEAC,16:40:00,17:35:00,29,2,0 days 00:55:00
40379,CHENNAI BEAC,TAMBARAM,16:40:00,17:35:00,29,18,0 days 00:55:00
40380,TAMBARAM,CHENNAI BEAC,16:50:00,17:45:00,29,2,0 days 00:55:00
40381,CHENNAI BEAC,TAMBARAM,17:00:00,17:55:00,29,18,0 days 00:55:00
40382,TAMBARAM,CHENNAI BEAC,17:00:00,17:55:00,29,2,0 days 00:55:00
40383,CHENNAI BEAC,TAMBARAM,17:10:00,18:05:00,29,18,0 days 00:55:00
40384,TAMBARAM,CHENNAI BEAC,17:10:00,18:05:00,29,2,0 days 00:55:00
40385,CHENNAI BEAC,TAMBARAM,17:30:00,18:25:00,29,18,0 days 00:55:00
40386,TAMBARAM,CHENNAI BEAC,17:20:00,18:15:00,29,2,0 days 00:55:00
40387,CHENNAI BEAC,TAMBARAM,17:50:00,18:45:00,29,18,0 days 00:55:00
40388,TAMBARAM,CHENNAI BEAC,17:40:00,18:35:00,29,2,0 days 00:55:00
40389,CHENNAI BEAC,TAMBARAM,18:20:00,19:15:00,29,18,0 days 00:55:00
40390,TAMBARAM,CHENNAI BEAC,18:00:00,18:55:00,29,2,0 days 00:55:00
40391,CHENNAI BEAC,TAMBARAM,18:40:00,19:35:00,29,18,0 days 00:55:00
40392,TAMBARAM,CHENNAI BEAC,18:20:00,19:15:00,29,2,0 days 00:55:00
40393,CHENNAI BEAC,TAMBARAM,19:00:00,19:55:00,29,18,0 days 00:55:00
40394,TAMBARAM,CHENNAI BEAC,18:30:00,19:25:00,29,2,0 days 00:55:00
40395,CHENNAI BEAC,TAMBARAM,19:20:00,20:15:00,29,18,0 days 00:55:00
40396,TAMBARAM,CHENNAI BEAC,18:40:00,19:35:00,29,2,0 days 00:55:00
40397,CHENNAI BEAC,TAMBARAM,19:30:00,20:25:00,29,18,0 days 00:55:00
40398,TAMBARAM,CHENNAI BEAC,18:50:00,19:45:00,29,2,0 days 00:55:00
40399,CHENNAI BEAC,TAMBARAM,19:50:00,20:45:00,29,18,0 days 00:55:00
40400,TAMBARAM,CHENNAI BEAC,19:07:00,20:02:00,29,2,0 days 00:55:00
40401,CHENNAI BEAC,TAMBARAM,20:00:00,20:55:00,29,18,0 days 00:55:00
40402,TAMBARAM,CHENNAI BEAC,19:20:00,20:15:00,29,2,0 days 00:55:00
40403,CHENNAI BEAC,TAMBARAM,20:15:00,21:10:00,29,18,0 days 00:55:00
40404,TAMBARAM,CHENNAI BEAC,19:40:00,20:35:00,29,2,0 days 00:55:00
40405,CHENNAI BEAC,TAMBARAM,20:30:00,21:25:00,29,18,0 days 00:55:00
40406,TAMBARAM,CHENNAI BEAC,19:50:00,20:45:00,29,2,0 days 00:55:00
40407,CHENNAI BEAC,TAMBARAM,20:40:00,21:35:00,29,18,0 days 00:55:00
40408,TAMBARAM,CHENNAI BEAC,20:00:00,20:55:00,29,2,0 days 00:55:00
40409,CHENNAI BEAC,TAMBARAM,21:00:00,21:55:00,29,18,0 days 00:55:00
40410,TAMBARAM,CHENNAI BEAC,20:20:00,21:15:00,29,2,0 days 00:55:00
40411,CHENNAI BEAC,TAMBARAM,21:15:00,22:10:00,29,18,0 days 00:55:00
40412,TAMBARAM,CHENNAI BEAC,20:30:00,21:25:00,29,2,0 days 00:55:00
40413,CHENNAI BEAC,TAMBARAM,22:00:00,22:55:00,29,18,0 days 00:55:00
40414,TAMBARAM,CHENNAI BEAC,20:50:00,21:45:00,29,2,0 days 00:55:00
40415,CHENNAI BEAC,TAMBARAM,22:15:00,23:10:00,29,18,0 days 00:55:00
40416,TAMBARAM,CHENNAI BEAC,21:00:00,21:55:00,29,2,0 days 00:55:00
40417,CHENNAI BEAC,TAMBARAM,22:30:00,23:25:00,29,18,0 days 00:55:00
40418,TAMBARAM,CHENNAI BEAC,21:30:00,22:25:00,29,6,0 days 00:55:00
40419,CHENNAI BEAC,TAMBARAM,23:20:00,00:15:00,29,18,0 days 00:55:00
40420,TAMBARAM,CHENNAI BEAC,22:30:00,23:25:00,29,2,0 days 00:55:00
40421,CHENNAI BEAC,TAMBARAM,23:59:00,00:54:00,29,18,0 days 00:55:00
40422,TAMBARAM,CHENNAI BEAC,23:30:00,00:25:00,29,2,0 days 00:55:00
40501,CHENNAI BEAC,CHENGALPATTU,03:55:00,05:35:00,59,2,0 days 01:40:00
40502,CHENGALPATTU,CHENNAI BEAC,03:55:00,05:50:00,59,2,0 days 01:55:00
40503,CHENNAI BEAC,CHENGALPATTU,04:40:00,06:25:00,59,2,0 days 01:45:00
40504,CHENGALPATTU,CHENNAI BEAC,04:35:00,06:25:00,59,6,0 days 01:50:00
40505,CHENNAI BEAC,CHENGALPATTU,05:00:00,06:45:00,59,2,0 days 01:45:00
40506,CHENGALPATTU,CHENNAI BEAC,04:55:00,06:40:00,59,3,0 days 01:45:00
40507,CHENNAI BEAC,CHENGALPATTU,05:20:00,07:05:00,59,2,0 days 01:45:00
40508,CHENGALPATTU,CHENNAI BEAC,05:10:00,07:05:00,59,3,0 days 01:55:00
40509,CHENNAI BEAC,CHENGALPATTU,05:55:00,07:35:00,59,3,0 days 01:40:00
40510,CHENGALPATTU,CHENNAI BEAC,05:50:00,07:40:00,59,2,0 days 01:50:00
40511,CHENNAI BEAC,CHENGALPATTU,06:10:00,07:50:00,59,2,0 days 01:40:00
40512,CHENGALPATTU,CHENNAI BEAC,06:40:00,08:27:00,59,3,0 days 01:47:00
40513,CHENNAI BEAC,CHENGALPATTU,06:30:00,08:15:00,59,2,0 days 01:45:00
40514,CHENGALPATTU,CHENNAI BEAC,07:00:00,08:32:00,59,3,0 days 01:32:00
40515,CHENNAI BEAC,CHENGALPATTU,06:45:00,08:25:00,59,2,0 days 01:40:00
40516,CHENGALPATTU,CHENNAI BEAC,07:25:00,08:57:00,59,2,0 days 01:32:00
40517,CHENNAI BEAC,CHENGALPATTU,06:55:00,08:35:00,59,2,0 days 01:40:00
40518,CHENGALPATTU,CHENNAI BEAC,07:50:00,09:20:00,59,3,0 days 01:30:00
40519,CHENNAI BEAC,CHENGALPATTU,07:38:00,09:20:00,59,3,0 days 01:42:00
40520,CHENGALPATTU,CHENNAI BEAC,08:05:00,09:47:00,59,2,0 days 01:42:00
40522,CHENGALPATTU,CHENNAI BEAC,08:25:00,09:55:00,59,2,0 days 01:30:00
40523,CHENNAI BEAC,CHENGALPATTU,08:56:00,10:40:00,59,2,0 days 01:44:00
40524,CHENGALPATTU,CHENNAI BEAC,08:40:00,10:20:00,59,3,0 days 01:40:00
40525,CHENNAI BEAC,CHENGALPATTU,09:38:00,11:25:00,59,3,0 days 01:47:00
40526,CHENGALPATTU,CHENNAI BEAC,08:50:00,10:20:00,59,3,0 days 01:30:00
40527,CHENNAI BEAC,CHENGALPATTU,10:14:00,12:00:00,59,2,0 days 01:46:00
40528,CHENGALPATTU,CHENNAI BEAC,09:40:00,11:30:00,59,2,0 days 01:50:00
40529,CHENNAI BEAC,CHENGALPATTU,11:02:00,12:45:00,59,3,0 days 01:43:00
40531,CHENNAI BEAC,CHENGALPATTU,11:55:00,13:35:00,59,3,0 days 01:40:00
40532,CHENGALPATTU,CHENNAI BEAC,10:50:00,12:38:00,59,11,0 days 01:48:00
40533,CHENNAI BEAC,CHENGALPATTU,12:30:00,14:10:00,59,3,0 days 01:40:00
40534,CHENGALPATTU,CHENNAI BEAC,11:50:00,13:30:00,59,7,0 days 01:40:00
40535,CHENNAI BEAC,CHENGALPATTU,13:09:00,15:00:00,59,2,0 days 01:51:00
40536,CHENGALPATTU,CHENNAI BEAC,12:15:00,13:55:00,59,2,0 days 01:40:00
40538,CHENGALPATTU,CHENNAI BEAC,13:00:00,14:42:00,59,2,0 days 01:42:00
40539,CHENNAI BEAC,CHENGALPATTU,13:47:00,15:30:00,59,3,0 days 01:43:00
40540,CHENGALPATTU,CHENNAI BEAC,13:50:00,15:30:00,59,2,0 days 01:40:00
40541,CHENNAI BEAC,CHENGALPATTU,14:13:00,16:00:00,59,2,0 days 01:47:00
40542,CHENGALPATTU,CHENNAI BEAC,14:25:00,16:10:00,59,2,0 days 01:45:00
40543,CHENNAI BEAC,CHENGALPATTU,14:47:00,16:30:00,59,3,0 days 01:43:00
40544,CHENGALPATTU,CHENNAI BEAC,15:15:00,16:55:00,59,2,0 days 01:40:00
40545,CHENNAI BEAC,CHENGALPATTU,15:35:00,17:20:00,59,3,0 days 01:45:00
40547,CHENNAI BEAC,CHENGALPATTU,16:15:00,17:55:00,59,3,0 days 01:40:00
40548,CHENGALPATTU,CHENNAI BEAC,15:40:00,17:22:00,59,2,0 days 01:42:00
40549,CHENNAI BEAC,CHENGALPATTU,16:32:00,18:25:00,59,3,0 days 01:53:00
40550,CHENGALPATTU,CHENNAI BEAC,16:35:00,18:20:00,59,3,0 days 01:45:00
40551,CHENNAI BEAC,CHENGALPATTU,16:50:00,18:45:00,59,11,0 days 01:55:00
40552,CHENGALPATTU,CHENNAI BEAC,17:00:00,18:41:00,59,2,0 days 01:41:00
40553,CHENNAI BEAC,CHENGALPATTU,17:20:00,19:10:00,59,7,0 days 01:50:00
40554,CHENGALPATTU,CHENNAI BEAC,17:30:00,19:10:00,59,2,0 days 01:40:00
40555,CHENNAI BEAC,CHENGALPATTU,17:38:00,19:25:00,59,3,0 days 01:47:00
40556,CHENGALPATTU,CHENNAI BEAC,18:05:00,19:50:00,59,3,0 days 01:45:00
40557,CHENNAI BEAC,CHENGALPATTU,18:07:00,19:50:00,59,2,0 days 01:43:00
40558,CHENGALPATTU,CHENNAI BEAC,18:40:00,20:30:00,59,9,0 days 01:50:00
40559,CHENNAI BEAC,CHENGALPATTU,18:33:00,20:10:00,59,3,0 days 01:37:00
40560,CHENGALPATTU,CHENNAI BEAC,19:00:00,20:46:00,59,11,0 days 01:46:00
40561,CHENNAI BEAC,CHENGALPATTU,18:40:00,20:30:00,59,3,0 days 01:50:00
40562,CHENGALPATTU,CHENNAI BEAC,19:25:00,21:05:00,59,3,0 days 01:40:00
40563,CHENNAI BEAC,CHENGALPATTU,19:32:00,21:30:00,59,2,0 days 01:58:00
40564,CHENGALPATTU,CHENNAI BEAC,19:45:00,21:37:00,59,2,0 days 01:52:00
40565,CHENNAI BEAC,CHENGALPATTU,19:56:00,21:40:00,59,3,0 days 01:44:00
40566,CHENGALPATTU,CHENNAI BEAC,20:10:00,21:50:00,59,2,0 days 01:40:00
40567,CHENNAI BEAC,CHENGALPATTU,20:52:00,22:40:00,59,3,0 days 01:48:00
40568,CHENGALPATTU,CHENNAI BEAC,20:50:00,22:45:00,59,10,0 days 01:55:00
40569,CHENNAI BEAC,CHENGALPATTU,21:20:00,23:00:00,59,7,0 days 01:40:00
40570,CHENGALPATTU,CHENNAI BEAC,21:10:00,23:00:00,59,3,0 days 01:50:00
40571,CHENNAI BEAC,CHENGALPATTU,21:45:00,23:25:00,59,3,0 days 01:40:00
40572,CHENGALPATTU,CHENNAI BEAC,22:15:00,00:00:00,59,2,0 days 01:45:00
40573,CHENNAI BEAC,CHENGALPATTU,22:45:00,00:45:00,59,3,0 days 02:00:00
40574,CHENGALPATTU,CHENNAI BEAC,23:10:00,00:50:00,59,3,0 days 01:40:00
40601,CHENNAI BEAC,CHENGALPATTU,03:55:00,05:35:00,59,11,0 days 01:40:00
40602,CHENGALPATTU,CHENNAI BEAC,03:55:00,05:50:00,59,3,0 days 01:55:00
40603,CHENNAI BEAC,CHENGALPATTU,04:40:00,06:25:00,59,11,0 days 01:45:00
40604,CHENGALPATTU,CHENNAI BEAC,04:35:00,06:25:00,59,11,0 days 01:50:00
40605,CHENNAI BEAC,CHENGALPATTU,05:00:00,06:45:00,59,11,0 days 01:45:00
40606,CHENGALPATTU,CHENNAI BEAC,04:55:00,06:40:00,59,11,0 days 01:45:00
40607,CHENNAI BEAC,CHENGALPATTU,05:20:00,07:05:00,59,2,0 days 01:45:00
40608,CHENGALPATTU,CHENNAI BEAC,05:10:00,07:05:00,59,3,0 days 01:55:00
40609,CHENNAI BEAC,CHENGALPATTU,05:55:00,07:35:00,59,3,0 days 01:40:00
40610,CHENGALPATTU,CHENNAI BEAC,05:50:00,07:40:00,59,11,0 days 01:50:00
40612,CHENGALPATTU,CHENNAI BEAC,06:40:00,08:40:00,59,9,0 days 02:00:00
40613,CHENNAI BEAC,CHENGALPATTU,06:30:00,08:15:00,59,2,0 days 01:45:00
40614,CHENGALPATTU,CHENNAI BEAC,07:00:00,08:55:00,59,2,0 days 01:55:00
40615,CHENNAI BEAC,CHENGALPATTU,06:45:00,08:25:00,59,11,0 days 01:40:00
40616,CHENGALPATTU,CHENNAI BEAC,07:25:00,09:20:00,59,2,0 days 01:55:00
40617,CHENNAI BEAC,CHENGALPATTU,07:38:00,09:30:00,59,2,0 days 01:52:00
40618,CHENGALPATTU,CHENNAI BEAC,07:50:00,09:30:00,59,11,0 days 01:40:00
40619,CHENNAI BEAC,CHENGALPATTU,09:00:00,10:40:00,59,2,0 days 01:40:00
40621,CHENNAI BEAC,CHENGALPATTU,09:35:00,11:25:00,59,2,0 days 01:50:00
40622,CHENGALPATTU,CHENNAI BEAC,08:25:00,10:05:00,59,2,0 days 01:40:00
40623,CHENNAI BEAC,CHENGALPATTU,10:15:00,12:00:00,59,2,0 days 01:45:00
40624,CHENGALPATTU,CHENNAI BEAC,08:45:00,10:25:00,59,2,0 days 01:40:00
40625,CHENNAI BEAC,CHENGALPATTU,11:00:00,12:45:00,59,3,0 days 01:45:00
40626,CHENGALPATTU,CHENNAI BEAC,09:40:00,11:25:00,59,2,0 days 01:45:00
40627,CHENNAI BEAC,CHENGALPATTU,12:00:00,13:40:00,59,2,0 days 01:40:00
40628,CHENGALPATTU,CHENNAI BEAC,10:50:00,12:35:00,59,11,0 days 01:45:00
40629,CHENNAI BEAC,CHENGALPATTU,12:30:00,14:10:00,59,2,0 days 01:40:00
40630,CHENGALPATTU,CHENNAI BEAC,11:50:00,13:35:00,59,11,0 days 01:45:00
40631,CHENNAI BEAC,CHENGALPATTU,13:15:00,15:00:00,59,11,0 days 01:45:00
40632,CHENGALPATTU,CHENNAI BEAC,12:15:00,13:55:00,59,2,0 days 01:40:00
40633,CHENNAI BEAC,CHENGALPATTU,13:45:00,15:30:00,59,2,0 days 01:45:00
40634,CHENGALPATTU,CHENNAI BEAC,13:00:00,14:40:00,59,2,0 days 01:40:00
40635,CHENNAI BEAC,CHENGALPATTU,14:15:00,16:00:00,59,2,0 days 01:45:00
40636,CHENGALPATTU,CHENNAI BEAC,13:50:00,15:40:00,59,4,0 days 01:50:00
40637,CHENNAI BEAC,CHENGALPATTU,14:45:00,16:30:00,59,10,0 days 01:45:00
40638,CHENGALPATTU,CHENNAI BEAC,14:25:00,16:05:00,59,2,0 days 01:40:00
40639,CHENNAI BEAC,CHENGALPATTU,15:40:00,17:20:00,59,2,0 days 01:40:00
40640,CHENGALPATTU,CHENNAI BEAC,15:15:00,16:55:00,59,11,0 days 01:40:00
40641,CHENNAI BEAC,CHENGALPATTU,16:10:00,17:55:00,59,2,0 days 01:45:00
40642,CHENGALPATTU,CHENNAI BEAC,15:40:00,17:25:00,59,2,0 days 01:45:00
40643,CHENNAI BEAC,CHENGALPATTU,16:50:00,18:45:00,59,11,0 days 01:55:00
40644,CHENGALPATTU,CHENNAI BEAC,16:35:00,18:25:00,59,3,0 days 01:50:00
40645,CHENNAI BEAC,CHENGALPATTU,17:20:00,19:10:00,59,11,0 days 01:50:00
40646,CHENGALPATTU,CHENNAI BEAC,17:00:00,18:45:00,59,2,0 days 01:45:00
40647,CHENNAI BEAC,CHENGALPATTU,17:40:00,19:25:00,59,11,0 days 01:45:00
40648,CHENGALPATTU,CHENNAI BEAC,17:30:00,19:05:00,59,2,0 days 01:35:00
40649,CHENNAI BEAC,CHENGALPATTU,18:10:00,20:00:00,59,3,0 days 01:50:00
40650,CHENGALPATTU,CHENNAI BEAC,18:05:00,19:55:00,59,3,0 days 01:50:00
40651,CHENNAI BEAC,CHENGALPATTU,18:30:00,20:15:00,59,2,0 days 01:45:00
40652,CHENGALPATTU,CHENNAI BEAC,18:40:00,20:25:00,59,2,0 days 01:45:00
40653,CHENNAI BEAC,CHENGALPATTU,18:50:00,20:30:00,59,2,0 days 01:40:00
40654,CHENGALPATTU,CHENNAI BEAC,19:25:00,21:05:00,59,2,0 days 01:40:00
40655,CHENNAI BEAC,CHENGALPATTU,19:40:00,21:30:00,59,11,0 days 01:50:00
40656,CHENGALPATTU,CHENNAI BEAC,19:45:00,21:35:00,59,3,0 days 01:50:00
40657,CHENNAI BEAC,CHENGALPATTU,20:10:00,21:50:00,59,2,0 days 01:40:00
40658,CHENGALPATTU,CHENNAI BEAC,20:25:00,22:10:00,59,2,0 days 01:45:00
40659,CHENNAI BEAC,CHENGALPATTU,20:52:00,22:40:00,59,2,0 days 01:48:00
40660,CHENGALPATTU,CHENNAI BEAC,20:50:00,22:45:00,59,11,0 days 01:55:00
40661,CHENNAI BEAC,CHENGALPATTU,21:30:00,23:15:00,59,2,0 days 01:45:00
40662,CHENGALPATTU,CHENNAI BEAC,21:15:00,23:00:00,59,3,0 days 01:45:00
40663,CHENNAI BEAC,CHENGALPATTU,21:45:00,23:25:00,59,2,0 days 01:40:00
40664,CHENGALPATTU,CHENNAI BEAC,22:15:00,23:55:00,59,2,0 days 01:40:00
40665,CHENNAI BEAC,CHENGALPATTU,22:50:00,00:45:00,59,11,0 days 01:55:00
40666,CHENGALPATTU,CHENNAI BEAC,23:10:00,00:50:00,59,2,0 days 01:40:00
40701,CHENNAI BEAC,TIRUMALPUR,07:05:00,10:05:00,108,3,0 days 03:00:00
40702,TIRUMALPUR,CHENNAI BEAC,05:15:00,08:12:00,108,4,0 days 02:57:00
40704,TIRUMALPUR,CHENNAI BEAC,07:05:00,09:30:00,108,4,0 days 02:25:00
40705,CHENNAI BEAC,TIRUMALPUR,13:35:00,16:35:00,108,15,0 days 03:00:00
40706,TIRUMALPUR,CHENNAI BEAC,08:00:00,10:28:00,108,10,0 days 02:28:00
40707,CHENNAI BEAC,TIRUMALPUR,18:13:00,20:40:00,108,8,0 days 02:27:00
40708,TIRUMALPUR,CHENNAI BEAC,10:25:00,13:17:00,108,8,0 days 02:52:00
40709,CHENNAI BEAC,TIRUMALPUR,19:09:00,22:15:00,108,5,0 days 03:06:00
40711,CHENNAI BEAC,TIRUMALPUR,20:20:00,23:05:00,108,7,0 days 02:45:00
40712,TIRUMALPUR,CHENNAI BEAC,17:10:00,20:14:00,108,12,0 days 03:04:00
40751,CHENNAI BEAC,TIRUMALPUR,07:05:00,10:05:00,108,4,0 days 03:00:00
40752,TIRUMALPUR,CHENNAI BEAC,05:15:00,08:10:00,108,6,0 days 02:55:00
40754,TIRUMALPUR,CHENNAI BEAC,07:05:00,09:55:00,108,5,0 days 02:50:00
40755,CHENNAI BEAC,TIRUMALPUR,13:30:00,16:35:00,108,15,0 days 03:05:00
40756,TIRUMALPUR,CHENNAI BEAC,08:00:00,10:35:00,108,8,0 days 02:35:00
40757,CHENNAI BEAC,TIRUMALPUR,18:00:00,20:40:00,108,14,0 days 02:40:00
40758,TIRUMALPUR,CHENNAI BEAC,10:25:00,13:15:00,108,4,0 days 02:50:00
40759,CHENNAI BEAC,TIRUMALPUR,19:10:00,22:15:00,108,3,0 days 03:05:00
40761,CHENNAI BEAC,TIRUMALPUR,20:20:00,23:05:00,108,2,0 days 02:45:00
40762,TIRUMALPUR,CHENNAI BEAC,17:10:00,20:08:00,108,4,0 days 02:58:00
40801,CHENNAI BEAC,KANCHIPURAM,05:40:00,08:15:00,95,3,0 days 02:35:00
40802,KANCHIPURAM,CHENNAI BEAC,09:10:00,11:51:00,95,6,0 days 02:41:00
40803,CHENNAI BEAC,KANCHIPURAM,15:25:00,18:00:00,95,6,0 days 02:35:00
40804,KANCHIPURAM,CHENNAI BEAC,19:20:00,22:05:00,95,14,0 days 02:45:00
40901,CHENGALPATTU,TIRUMALPUR,05:15:00,06:45:00,48,10,0 days 01:30:00
40902,TIRUMALPUR,CHENGALPATTU,21:00:00,22:00:00,48,10,0 days 01:00:00
41001,CHENNAI BEAC,VELACHEERY,03:55:00,04:40:00,14,3,0 days 00:45:00
41003,CHENNAI BEAC,VELACHEERY,04:40:00,05:25:00,14,3,0 days 00:45:00
41006,VELACHEERY,CHENNAI BEAC,05:45:00,06:30:00,14,3,0 days 00:45:00
41008,VELACHEERY,CHENNAI BEAC,06:25:00,07:10:00,14,3,0 days 00:45:00
41009,CHENNAI BEAC,VELACHEERY,05:50:00,06:35:00,14,3,0 days 00:45:00
41012,VELACHEERY,CHENNAI BEAC,06:40:00,07:25:00,14,3,0 days 00:45:00
41013,CHENNAI BEAC,VELACHEERY,06:20:00,07:05:00,14,3,0 days 00:45:00
41014,VELACHEERY,CHENNAI BEAC,06:55:00,07:40:00,14,3,0 days 00:45:00
41015,CHENNAI BEAC,VELACHEERY,06:40:00,07:25:00,14,3,0 days 00:45:00
41016,VELACHEERY,CHENNAI BEAC,07:10:00,07:55:00,14,3,0 days 00:45:00
41017,CHENNAI BEAC,VELACHEERY,07:15:00,08:00:00,14,3,0 days 00:45:00
41020,VELACHEERY,CHENNAI BEAC,07:35:00,08:20:00,14,3,0 days 00:45:00
41021,CHENNAI BEAC,VELACHEERY,07:30:00,08:15:00,14,3,0 days 00:45:00
41022,VELACHEERY,CHENNAI BEAC,07:55:00,08:40:00,14,3,0 days 00:45:00
41023,CHENNAI BEAC,VELACHEERY,07:45:00,08:30:00,14,3,0 days 00:45:00
41024,VELACHEERY,CHENNAI BEAC,08:05:00,08:50:00,14,3,0 days 00:45:00
41028,VELACHEERY,CHENNAI BEAC,08:35:00,09:20:00,14,3,0 days 00:45:00
41029,CHENNAI BEAC,VELACHEERY,08:25:00,09:10:00,14,3,0 days 00:45:00
41033,CHENNAI BEAC,VELACHEERY,08:45:00,09:30:00,14,3,0 days 00:45:00
41035,CHENNAI BEAC,VELACHEERY,08:55:00,09:40:00,14,3,0 days 00:45:00
41036,VELACHEERY,CHENNAI BEAC,09:25:00,10:10:00,14,3,0 days 00:45:00
41038,VELACHEERY,CHENNAI BEAC,09:35:00,10:20:00,14,3,0 days 00:45:00
41040,VELACHEERY,CHENNAI BEAC,09:50:00,10:35:00,14,3,0 days 00:45:00
41042,VELACHEERY,CHENNAI BEAC,10:05:00,10:50:00,14,3,0 days 00:45:00
41043,CHENNAI BEAC,VELACHEERY,09:35:00,10:20:00,14,3,0 days 00:45:00
41046,VELACHEERY,CHENNAI BEAC,10:30:00,11:15:00,14,3,0 days 00:45:00
41048,VELACHEERY,CHENNAI BEAC,10:45:00,11:30:00,14,3,0 days 00:45:00
41050,VELACHEERY,CHENNAI BEAC,11:00:00,11:45:00,14,3,0 days 00:45:00
41051,CHENNAI BEAC,VELACHEERY,10:15:00,11:00:00,14,3,0 days 00:45:00
41055,CHENNAI BEAC,VELACHEERY,10:45:00,11:30:00,14,3,0 days 00:45:00
41056,VELACHEERY,CHENNAI BEAC,11:55:00,12:40:00,14,3,0 days 00:45:00
41057,CHENNAI BEAC,VELACHEERY,11:00:00,11:45:00,14,3,0 days 00:45:00
41060,VELACHEERY,CHENNAI BEAC,12:35:00,13:20:00,14,3,0 days 00:45:00
41061,CHENNAI BEAC,VELACHEERY,11:30:00,12:15:00,14,3,0 days 00:45:00
41063,CHENNAI BEAC,VELACHEERY,11:45:00,12:30:00,14,3,0 days 00:45:00
41064,VELACHEERY,CHENNAI BEAC,13:15:00,14:00:00,14,3,0 days 00:45:00
41065,CHENNAI BEAC,VELACHEERY,12:05:00,12:50:00,14,3,0 days 00:45:00
41069,CHENNAI BEAC,VELACHEERY,12:45:00,13:30:00,14,3,0 days 00:45:00
41070,VELACHEERY,CHENNAI BEAC,14:15:00,15:00:00,14,3,0 days 00:45:00
41073,CHENNAI BEAC,VELACHEERY,13:25:00,14:10:00,14,3,0 days 00:45:00
41076,VELACHEERY,CHENNAI BEAC,15:05:00,15:50:00,14,3,0 days 00:45:00
41077,CHENNAI BEAC,VELACHEERY,14:05:00,14:50:00,14,3,0 days 00:45:00
41078,VELACHEERY,CHENNAI BEAC,15:25:00,16:10:00,14,3,0 days 00:45:00
41079,CHENNAI BEAC,VELACHEERY,14:25:00,15:10:00,14,3,0 days 00:45:00
41080,VELACHEERY,CHENNAI BEAC,15:45:00,16:30:00,14,3,0 days 00:45:00
41081,CHENNAI BEAC,VELACHEERY,14:45:00,15:30:00,14,3,0 days 00:45:00
41082,VELACHEERY,CHENNAI BEAC,16:00:00,16:45:00,14,3,0 days 00:45:00
41084,VELACHEERY,CHENNAI BEAC,16:10:00,16:55:00,14,3,0 days 00:45:00
41085,CHENNAI BEAC,VELACHEERY,15:25:00,16:10:00,14,3,0 days 00:45:00
41086,VELACHEERY,CHENNAI BEAC,16:25:00,17:10:00,14,2,0 days 00:45:00
41089,CHENNAI BEAC,VELACHEERY,16:00:00,16:45:00,14,3,0 days 00:45:00
41091,CHENNAI BEAC,VELACHEERY,16:15:00,17:00:00,14,3,0 days 00:45:00
41092,VELACHEERY,CHENNAI BEAC,17:05:00,17:50:00,14,3,0 days 00:45:00
41093,CHENNAI BEAC,VELACHEERY,16:30:00,17:20:00,14,3,0 days 00:50:00
41095,CHENNAI BEAC,VELACHEERY,16:45:00,17:30:00,14,3,0 days 00:45:00
41096,VELACHEERY,CHENNAI BEAC,17:25:00,18:10:00,14,3,0 days 00:45:00
41097,CHENNAI BEAC,VELACHEERY,17:00:00,17:45:00,14,3,0 days 00:45:00
41102,VELACHEERY,CHENNAI BEAC,17:55:00,18:40:00,14,3,0 days 00:45:00
41103,CHENNAI BEAC,VELACHEERY,17:40:00,18:25:00,14,3,0 days 00:45:00
41104,VELACHEERY,CHENNAI BEAC,18:05:00,18:50:00,14,3,0 days 00:45:00
41105,CHENNAI BEAC,VELACHEERY,17:50:00,18:35:00,14,3,0 days 00:45:00
41108,VELACHEERY,CHENNAI BEAC,18:30:00,19:15:00,14,3,0 days 00:45:00
41110,VELACHEERY,CHENNAI BEAC,18:45:00,19:30:00,14,3,0 days 00:45:00
41111,CHENNAI BEAC,VELACHEERY,18:25:00,19:10:00,14,3,0 days 00:45:00
41113,CHENNAI BEAC,VELACHEERY,18:35:00,19:20:00,14,3,0 days 00:45:00
41116,VELACHEERY,CHENNAI BEAC,19:20:00,20:05:00,14,3,0 days 00:45:00
41117,CHENNAI BEAC,VELACHEERY,18:55:00,19:40:00,14,3,0 days 00:45:00
41119,CHENNAI BEAC,VELACHEERY,19:10:00,19:55:00,14,3,0 days 00:45:00
41120,VELACHEERY,CHENNAI BEAC,19:50:00,20:35:00,14,3,0 days 00:45:00
41122,VELACHEERY,CHENNAI BEAC,20:10:00,20:55:00,14,3,0 days 00:45:00
41127,CHENNAI BEAC,VELACHEERY,20:20:00,21:05:00,14,3,0 days 00:45:00
41128,VELACHEERY,CHENNAI BEAC,21:10:00,21:55:00,14,3,0 days 00:45:00
41129,CHENNAI BEAC,VELACHEERY,20:40:00,21:25:00,14,3,0 days 00:45:00
41130,VELACHEERY,CHENNAI BEAC,21:30:00,22:15:00,14,3,0 days 00:45:00
41131,CHENNAI BEAC,VELACHEERY,21:00:00,21:45:00,14,3,0 days 00:45:00
41132,VELACHEERY,CHENNAI BEAC,21:50:00,22:35:00,14,3,0 days 00:45:00
41134,VELACHEERY,CHENNAI BEAC,22:10:00,22:55:00,14,3,0 days 00:45:00
41135,CHENNAI BEAC,VELACHEERY,21:40:00,22:25:00,14,3,0 days 00:45:00
41138,VELACHEERY,CHENNAI BEAC,22:50:00,23:35:00,14,3,0 days 00:45:00
41140,VELACHEERY,CHENNAI BEAC,23:10:00,23:55:00,14,3,0 days 00:45:00
41501,CHENNAI BEAC,VELACHEERY,06:00:00,06:45:00,14,3,0 days 00:45:00
41502,VELACHEERY,CHENNAI BEAC,06:50:00,07:35:00,14,3,0 days 00:45:00
41503,CHENNAI BEAC,VELACHEERY,06:20:00,07:05:00,14,3,0 days 00:45:00
41504,VELACHEERY,CHENNAI BEAC,07:10:00,07:55:00,14,3,0 days 00:45:00
41505,CHENNAI BEAC,VELACHEERY,06:40:00,07:25:00,14,3,0 days 00:45:00
41506,VELACHEERY,CHENNAI BEAC,07:30:00,08:15:00,14,3,0 days 00:45:00
41507,CHENNAI BEAC,VELACHEERY,07:00:00,07:45:00,14,3,0 days 00:45:00
41508,VELACHEERY,CHENNAI BEAC,07:50:00,08:35:00,14,3,0 days 00:45:00
41509,CHENNAI BEAC,VELACHEERY,07:20:00,08:05:00,14,3,0 days 00:45:00
41510,VELACHEERY,CHENNAI BEAC,08:10:00,08:55:00,14,3,0 days 00:45:00
41511,CHENNAI BEAC,VELACHEERY,07:40:00,08:25:00,14,2,0 days 00:45:00
41512,VELACHEERY,CHENNAI BEAC,08:30:00,09:15:00,14,3,0 days 00:45:00
41513,CHENNAI BEAC,VELACHEERY,08:00:00,08:45:00,14,3,0 days 00:45:00
41514,VELACHEERY,CHENNAI BEAC,08:50:00,09:35:00,14,3,0 days 00:45:00
41515,CHENNAI BEAC,VELACHEERY,08:20:00,09:05:00,14,3,0 days 00:45:00
41516,VELACHEERY,CHENNAI BEAC,09:10:00,09:55:00,14,3,0 days 00:45:00
41517,CHENNAI BEAC,VELACHEERY,08:40:00,09:25:00,14,3,0 days 00:45:00
41518,VELACHEERY,CHENNAI BEAC,09:30:00,10:15:00,14,3,0 days 00:45:00
41519,CHENNAI BEAC,VELACHEERY,09:00:00,09:45:00,14,3,0 days 00:45:00
41520,VELACHEERY,CHENNAI BEAC,09:50:00,10:35:00,14,3,0 days 00:45:00
41521,CHENNAI BEAC,VELACHEERY,09:20:00,10:05:00,14,3,0 days 00:45:00
41522,VELACHEERY,CHENNAI BEAC,10:10:00,10:55:00,14,3,0 days 00:45:00
41523,CHENNAI BEAC,VELACHEERY,09:40:00,10:25:00,14,3,0 days 00:45:00
41524,VELACHEERY,CHENNAI BEAC,10:30:00,11:15:00,14,3,0 days 00:45:00
41525,CHENNAI BEAC,VELACHEERY,09:50:00,10:35:00,14,3,0 days 00:45:00
41526,VELACHEERY,CHENNAI BEAC,10:40:00,11:25:00,14,3,0 days 00:45:00
41527,CHENNAI BEAC,VELACHEERY,10:00:00,10:45:00,14,3,0 days 00:45:00
41528,VELACHEERY,CHENNAI BEAC,10:50:00,11:35:00,14,3,0 days 00:45:00
41529,CHENNAI BEAC,VELACHEERY,10:20:00,11:05:00,14,3,0 days 00:45:00
41530,VELACHEERY,CHENNAI BEAC,11:10:00,11:55:00,14,3,0 days 00:45:00
41531,CHENNAI BEAC,VELACHEERY,10:40:00,11:25:00,14,2,0 days 00:45:00
41532,VELACHEERY,CHENNAI BEAC,11:30:00,12:15:00,14,3,0 days 00:45:00
41533,CHENNAI BEAC,VELACHEERY,11:00:00,11:45:00,14,3,0 days 00:45:00
41534,VELACHEERY,CHENNAI BEAC,11:50:00,12:35:00,14,3,0 days 00:45:00
41535,CHENNAI BEAC,VELACHEERY,11:20:00,12:05:00,14,3,0 days 00:45:00
41536,VELACHEERY,CHENNAI BEAC,12:10:00,12:55:00,14,3,0 days 00:45:00
41537,CHENNAI BEAC,VELACHEERY,11:40:00,12:25:00,14,3,0 days 00:45:00
41538,VELACHEERY,CHENNAI BEAC,12:30:00,13:15:00,14,3,0 days 00:45:00
41539,CHENNAI BEAC,VELACHEERY,12:00:00,12:45:00,14,3,0 days 00:45:00
41540,VELACHEERY,CHENNAI BEAC,12:50:00,13:35:00,14,3,0 days 00:45:00
41541,CHENNAI BEAC,VELACHEERY,12:20:00,13:05:00,14,3,0 days 00:45:00
41542,VELACHEERY,CHENNAI BEAC,13:10:00,13:55:00,14,3,0 days 00:45:00
41543,CHENNAI BEAC,VELACHEERY,12:40:00,13:25:00,14,3,0 days 00:45:00
41544,VELACHEERY,CHENNAI BEAC,13:30:00,14:15:00,14,3,0 days 00:45:00
41545,CHENNAI BEAC,VELACHEERY,13:00:00,13:45:00,14,3,0 days 00:45:00
41546,VELACHEERY,CHENNAI BEAC,13:50:00,14:35:00,14,3,0 days 00:45:00
41547,CHENNAI BEAC,VELACHEERY,13:20:00,14:05:00,14,3,0 days 00:45:00
41548,VELACHEERY,CHENNAI BEAC,14:10:00,14:55:00,14,3,0 days 00:45:00
41549,CHENNAI BEAC,VELACHEERY,13:40:00,14:25:00,14,3,0 days 00:45:00
41550,VELACHEERY,CHENNAI BEAC,14:30:00,15:15:00,14,3,0 days 00:45:00
41551,CHENNAI BEAC,VELACHEERY,14:00:00,14:45:00,14,3,0 days 00:45:00
41552,VELACHEERY,CHENNAI BEAC,14:50:00,15:35:00,14,3,0 days 00:45:00
41553,CHENNAI BEAC,VELACHEERY,14:20:00,15:05:00,14,3,0 days 00:45:00
41554,VELACHEERY,CHENNAI BEAC,15:10:00,15:55:00,14,3,0 days 00:45:00
41555,CHENNAI BEAC,VELACHEERY,14:40:00,15:25:00,14,3,0 days 00:45:00
41556,VELACHEERY,CHENNAI BEAC,15:30:00,16:15:00,14,3,0 days 00:45:00
41557,CHENNAI BEAC,VELACHEERY,15:00:00,15:45:00,14,3,0 days 00:45:00
41558,VELACHEERY,CHENNAI BEAC,15:50:00,16:35:00,14,3,0 days 00:45:00
41559,CHENNAI BEAC,VELACHEERY,15:20:00,16:05:00,14,3,0 days 00:45:00
41560,VELACHEERY,CHENNAI BEAC,16:10:00,16:55:00,14,3,0 days 00:45:00
41561,CHENNAI BEAC,VELACHEERY,15:40:00,16:25:00,14,3,0 days 00:45:00
41562,VELACHEERY,CHENNAI BEAC,16:30:00,17:15:00,14,3,0 days 00:45:00
41563,CHENNAI BEAC,VELACHEERY,16:00:00,16:45:00,14,3,0 days 00:45:00
41564,VELACHEERY,CHENNAI BEAC,16:50:00,17:35:00,14,3,0 days 00:45:00
41565,CHENNAI BEAC,VELACHEERY,16:20:00,17:05:00,14,3,0 days 00:45:00
41566,VELACHEERY,CHENNAI BEAC,17:10:00,17:55:00,14,3,0 days 00:45:00
41567,CHENNAI BEAC,VELACHEERY,16:40:00,17:25:00,14,3,0 days 00:45:00
41568,VELACHEERY,CHENNAI BEAC,17:30:00,18:15:00,14,3,0 days 00:45:00
41569,CHENNAI BEAC,VELACHEERY,17:00:00,17:45:00,14,3,0 days 00:45:00
41570,VELACHEERY,CHENNAI BEAC,17:50:00,18:35:00,14,3,0 days 00:45:00
41571,CHENNAI BEAC,VELACHEERY,17:20:00,18:05:00,14,3,0 days 00:45:00
41572,VELACHEERY,CHENNAI BEAC,18:10:00,18:55:00,14,3,0 days 00:45:00
41573,CHENNAI BEAC,VELACHEERY,17:40:00,18:25:00,14,3,0 days 00:45:00
41574,VELACHEERY,CHENNAI BEAC,18:30:00,19:15:00,14,3,0 days 00:45:00
41575,CHENNAI BEAC,VELACHEERY,18:00:00,18:45:00,14,3,0 days 00:45:00
41576,VELACHEERY,CHENNAI BEAC,18:50:00,19:35:00,14,3,0 days 00:45:00
41577,CHENNAI BEAC,VELACHEERY,18:20:00,19:05:00,14,3,0 days 00:45:00
41578,VELACHEERY,CHENNAI BEAC,19:10:00,19:55:00,14,3,0 days 00:45:00
41579,CHENNAI BEAC,VELACHEERY,18:40:00,19:25:00,14,3,0 days 00:45:00
41580,VELACHEERY,CHENNAI BEAC,19:30:00,20:15:00,14,3,0 days 00:45:00
41581,CHENNAI BEAC,VELACHEERY,19:00:00,19:45:00,14,3,0 days 00:45:00
41582,VELACHEERY,CHENNAI BEAC,19:50:00,20:35:00,14,3,0 days 00:45:00
41583,CHENNAI BEAC,VELACHEERY,19:20:00,20:05:00,14,3,0 days 00:45:00
41584,VELACHEERY,CHENNAI BEAC,20:10:00,20:55:00,14,3,0 days 00:45:00
41585,CHENNAI BEAC,VELACHEERY,19:40:00,20:25:00,14,3,0 days 00:45:00
41586,VELACHEERY,CHENNAI BEAC,20:30:00,21:15:00,14,3,0 days 00:45:00
41587,CHENNAI BEAC,VELACHEERY,20:00:00,20:45:00,14,3,0 days 00:45:00
41588,VELACHEERY,CHENNAI BEAC,20:50:00,21:35:00,14,3,0 days 00:45:00
41589,CHENNAI BEAC,VELACHEERY,20:30:00,21:15:00,14,3,0 days 00:45:00
41590,VELACHEERY,CHENNAI BEAC,21:20:00,22:05:00,14,3,0 days 00:45:00
41593,CHENNAI BEAC,VELACHEERY,21:00:00,21:45:00,14,3,0 days 00:45:00
41594,VELACHEERY,CHENNAI BEAC,21:50:00,22:35:00,14,3,0 days 00:45:00
41597,CHENNAI BEAC,VELACHEERY,21:30:00,22:15:00,14,3,0 days 00:45:00
41598,VELACHEERY,CHENNAI BEAC,22:20:00,23:05:00,14,3,0 days 00:45:00
41599,CHENNAI BEAC,VELACHEERY,22:00:00,22:45:00,14,3,0 days 00:45:00
41600,VELACHEERY,CHENNAI BEAC,22:50:00,23:35:00,14,3,0 days 00:45:00
42001,MOOR MARKET,GUMMIDIPUNDI,00:15:00,01:35:00,47,16,0 days 01:20:00
42002,GUMMIDIPUNDI,MOOR MARKET,02:45:00,04:10:00,47,15,0 days 01:25:00
42003,MOOR MARKET,GUMMIDIPUNDI,05:55:00,07:40:00,47,16,0 days 01:45:00
42004,GUMMIDIPUNDI,MOOR MARKET,04:00:00,05:30:00,47,16,0 days 01:30:00
42005,MOOR MARKET,GUMMIDIPUNDI,06:40:00,08:10:00,47,16,0 days 01:30:00
42006,GUMMIDIPUNDI,MOOR MARKET,04:55:00,06:35:00,47,16,0 days 01:40:00
42007,MOOR MARKET,GUMMIDIPUNDI,07:00:00,08:20:00,47,12,0 days 01:20:00
42008,GUMMIDIPUNDI,MOOR MARKET,05:20:00,06:50:00,47,16,0 days 01:30:00
42009,MOOR MARKET,GUMMIDIPUNDI,08:15:00,09:35:00,47,16,0 days 01:20:00
42010,GUMMIDIPUNDI,MOOR MARKET,05:50:00,07:20:00,47,16,0 days 01:30:00
42011,MOOR MARKET,GUMMIDIPUNDI,09:00:00,10:30:00,47,16,0 days 01:30:00
42012,GUMMIDIPUNDI,MOOR MARKET,06:55:00,08:35:00,47,15,0 days 01:40:00
42013,MOOR MARKET,GUMMIDIPUNDI,09:30:00,11:10:00,47,16,0 days 01:40:00
42014,GUMMIDIPUNDI,MOOR MARKET,07:55:00,09:35:00,47,16,0 days 01:40:00
42015,MOOR MARKET,GUMMIDIPUNDI,10:25:00,11:50:00,47,16,0 days 01:25:00
42016,GUMMIDIPUNDI,MOOR MARKET,08:25:00,10:00:00,47,16,0 days 01:35:00
42017,MOOR MARKET,GUMMIDIPUNDI,11:35:00,13:10:00,47,16,0 days 01:35:00
42018,GUMMIDIPUNDI,MOOR MARKET,09:50:00,11:20:00,47,16,0 days 01:30:00
42019,MOOR MARKET,GUMMIDIPUNDI,12:20:00,13:50:00,47,16,0 days 01:30:00
42020,GUMMIDIPUNDI,MOOR MARKET,10:50:00,12:20:00,47,16,0 days 01:30:00
42021,MOOR MARKET,GUMMIDIPUNDI,13:25:00,14:50:00,47,16,0 days 01:25:00
42022,GUMMIDIPUNDI,MOOR MARKET,11:20:00,12:50:00,47,16,0 days 01:30:00
42023,MOOR MARKET,GUMMIDIPUNDI,14:35:00,16:05:00,47,16,0 days 01:30:00
42024,GUMMIDIPUNDI,MOOR MARKET,12:55:00,14:25:00,47,12,0 days 01:30:00
42025,MOOR MARKET,GUMMIDIPUNDI,15:15:00,16:50:00,47,16,0 days 01:35:00
42026,GUMMIDIPUNDI,MOOR MARKET,13:35:00,15:05:00,47,12,0 days 01:30:00
42027,MOOR MARKET,GUMMIDIPUNDI,16:30:00,17:55:00,47,16,0 days 01:25:00
42028,GUMMIDIPUNDI,MOOR MARKET,14:40:00,16:15:00,47,16,0 days 01:35:00
42029,MOOR MARKET,GUMMIDIPUNDI,17:05:00,18:30:00,47,16,0 days 01:25:00
42030,GUMMIDIPUNDI,MOOR MARKET,15:15:00,16:45:00,47,12,0 days 01:30:00
42031,MOOR MARKET,GUMMIDIPUNDI,17:35:00,19:15:00,47,16,0 days 01:40:00
42032,GUMMIDIPUNDI,MOOR MARKET,15:40:00,17:10:00,47,16,0 days 01:30:00
42033,MOOR MARKET,GUMMIDIPUNDI,18:35:00,20:00:00,47,16,0 days 01:25:00
42034,GUMMIDIPUNDI,MOOR MARKET,17:00:00,18:25:00,47,16,0 days 01:25:00
42035,MOOR MARKET,GUMMIDIPUNDI,19:35:00,21:00:00,47,16,0 days 01:25:00
42036,GUMMIDIPUNDI,MOOR MARKET,17:30:00,18:55:00,47,16,0 days 01:25:00
42037,MOOR MARKET,GUMMIDIPUNDI,20:15:00,21:40:00,47,16,0 days 01:25:00
42038,GUMMIDIPUNDI,MOOR MARKET,18:10:00,19:35:00,47,16,0 days 01:25:00
42039,MOOR MARKET,GUMMIDIPUNDI,21:15:00,22:40:00,47,16,0 days 01:25:00
42040,GUMMIDIPUNDI,MOOR MARKET,18:40:00,20:05:00,47,16,0 days 01:25:00
42041,MOOR MARKET,GUMMIDIPUNDI,21:45:00,23:15:00,47,16,0 days 01:30:00
42042,GUMMIDIPUNDI,MOOR MARKET,19:30:00,21:00:00,47,16,0 days 01:30:00
42043,MOOR MARKET,GUMMIDIPUNDI,22:45:00,00:10:00,47,16,0 days 01:25:00
42044,GUMMIDIPUNDI,MOOR MARKET,20:10:00,21:35:00,47,16,0 days 01:25:00
42045,MOOR MARKET,GUMMIDIPUNDI,23:20:00,00:55:00,47,16,0 days 01:35:00
42046,GUMMIDIPUNDI,MOOR MARKET,21:50:00,23:25:00,47,16,0 days 01:35:00
42301,MOOR MARKET,PONNERI,14:15:00,15:30:00,34,14,0 days 01:15:00
42302,PONNERI,MOOR MARKET,08:00:00,09:15:00,34,14,0 days 01:15:00
42401,MOOR MARKET,SULLURUPETTA,04:20:00,06:25:00,82,21,0 days 02:05:00
42402,SULLURUPETTA,MOOR MARKET,05:45:00,08:00:00,82,21,0 days 02:15:00
42403,MOOR MARKET,SULLURUPETTA,05:00:00,07:10:00,82,21,0 days 02:10:00
42404,SULLURUPETTA,MOOR MARKET,06:40:00,08:50:00,82,16,0 days 02:10:00
42406,SULLURUPETTA,MOOR MARKET,10:00:00,12:10:00,82,21,0 days 02:10:00
42407,MOOR MARKET,SULLURUPETTA,07:30:00,09:50:00,82,21,0 days 02:20:00
42408,SULLURUPETTA,MOOR MARKET,11:15:00,13:20:00,82,21,0 days 02:05:00
42409,MOOR MARKET,SULLURUPETTA,08:35:00,10:55:00,82,21,0 days 02:20:00
42411,MOOR MARKET,SULLURUPETTA,09:55:00,12:10:00,82,21,0 days 02:15:00
42412,SULLURUPETTA,MOOR MARKET,13:15:00,15:30:00,82,21,0 days 02:15:00
42413,MOOR MARKET,SULLURUPETTA,12:40:00,14:55:00,82,21,0 days 02:15:00
42414,SULLURUPETTA,MOOR MARKET,15:10:00,17:40:00,82,21,0 days 02:30:00
42416,SULLURUPETTA,MOOR MARKET,18:10:00,20:25:00,82,21,0 days 02:15:00
42417,MOOR MARKET,SULLURUPETTA,15:35:00,17:50:00,82,21,0 days 02:15:00
42419,MOOR MARKET,SULLURUPETTA,18:00:00,20:15:00,82,21,0 days 02:15:00
42420,SULLURUPETTA,MOOR MARKET,20:30:00,22:35:00,82,21,0 days 02:05:00
42421,MOOR MARKET,SULLURUPETTA,19:05:00,21:20:00,82,20,0 days 02:15:00
42422,SULLURUPETTA,MOOR MARKET,21:40:00,23:55:00,82,21,0 days 02:15:00
42423,MOOR MARKET,SULLURUPETTA,20:35:00,22:45:00,82,21,0 days 02:10:00
42451,GUMMIDIPUNDI,SULLURUPETTA,04:40:00,05:30:00,35,2,0 days 00:50:00
42452,SULLURUPETTA,GUMMIDIPUNDI,23:00:00,23:45:00,35,6,0 days 00:45:00
42601,CHENNAI BEAC,GUMMIDIPUNDI,09:40:00,11:15:00,47,17,0 days 01:35:00
42602,GUMMIDIPUNDI,CHENNAI BEAC,08:55:00,10:20:00,47,17,0 days 01:25:00
42603,CHENNAI BEAC,GUMMIDIPUNDI,15:45:00,17:20:00,47,17,0 days 01:35:00
42604,GUMMIDIPUNDI,CHENNAI BEAC,16:30:00,18:00:00,47,17,0 days 01:30:00
42605,CHENNAI BEAC,GUMMIDIPUNDI,18:35:00,20:10:00,47,17,0 days 01:35:00
42606,GUMMIDIPUNDI,CHENNAI BEAC,20:20:00,21:45:00,47,17,0 days 01:25:00
42607,CHENNAI BEAC,GUMMIDIPUNDI,20:00:00,21:30:00,47,17,0 days 01:30:00
42608,GUMMIDIPUNDI,CHENNAI BEAC,21:40:00,23:15:00,47,17,0 days 01:35:00
42651,VELACHEERY,GUMMIDIPUNDI,08:50:00,11:15:00,62,15,0 days 02:25:00
42652,GUMMIDIPUNDI,VELACHEERY,08:50:00,11:15:00,62,15,0 days 02:25:00
42653,VELACHEERY,GUMMIDIPUNDI,14:55:00,17:20:00,62,15,0 days 02:25:00
42654,GUMMIDIPUNDI,VELACHEERY,16:30:00,18:45:00,62,15,0 days 02:15:00
42655,VELACHEERY,GUMMIDIPUNDI,17:45:00,20:05:00,62,15,0 days 02:20:00
42656,GUMMIDIPUNDI,VELACHEERY,20:20:00,22:45:00,62,15,0 days 02:25:00
42657,VELACHEERY,GUMMIDIPUNDI,19:10:00,21:30:00,62,15,0 days 02:20:00
42701,CHENNAI BEAC,PONNERI,05:35:00,06:45:00,35,11,0 days 01:10:00
42702,PONNERI,CHENNAI BEAC,07:00:00,08:05:00,34,15,0 days 01:05:00
42751,VELACHEERY,PONNERI,04:45:00,06:40:00,50,13,0 days 01:55:00
42752,PONNERI,VELACHEERY,07:00:00,08:55:00,49,13,0 days 01:55:00
42801,CHENNAI BEAC,SULLURUPETTA,14:40:00,17:00:00,82,22,0 days 02:20:00
42802,SULLURUPETTA,CHENNAI BEAC,07:25:00,09:45:00,82,22,0 days 02:20:00
42804,SULLURUPETTA,CHENNAI BEAC,17:20:00,19:30:00,82,22,0 days 02:10:00
42851,VELACHEERY,SULLURUPETTA,13:55:00,17:05:00,97,19,0 days 03:10:00
42852,SULLURUPETTA,VELACHEERY,07:25:00,10:35:00,97,19,0 days 03:10:00
42854,SULLURUPETTA,VELACHEERY,17:15:00,20:25:00,97,19,0 days 03:10:00
42901,MOOR MARKET,ENNORE,05:40:00,06:25:00,16,8,0 days 00:45:00
43001,MOOR MARKET,AVADI,00:15:00,01:05:00,20,11,0 days 00:50:00
43002,AVADI,MOOR MARKET,04:00:00,04:50:00,21,11,0 days 00:50:00
43003,MOOR MARKET,AVADI,07:50:00,08:35:00,20,11,0 days 00:45:00
43005,MOOR MARKET,AVADI,08:55:00,09:40:00,20,11,0 days 00:45:00
43006,AVADI,MOOR MARKET,05:10:00,05:55:00,21,11,0 days 00:45:00
43007,MOOR MARKET,AVADI,09:00:00,09:45:00,20,11,0 days 00:45:00
43008,AVADI,MOOR MARKET,05:25:00,06:15:00,21,11,0 days 00:50:00
43009,MOOR MARKET,AVADI,09:25:00,10:10:00,20,11,0 days 00:45:00
43011,MOOR MARKET,AVADI,10:05:00,10:55:00,20,11,0 days 00:50:00
43013,MOOR MARKET,AVADI,10:15:00,11:05:00,20,11,0 days 00:50:00
43014,AVADI,MOOR MARKET,09:15:00,10:15:00,21,11,0 days 01:00:00
43015,MOOR MARKET,AVADI,10:45:00,11:35:00,20,11,0 days 00:50:00
43016,AVADI,MOOR MARKET,09:55:00,10:40:00,21,11,0 days 00:45:00
43017,MOOR MARKET,AVADI,12:35:00,13:20:00,20,11,0 days 00:45:00
43018,AVADI,MOOR MARKET,11:05:00,11:50:00,21,11,0 days 00:45:00
43019,MOOR MARKET,AVADI,16:00:00,16:40:00,20,11,0 days 00:40:00
43020,AVADI,MOOR MARKET,16:30:00,17:20:00,21,11,0 days 00:50:00
43021,MOOR MARKET,AVADI,22:00:00,22:50:00,20,7,0 days 00:50:00
43022,AVADI,MOOR MARKET,17:05:00,17:55:00,21,11,0 days 00:50:00
43023,MOOR MARKET,AVADI,23:25:00,00:15:00,20,11,0 days 00:50:00
43025,MOOR MARKET,AVADI,22:00:00,22:50:00,20,7,0 days 00:50:00
43029,MOOR MARKET,AVADI,23:25:00,00:15:00,20,7,0 days 00:50:00
43101,MOOR MARKET,PATTABIRAM E,04:15:00,05:20:00,30,14,0 days 01:05:00
43102,PATTABIRAM E,MOOR MARKET,03:20:00,04:35:00,31,14,0 days 01:15:00
43103,MOOR MARKET,PATTABIRAM E,05:00:00,06:20:00,30,14,0 days 01:20:00
43104,PATTABIRAM E,MOOR MARKET,05:30:00,06:45:00,31,14,0 days 01:15:00
43105,MOOR MARKET,PATTABIRAM E,06:20:00,07:30:00,30,14,0 days 01:10:00
43106,PATTABIRAM E,MOOR MARKET,06:35:00,07:45:00,31,14,0 days 01:10:00
43107,MOOR MARKET,PATTABIRAM E,07:25:00,08:35:00,30,14,0 days 01:10:00
43108,PATTABIRAM E,MOOR MARKET,07:40:00,08:55:00,31,14,0 days 01:15:00
43109,MOOR MARKET,PATTABIRAM E,11:15:00,12:25:00,30,14,0 days 01:10:00
43110,PATTABIRAM E,MOOR MARKET,10:30:00,11:35:00,31,14,0 days 01:05:00
43111,MOOR MARKET,PATTABIRAM E,12:20:00,13:30:00,30,14,0 days 01:10:00
43112,PATTABIRAM E,MOOR MARKET,11:25:00,12:35:00,31,14,0 days 01:10:00
43113,MOOR MARKET,PATTABIRAM E,13:00:00,14:10:00,30,14,0 days 01:10:00
43114,PATTABIRAM E,MOOR MARKET,12:50:00,14:05:00,31,14,0 days 01:15:00
43115,MOOR MARKET,PATTABIRAM E,15:05:00,16:15:00,30,14,0 days 01:10:00
43116,PATTABIRAM E,MOOR MARKET,13:40:00,14:50:00,31,14,0 days 01:10:00
43117,MOOR MARKET,PATTABIRAM E,16:10:00,17:20:00,30,14,0 days 01:10:00
43118,PATTABIRAM E,MOOR MARKET,14:20:00,15:30:00,31,14,0 days 01:10:00
43119,MOOR MARKET,PATTABIRAM E,18:15:00,19:25:00,30,14,0 days 01:10:00
43120,PATTABIRAM E,MOOR MARKET,15:10:00,16:20:00,31,14,0 days 01:10:00
43121,MOOR MARKET,PATTABIRAM E,19:15:00,20:25:00,30,14,0 days 01:10:00
43122,PATTABIRAM E,MOOR MARKET,16:25:00,17:30:00,31,14,0 days 01:05:00
43123,MOOR MARKET,PATTABIRAM E,20:30:00,21:40:00,25,9,0 days 01:10:00
43124,PATTABIRAM E,MOOR MARKET,17:30:00,18:40:00,31,14,0 days 01:10:00
43125,MOOR MARKET,PATTABIRAM E,21:25:00,22:35:00,25,8,0 days 01:10:00
43126,PATTABIRAM E,MOOR MARKET,18:50:00,20:00:00,31,14,0 days 01:10:00
43127,MOOR MARKET,PATTABIRAM E,22:35:00,23:45:00,25,8,0 days 01:10:00
43128,PATTABIRAM E,MOOR MARKET,19:36:00,20:35:00,31,14,0 days 00:59:00
43130,PATTABIRAM E,MOOR MARKET,21:50:00,23:00:00,31,14,0 days 01:10:00
43132,PATTABIRAM E,MOOR MARKET,22:45:00,23:50:00,31,14,0 days 01:05:00
43201,MOOR MARKET,TIRUVALLUR,04:30:00,05:50:00,46,18,0 days 01:20:00
43202,TIRUVALLUR,MOOR MARKET,03:50:00,05:05:00,46,19,0 days 01:15:00
43203,MOOR MARKET,TIRUVALLUR,05:15:00,06:35:00,46,19,0 days 01:20:00
43204,TIRUVALLUR,MOOR MARKET,05:30:00,06:50:00,46,19,0 days 01:20:00
43205,MOOR MARKET,TIRUVALLUR,05:55:00,07:10:00,46,19,0 days 01:15:00
43206,TIRUVALLUR,MOOR MARKET,05:55:00,07:15:00,46,19,0 days 01:20:00
43207,MOOR MARKET,TIRUVALLUR,06:50:00,08:05:00,46,19,0 days 01:15:00
43208,TIRUVALLUR,MOOR MARKET,06:45:00,08:05:00,46,19,0 days 01:20:00
43209,MOOR MARKET,TIRUVALLUR,07:45:00,09:00:00,46,19,0 days 01:15:00
43210,TIRUVALLUR,MOOR MARKET,07:15:00,08:30:00,46,19,0 days 01:15:00
43211,MOOR MARKET,TIRUVALLUR,08:05:00,09:20:00,46,19,0 days 01:15:00
43212,TIRUVALLUR,MOOR MARKET,07:45:00,09:05:00,46,19,0 days 01:20:00
43213,MOOR MARKET,TIRUVALLUR,08:40:00,09:55:00,46,19,0 days 01:15:00
43214,TIRUVALLUR,MOOR MARKET,08:10:00,09:30:00,46,19,0 days 01:20:00
43215,MOOR MARKET,TIRUVALLUR,09:15:00,10:35:00,46,19,0 days 01:20:00
43216,TIRUVALLUR,MOOR MARKET,08:15:00,09:20:00,41,6,0 days 01:05:00
43217,MOOR MARKET,TIRUVALLUR,09:30:00,10:50:00,46,19,0 days 01:20:00
43218,TIRUVALLUR,MOOR MARKET,08:30:00,09:50:00,46,19,0 days 01:20:00
43219,MOOR MARKET,TIRUVALLUR,09:45:00,11:05:00,46,19,0 days 01:20:00
43220,TIRUVALLUR,MOOR MARKET,09:10:00,10:30:00,46,19,0 days 01:20:00
43221,MOOR MARKET,TIRUVALLUR,11:30:00,12:50:00,46,19,0 days 01:20:00
43222,TIRUVALLUR,MOOR MARKET,09:25:00,10:20:00,41,6,0 days 00:55:00
43223,MOOR MARKET,TIRUVALLUR,12:10:00,13:30:00,46,19,0 days 01:20:00
43224,TIRUVALLUR,MOOR MARKET,10:05:00,11:25:00,46,19,0 days 01:20:00
43225,MOOR MARKET,TIRUVALLUR,13:20:00,14:40:00,46,19,0 days 01:20:00
43226,TIRUVALLUR,MOOR MARKET,10:50:00,12:10:00,46,19,0 days 01:20:00
43227,MOOR MARKET,TIRUVALLUR,14:00:00,15:20:00,41,18,0 days 01:20:00
43228,TIRUVALLUR,MOOR MARKET,11:25:00,12:45:00,46,19,0 days 01:20:00
43229,MOOR MARKET,TIRUVALLUR,14:40:00,16:00:00,46,19,0 days 01:20:00
43230,TIRUVALLUR,MOOR MARKET,12:00:00,13:25:00,46,19,0 days 01:25:00
43231,MOOR MARKET,TIRUVALLUR,15:00:00,16:20:00,46,19,0 days 01:20:00
43232,TIRUVALLUR,MOOR MARKET,13:05:00,14:25:00,46,19,0 days 01:20:00
43233,MOOR MARKET,TIRUVALLUR,15:45:00,17:05:00,46,19,0 days 01:20:00
43234,TIRUVALLUR,MOOR MARKET,14:40:00,16:00:00,46,19,0 days 01:20:00
43235,MOOR MARKET,TIRUVALLUR,16:30:00,17:50:00,46,19,0 days 01:20:00
43236,TIRUVALLUR,MOOR MARKET,15:10:00,16:30:00,46,19,0 days 01:20:00
43237,MOOR MARKET,TIRUVALLUR,16:55:00,18:10:00,46,19,0 days 01:15:00
43238,TIRUVALLUR,MOOR MARKET,15:40:00,17:00:00,46,19,0 days 01:20:00
43239,MOOR MARKET,TIRUVALLUR,17:25:00,18:45:00,46,19,0 days 01:20:00
43240,TIRUVALLUR,MOOR MARKET,16:00:00,17:15:00,46,18,0 days 01:15:00
43241,MOOR MARKET,TIRUVALLUR,17:55:00,19:15:00,46,19,0 days 01:20:00
43242,TIRUVALLUR,MOOR MARKET,16:45:00,18:05:00,46,19,0 days 01:20:00
43243,MOOR MARKET,TIRUVALLUR,18:30:00,19:50:00,46,19,0 days 01:20:00
43244,TIRUVALLUR,MOOR MARKET,17:00:00,18:20:00,46,19,0 days 01:20:00
43245,MOOR MARKET,TIRUVALLUR,18:50:00,20:10:00,46,19,0 days 01:20:00
43246,TIRUVALLUR,MOOR MARKET,17:20:00,18:40:00,46,19,0 days 01:20:00
43247,MOOR MARKET,TIRUVALLUR,20:00:00,21:20:00,41,10,0 days 01:20:00
43248,TIRUVALLUR,MOOR MARKET,18:10:00,19:30:00,46,19,0 days 01:20:00
43250,TIRUVALLUR,MOOR MARKET,18:55:00,20:15:00,46,19,0 days 01:20:00
43251,MOOR MARKET,TIRUVALLUR,20:55:00,22:15:00,41,9,0 days 01:20:00
43252,TIRUVALLUR,MOOR MARKET,19:35:00,21:00:00,46,19,0 days 01:25:00
43253,MOOR MARKET,TIRUVALLUR,21:40:00,23:00:00,41,9,0 days 01:20:00
43254,TIRUVALLUR,MOOR MARKET,20:00:00,21:20:00,46,19,0 days 01:20:00
43255,MOOR MARKET,TIRUVALLUR,23:10:00,00:30:00,41,9,0 days 01:20:00
43256,TIRUVALLUR,MOOR MARKET,20:30:00,21:50:00,46,19,0 days 01:20:00
43257,MOOR MARKET,TIRUVALLUR,23:45:00,01:05:00,41,11,0 days 01:20:00
43258,TIRUVALLUR,MOOR MARKET,20:50:00,22:10:00,46,19,0 days 01:20:00
43260,TIRUVALLUR,MOOR MARKET,21:55:00,23:15:00,46,19,0 days 01:20:00
43401,MOOR MARKET,ARAKKONAM JN,05:30:00,06:55:00,68,11,0 days 01:25:00
43402,ARAKKONAM JN,MOOR MARKET,03:45:00,05:45:00,73,27,0 days 02:00:00
43403,MOOR MARKET,ARAKKONAM JN,06:00:00,08:00:00,73,27,0 days 02:00:00
43404,ARAKKONAM JN,MOOR MARKET,04:40:00,06:40:00,73,27,0 days 02:00:00
43405,MOOR MARKET,ARAKKONAM JN,06:45:00,08:45:00,73,27,0 days 02:00:00
43406,ARAKKONAM JN,MOOR MARKET,05:05:00,06:55:00,73,27,0 days 01:50:00
43407,MOOR MARKET,ARAKKONAM JN,08:20:00,10:15:00,73,27,0 days 01:55:00
43408,ARAKKONAM JN,MOOR MARKET,06:40:00,08:25:00,68,7,0 days 01:45:00
43409,MOOR MARKET,ARAKKONAM JN,09:10:00,11:10:00,73,27,0 days 02:00:00
43410,ARAKKONAM JN,MOOR MARKET,07:10:00,09:00:00,68,10,0 days 01:50:00
43411,MOOR MARKET,ARAKKONAM JN,11:05:00,13:05:00,73,27,0 days 02:00:00
43412,ARAKKONAM JN,MOOR MARKET,08:10:00,10:10:00,73,27,0 days 02:00:00
43413,MOOR MARKET,ARAKKONAM JN,12:50:00,14:55:00,73,27,0 days 02:05:00
43414,ARAKKONAM JN,MOOR MARKET,08:55:00,10:55:00,73,27,0 days 02:00:00
43415,MOOR MARKET,ARAKKONAM JN,13:40:00,15:45:00,73,27,0 days 02:05:00
43418,ARAKKONAM JN,MOOR MARKET,12:00:00,13:50:00,73,27,0 days 01:50:00
43419,MOOR MARKET,ARAKKONAM JN,16:00:00,18:00:00,73,27,0 days 02:00:00
43420,ARAKKONAM JN,MOOR MARKET,13:50:00,15:50:00,73,27,0 days 02:00:00
43421,MOOR MARKET,ARAKKONAM JN,16:45:00,18:45:00,73,27,0 days 02:00:00
43422,ARAKKONAM JN,MOOR MARKET,15:40:00,17:40:00,73,27,0 days 02:00:00
43423,MOOR MARKET,ARAKKONAM JN,17:15:00,19:10:00,68,14,0 days 01:55:00
43424,ARAKKONAM JN,MOOR MARKET,16:50:00,18:50:00,68,14,0 days 02:00:00
43425,MOOR MARKET,ARAKKONAM JN,18:05:00,20:05:00,73,27,0 days 02:00:00
43426,ARAKKONAM JN,MOOR MARKET,18:10:00,20:10:00,68,12,0 days 02:00:00
43427,MOOR MARKET,ARAKKONAM JN,18:05:00,20:05:00,73,27,0 days 02:00:00
43428,ARAKKONAM JN,MOOR MARKET,18:55:00,20:55:00,73,27,0 days 02:00:00
43429,MOOR MARKET,ARAKKONAM JN,18:40:00,20:45:00,68,12,0 days 02:05:00
43430,ARAKKONAM JN,MOOR MARKET,19:30:00,21:30:00,73,27,0 days 02:00:00
43431,MOOR MARKET,ARAKKONAM JN,19:30:00,21:00:00,68,10,0 days 01:30:00
43433,MOOR MARKET,ARAKKONAM JN,19:45:00,21:50:00,68,12,0 days 02:05:00
43434,ARAKKONAM JN,MOOR MARKET,20:25:00,22:25:00,73,24,0 days 02:00:00
43435,MOOR MARKET,ARAKKONAM JN,20:10:00,21:25:00,68,10,0 days 01:15:00
43436,ARAKKONAM JN,MOOR MARKET,21:25:00,23:25:00,73,27,0 days 02:00:00
43437,MOOR MARKET,ARAKKONAM JN,21:15:00,23:15:00,68,12,0 days 02:00:00
43438,ARAKKONAM JN,MOOR MARKET,21:45:00,23:45:00,73,27,0 days 02:00:00
43439,MOOR MARKET,ARAKKONAM JN,22:10:00,00:15:00,68,14,0 days 02:05:00
43501,MOOR MARKET,TIRUTTANI,04:00:00,06:15:00,86,28,0 days 02:15:00
43502,TIRUTTANI,MOOR MARKET,05:40:00,08:00:00,86,29,0 days 02:20:00
43503,MOOR MARKET,TIRUTTANI,07:05:00,09:20:00,86,29,0 days 02:15:00
43504,TIRUTTANI,MOOR MARKET,06:30:00,08:50:00,86,29,0 days 02:20:00
43505,MOOR MARKET,TIRUTTANI,10:00:00,12:20:00,86,28,0 days 02:20:00
43506,TIRUTTANI,MOOR MARKET,09:40:00,12:00:00,86,28,0 days 02:20:00
43507,MOOR MARKET,TIRUTTANI,11:45:00,14:05:00,86,28,0 days 02:20:00
43508,TIRUTTANI,MOOR MARKET,13:15:00,15:25:00,86,28,0 days 02:10:00
43509,MOOR MARKET,TIRUTTANI,14:20:00,16:40:00,86,29,0 days 02:20:00
43510,TIRUTTANI,MOOR MARKET,14:30:00,16:45:00,86,28,0 days 02:15:00
43511,MOOR MARKET,TIRUTTANI,15:30:00,17:55:00,86,29,0 days 02:25:00
43512,TIRUTTANI,MOOR MARKET,15:45:00,18:00:00,86,28,0 days 02:15:00
43513,MOOR MARKET,TIRUTTANI,17:40:00,20:10:00,86,28,0 days 02:30:00
43514,TIRUTTANI,MOOR MARKET,16:55:00,19:15:00,86,28,0 days 02:20:00
43515,MOOR MARKET,TIRUTTANI,19:00:00,21:30:00,86,29,0 days 02:30:00
43516,TIRUTTANI,MOOR MARKET,18:05:00,20:25:00,86,28,0 days 02:20:00
43517,MOOR MARKET,TIRUTTANI,20:20:00,22:40:00,80,13,0 days 02:20:00
43518,TIRUTTANI,MOOR MARKET,20:20:00,22:40:00,81,14,0 days 02:20:00
43520,TIRUTTANI,MOOR MARKET,21:45:00,23:59:00,81,15,0 days 02:14:00
43551,ARAKKONAM JN,TIRUTTANI,04:15:00,04:35:00,12,2,0 days 00:20:00
43552,TIRUTTANI,ARAKKONAM JN,04:45:00,05:05:00,12,2,0 days 00:20:00
43553,ARAKKONAM JN,TIRUTTANI,05:10:00,05:30:00,12,3,0 days 00:20:00
43554,TIRUTTANI,ARAKKONAM JN,21:05:00,21:30:00,12,2,0 days 00:25:00
43556,TIRUTTANI,ARAKKONAM JN,23:00:00,23:20:00,12,2,0 days 00:20:00
43601,CHENNAI BEAC,AVADI,06:50:00,07:50:00,22,12,0 days 01:00:00
43602,AVADI,CHENNAI BEAC,04:10:00,05:05:00,22,12,0 days 00:55:00
43603,CHENNAI BEAC,AVADI,08:10:00,09:00:00,22,12,0 days 00:50:00
43604,AVADI,CHENNAI BEAC,04:25:00,05:15:00,22,12,0 days 00:50:00
43605,CHENNAI BEAC,AVADI,11:05:00,11:55:00,22,12,0 days 00:50:00
43606,AVADI,CHENNAI BEAC,06:10:00,07:00:00,22,12,0 days 00:50:00
43607,CHENNAI BEAC,AVADI,19:35:00,20:30:00,22,12,0 days 00:55:00
43608,AVADI,CHENNAI BEAC,07:10:00,08:00:00,22,12,0 days 00:50:00
43610,AVADI,CHENNAI BEAC,08:15:00,09:05:00,22,12,0 days 00:50:00
43611,CHENNAI BEAC,AVADI,20:20:00,21:10:00,22,2,0 days 00:50:00
43612,AVADI,CHENNAI BEAC,08:45:00,09:40:00,22,12,0 days 00:55:00
43613,CHENNAI BEAC,AVADI,21:45:00,22:40:00,22,8,0 days 00:55:00
43614,AVADI,CHENNAI BEAC,12:10:00,13:00:00,22,12,0 days 00:50:00
43615,CHENNAI BEAC,AVADI,23:15:00,00:05:00,22,8,0 days 00:50:00
43616,AVADI,CHENNAI BEAC,14:40:00,15:35:00,22,12,0 days 00:55:00
43618,AVADI,CHENNAI BEAC,16:20:00,17:10:00,22,12,0 days 00:50:00
43620,AVADI,CHENNAI BEAC,16:40:00,17:30:00,22,12,0 days 00:50:00
43622,AVADI,CHENNAI BEAC,17:55:00,18:45:00,22,12,0 days 00:50:00
43650,AVADI,CHENNAI BEAC,07:40:00,08:30:00,22,8,0 days 00:50:00
43651,VELACHEERY,AVADI,06:05:00,07:50:00,36,10,0 days 01:45:00
43652,AVADI,VELACHEERY,04:10:00,05:55:00,37,10,0 days 01:45:00
43653,VELACHEERY,AVADI,07:25:00,09:05:00,36,10,0 days 01:40:00
43654,AVADI,VELACHEERY,04:25:00,06:15:00,37,10,0 days 01:50:00
43655,VELACHEERY,AVADI,10:15:00,12:00:00,36,10,0 days 01:45:00
43656,AVADI,VELACHEERY,06:05:00,07:45:00,37,10,0 days 01:40:00
43657,VELACHEERY,AVADI,19:30:00,21:20:00,36,10,0 days 01:50:00
43658,AVADI,VELACHEERY,07:10:00,08:45:00,37,10,0 days 01:35:00
43659,VELACHEERY,AVADI,20:30:00,22:15:00,36,10,0 days 01:45:00
43660,AVADI,VELACHEERY,07:40:00,09:20:00,37,10,0 days 01:40:00
43661,VELACHEERY,AVADI,20:50:00,22:40:00,36,10,0 days 01:50:00
43662,AVADI,VELACHEERY,08:15:00,10:00:00,37,10,0 days 01:45:00
43663,VELACHEERY,AVADI,22:30:00,00:10:00,36,10,0 days 01:40:00
43664,AVADI,VELACHEERY,08:45:00,10:30:00,37,10,0 days 01:45:00
43666,AVADI,VELACHEERY,12:10:00,13:50:00,37,10,0 days 01:40:00
43668,AVADI,VELACHEERY,14:40:00,16:30:00,37,10,0 days 01:50:00
43670,AVADI,VELACHEERY,16:20:00,18:00:00,37,10,0 days 01:40:00
43672,AVADI,VELACHEERY,16:40:00,18:15:00,37,10,0 days 01:35:00
43674,AVADI,VELACHEERY,17:50:00,19:30:00,37,10,0 days 01:40:00
43701,CHENNAI BEAC,TIRUVALLUR,05:35:00,07:00:00,48,20,0 days 01:25:00
43702,TIRUVALLUR,CHENNAI BEAC,11:05:00,12:30:00,48,20,0 days 01:25:00
43703,CHENNAI BEAC,TIRUVALLUR,06:20:00,07:45:00,48,20,0 days 01:25:00
43704,TIRUVALLUR,CHENNAI BEAC,13:40:00,15:05:00,48,20,0 days 01:25:00
43705,CHENNAI BEAC,TIRUVALLUR,09:50:00,11:15:00,48,20,0 days 01:25:00
43706,TIRUVALLUR,CHENNAI BEAC,17:55:00,19:20:00,48,20,0 days 01:25:00
43707,CHENNAI BEAC,TIRUVALLUR,13:05:00,14:30:00,48,20,0 days 01:25:00
43708,TIRUVALLUR,CHENNAI BEAC,18:25:00,19:45:00,48,20,0 days 01:20:00
43709,CHENNAI BEAC,TIRUVALLUR,15:30:00,16:50:00,48,20,0 days 01:20:00
43710,TIRUVALLUR,CHENNAI BEAC,19:45:00,21:10:00,48,20,0 days 01:25:00
43711,CHENNAI BEAC,TIRUVALLUR,17:40:00,19:05:00,48,20,0 days 01:25:00
43713,CHENNAI BEAC,TIRUVALLUR,19:10:00,20:35:00,42,10,0 days 01:25:00
43715,CHENNAI BEAC,TIRUVALLUR,19:50:00,21:10:00,48,20,0 days 01:20:00
43751,CHENNAI BEAC,PATTABIRAM E,09:10:00,10:20:00,32,15,0 days 01:10:00
43752,PATTABIRAM E,CHENNAI BEAC,08:40:00,09:52:00,32,15,0 days 01:12:00
43753,CHENNAI BEAC,PATTABIRAM E,10:05:00,11:15:00,32,15,0 days 01:10:00
43754,PATTABIRAM E,CHENNAI BEAC,20:35:00,21:55:00,32,15,0 days 01:20:00
43755,CHENNAI BEAC,PATTABIRAM E,13:50:00,15:00:00,32,15,0 days 01:10:00
43757,CHENNAI BEAC,PATTABIRAM E,17:25:00,18:30:00,32,15,0 days 01:05:00
43761,VELACHEERY,TIRUVALLUR,05:30:00,07:45:00,57,14,0 days 02:15:00
43762,TIRUVALLUR,VELACHEERY,11:05:00,13:10:00,57,14,0 days 02:05:00
43763,VELACHEERY,TIRUVALLUR,09:05:00,11:15:00,57,14,0 days 02:10:00
43764,TIRUVALLUR,VELACHEERY,13:40:00,15:50:00,57,14,0 days 02:10:00
43765,VELACHEERY,TIRUVALLUR,12:15:00,14:30:00,57,14,0 days 02:15:00
43766,TIRUVALLUR,VELACHEERY,17:55:00,20:10:00,57,14,0 days 02:15:00
43767,VELACHEERY,TIRUVALLUR,14:35:00,16:50:00,57,14,0 days 02:15:00
43768,TIRUVALLUR,VELACHEERY,18:20:00,20:45:00,57,14,0 days 02:25:00
43769,VELACHEERY,TIRUVALLUR,16:55:00,19:10:00,57,14,0 days 02:15:00
43770,TIRUVALLUR,VELACHEERY,19:45:00,22:05:00,57,14,0 days 02:20:00
43771,VELACHEERY,TIRUVALLUR,18:20:00,20:35:00,57,14,0 days 02:15:00
43773,VELACHEERY,TIRUVALLUR,19:00:00,21:15:00,57,14,0 days 02:15:00
43791,VELACHEERY,PATTABIRAM E,08:20:00,10:20:00,46,13,0 days 02:00:00
43792,PATTABIRAM E,VELACHEERY,08:45:00,10:50:00,47,17,0 days 02:05:00
43793,VELACHEERY,PATTABIRAM E,09:15:00,11:15:00,46,13,0 days 02:00:00
43794,PATTABIRAM E,VELACHEERY,20:35:00,23:05:00,42,12,0 days 02:30:00
43795,VELACHEERY,PATTABIRAM E,12:55:00,15:00:00,46,13,0 days 02:05:00
43797,VELACHEERY,PATTABIRAM E,16:40:00,18:40:00,46,13,0 days 02:00:00
43801,CHENNAI BEAC,ARAKKONAM JN,01:20:00,03:30:00,74,28,0 days 02:10:00
43802,ARAKKONAM JN,CHENNAI BEAC,04:00:00,06:05:00,75,28,0 days 02:05:00
43803,CHENNAI BEAC,ARAKKONAM JN,04:20:00,06:30:00,74,28,0 days 02:10:00
43804,ARAKKONAM JN,CHENNAI BEAC,07:50:00,09:25:00,70,9,0 days 01:35:00
43805,CHENNAI BEAC,ARAKKONAM JN,14:25:00,16:35:00,74,28,0 days 02:10:00
43806,ARAKKONAM JN,CHENNAI BEAC,16:10:00,18:15:00,70,15,0 days 02:05:00
43820,TIRUTTANI,CHENNAI BEAC,08:55:00,11:15:00,82,14,0 days 02:20:00
43821,CHENNAI BEAC,TIRUTTANI,12:10:00,14:40:00,82,16,0 days 02:30:00
43823,CHENNAI BEAC,TIRUTTANI,18:25:00,20:25:00,82,13,0 days 02:00:00
43831,AVADI,TIRUVALLUR,07:15:00,07:50:00,20,5,0 days 00:35:00
43832,TIRUVALLUR,AVADI,21:25:00,21:55:00,20,8,0 days 00:30:00
43841,AVADI,ARAKKONAM JN,16:40:00,18:00:00,52,17,0 days 01:20:00
43842,ARAKKONAM JN,AVADI,11:20:00,12:25:00,47,16,0 days 01:05:00
43844,ARAKKONAM JN,AVADI,21:55:00,23:10:00,47,2,0 days 01:15:00
43847,AVADI,TIRUTTANI,06:25:00,08:20:00,65,18,0 days 01:55:00
43851,PONNERI,TIRUVALLUR,15:40:00,17:45:00,70,17,0 days 02:05:00
43852,TIRUVALLUR,PONNERI,05:20:00,07:50:00,75,29,0 days 02:30:00
43861,ENNORE,TIRUVALLUR,06:40:00,08:20:00,51,13,0 days 01:40:00
43872,PATTABIRAM E,MOOR MARKET,08:42:00,09:35:00,29,13,0 days 00:53:00
43882,TIRUNINRAVUR,MOOR MARKET,08:20:00,09:15:00,34,13,0 days 00:55:00
43891,AVADI,PATTABIRAM E,02:50:00,03:10:00,4,3,0 days 00:20:00
43892,PATTABIRAM E,AVADI,23:55:00,00:15:00,10,4,0 days 00:20:00
43901,MOOR MARKET,KADAMBATTUR,10:30:00,11:55:00,52,21,0 days 01:25:00
43902,KADAMBATTUR,MOOR MARKET,06:10:00,07:35:00,52,21,0 days 01:25:00
43903,MOOR MARKET,KADAMBATTUR,12:00:00,13:25:00,52,21,0 days 01:25:00
43904,KADAMBATTUR,MOOR MARKET,13:40:00,15:05:00,52,21,0 days 01:25:00
43912,KADAMBATTUR,CHENNAI BEAC,12:05:00,13:35:00,53,22,0 days 01:30:00
43921,TIRUVALLUR,KADAMBATTUR,05:50:00,06:00:00,5,2,0 days 00:10:00
43932,ARAKKONAM JN,VELACHEERY,04:00:00,06:50:00,84,17,0 days 02:50:00
43934,ARAKKONAM JN,VELACHEERY,06:55:00,09:45:00,84,16,0 days 02:50:00
43936,ARAKKONAM JN,VELACHEERY,07:50:00,10:10:00,84,11,0 days 02:20:00
43938,ARAKKONAM JN,VELACHEERY,16:15:00,18:55:00,84,17,0 days 02:40:00
43941,VELACHEERY,TIRUTTANI,11:20:00,14:45:00,97,17,0 days 03:25:00
43942,TIRUTTANI,VELACHEERY,08:50:00,12:05:00,97,18,0 days 03:15:00
43943,VELACHEERY,TIRUTTANI,17:35:00,20:30:00,97,15,0 days 02:55:00
43952,KADAMBATTUR,VELACHEERY,12:05:00,14:30:00,63,15,0 days 02:25:00
47100,HYDERABAD DE,LINGAMPALLI,04:35:00,05:20:00,25,13,0 days 00:45:00
47101,HYDERABAD DE,LINGAMPALLI,05:40:00,06:25:00,25,13,0 days 00:45:00
47102,HYDERABAD DE,LINGAMPALLI,06:20:00,07:05:00,25,13,0 days 00:45:00
47103,HYDERABAD DE,LINGAMPALLI,07:00:00,07:50:00,25,13,0 days 00:50:00
47104,HYDERABAD DE,LINGAMPALLI,07:46:00,08:31:00,25,13,0 days 00:45:00
47105,HYDERABAD DE,LINGAMPALLI,08:15:00,09:05:00,25,13,0 days 00:50:00
47106,HYDERABAD DE,LINGAMPALLI,09:00:00,09:45:00,25,13,0 days 00:45:00
47107,HYDERABAD DE,LINGAMPALLI,09:36:00,10:21:00,25,13,0 days 00:45:00
47108,HYDERABAD DE,LINGAMPALLI,10:12:00,10:57:00,25,13,0 days 00:45:00
47109,HYDERABAD DE,LINGAMPALLI,10:55:00,11:40:00,25,13,0 days 00:45:00
47110,HYDERABAD DE,LINGAMPALLI,11:22:00,12:07:00,25,13,0 days 00:45:00
47111,HYDERABAD DE,LINGAMPALLI,12:00:00,12:55:00,25,13,0 days 00:55:00
47112,HYDERABAD DE,LINGAMPALLI,13:25:00,14:10:00,25,13,0 days 00:45:00
47113,HYDERABAD DE,LINGAMPALLI,14:20:00,15:05:00,25,13,0 days 00:45:00
47114,HYDERABAD DE,LINGAMPALLI,15:20:00,16:05:00,25,13,0 days 00:45:00
47115,HYDERABAD DE,LINGAMPALLI,15:45:00,16:30:00,25,13,0 days 00:45:00
47116,HYDERABAD DE,LINGAMPALLI,16:10:00,17:05:00,25,13,0 days 00:55:00
47117,HYDERABAD DE,LINGAMPALLI,17:05:00,17:50:00,25,13,0 days 00:45:00
47118,HYDERABAD DE,LINGAMPALLI,17:40:00,18:25:00,25,13,0 days 00:45:00
47119,HYDERABAD DE,LINGAMPALLI,18:08:00,18:53:00,25,13,0 days 00:45:00
47120,HYDERABAD DE,LINGAMPALLI,18:57:00,19:45:00,25,13,0 days 00:48:00
47121,HYDERABAD DE,LINGAMPALLI,19:35:00,20:20:00,25,13,0 days 00:45:00
47122,HYDERABAD DE,LINGAMPALLI,20:00:00,20:50:00,25,13,0 days 00:50:00
47123,HYDERABAD DE,LINGAMPALLI,20:53:00,21:38:00,25,13,0 days 00:45:00
47124,HYDERABAD DE,LINGAMPALLI,21:50:00,22:35:00,25,13,0 days 00:45:00
47125,HYDERABAD DE,LINGAMPALLI,22:15:00,23:00:00,25,13,0 days 00:45:00
47126,LINGAMPALLI,HYDERABAD DE,05:25:00,06:10:00,23,13,0 days 00:45:00
47127,LINGAMPALLI,HYDERABAD DE,05:50:00,06:40:00,23,13,0 days 00:50:00
47128,LINGAMPALLI,HYDERABAD DE,06:38:00,07:30:00,23,13,0 days 00:52:00
47129,LINGAMPALLI,HYDERABAD DE,07:20:00,08:05:00,23,13,0 days 00:45:00
47130,LINGAMPALLI,HYDERABAD DE,08:00:00,08:50:00,23,13,0 days 00:50:00
47131,LINGAMPALLI,HYDERABAD DE,08:43:00,09:28:00,23,13,0 days 00:45:00
47132,LINGAMPALLI,HYDERABAD DE,09:19:00,10:04:00,23,13,0 days 00:45:00
47133,LINGAMPALLI,HYDERABAD DE,09:55:00,10:45:00,23,13,0 days 00:50:00
47134,LINGAMPALLI,HYDERABAD DE,10:29:00,11:14:00,23,13,0 days 00:45:00
47135,LINGAMPALLI,HYDERABAD DE,11:05:00,11:52:00,23,13,0 days 00:47:00
47136,LINGAMPALLI,HYDERABAD DE,11:48:00,12:33:00,23,13,0 days 00:45:00
47137,LINGAMPALLI,HYDERABAD DE,12:30:00,13:15:00,23,13,0 days 00:45:00
47138,LINGAMPALLI,HYDERABAD DE,13:05:00,13:55:00,23,13,0 days 00:50:00
47139,LINGAMPALLI,HYDERABAD DE,15:00:00,15:45:00,23,13,0 days 00:45:00
47140,LINGAMPALLI,HYDERABAD DE,16:13:00,17:00:00,23,13,0 days 00:47:00
47141,LINGAMPALLI,HYDERABAD DE,17:15:00,18:00:00,23,13,0 days 00:45:00
47142,LINGAMPALLI,HYDERABAD DE,18:00:00,18:50:00,23,13,0 days 00:50:00
47143,LINGAMPALLI,HYDERABAD DE,18:40:00,19:25:00,23,13,0 days 00:45:00
47144,LINGAMPALLI,HYDERABAD DE,19:01:00,19:46:00,23,13,0 days 00:45:00
47145,LINGAMPALLI,HYDERABAD DE,19:55:00,20:45:00,23,13,0 days 00:50:00
47146,LINGAMPALLI,HYDERABAD DE,21:00:00,21:45:00,23,13,0 days 00:45:00
47147,LINGAMPALLI,HYDERABAD DE,21:55:00,22:40:00,23,13,0 days 00:45:00
47148,LINGAMPALLI,HYDERABAD DE,22:45:00,23:30:00,23,13,0 days 00:45:00
47149,FALAKNUMA,LINGAMPALLI,04:25:00,05:47:00,37,22,0 days 01:22:00
47150,FALAKNUMA,LINGAMPALLI,05:30:00,06:47:00,37,22,0 days 01:17:00
47151,FALAKNUMA,LINGAMPALLI,05:50:00,07:12:00,37,22,0 days 01:22:00
47152,FALAKNUMA,LINGAMPALLI,07:30:00,08:45:00,37,22,0 days 01:15:00
47153,FALAKNUMA,LINGAMPALLI,06:45:00,08:15:00,37,22,0 days 01:30:00
47154,FALAKNUMA,LINGAMPALLI,07:50:00,09:07:00,37,22,0 days 01:17:00
47155,FALAKNUMA,LINGAMPALLI,09:12:00,10:35:00,37,22,0 days 01:23:00
47156,FALAKNUMA,LINGAMPALLI,10:35:00,11:52:00,37,22,0 days 01:17:00
47157,FALAKNUMA,LINGAMPALLI,10:55:00,12:20:00,37,22,0 days 01:25:00
47158,FALAKNUMA,LINGAMPALLI,12:10:00,13:30:00,37,22,0 days 01:20:00
47159,LINGAMPALLI,FALAKNUMA,21:10:00,22:40:00,37,22,0 days 01:30:00
47160,FALAKNUMA,LINGAMPALLI,13:25:00,14:42:00,37,22,0 days 01:17:00
47161,FALAKNUMA,LINGAMPALLI,15:15:00,16:35:00,37,22,0 days 01:20:00
47162,FALAKNUMA,LINGAMPALLI,16:14:00,17:35:00,37,22,0 days 01:21:00
47163,FALAKNUMA,LINGAMPALLI,17:10:00,18:30:00,37,22,0 days 01:20:00
47164,FALAKNUMA,LINGAMPALLI,17:38:00,19:03:00,37,22,0 days 01:25:00
47165,FALAKNUMA,LINGAMPALLI,09:55:00,11:22:00,37,22,0 days 01:27:00
47166,FALAKNUMA,LINGAMPALLI,18:48:00,20:10:00,37,22,0 days 01:22:00
47167,FALAKNUMA,LINGAMPALLI,19:45:00,21:05:00,37,22,0 days 01:20:00
47168,FALAKNUMA,SECUNDERABAD,22:50:00,23:35:00,14,11,0 days 00:45:00
47169,FALAKNUMA,LINGAMPALLI,13:02:00,14:25:00,37,22,0 days 01:23:00
47170,FALAKNUMA,LINGAMPALLI,21:45:00,23:10:00,37,22,0 days 01:25:00
47171,LINGAMPALLI,FALAKNUMA,04:25:00,05:42:00,37,22,0 days 01:17:00
47172,SECUNDERABAD,FALAKNUMA,06:00:00,06:30:00,14,11,0 days 00:30:00
47173,LINGAMPALLI,FALAKNUMA,05:55:00,07:12:00,37,22,0 days 01:17:00
47174,LINGAMPALLI,FALAKNUMA,07:05:00,08:30:00,37,22,0 days 01:25:00
47175,LINGAMPALLI,FALAKNUMA,07:45:00,09:02:00,37,22,0 days 01:17:00
47176,LINGAMPALLI,FALAKNUMA,08:23:00,09:47:00,37,22,0 days 01:24:00
47177,LINGAMPALLI,FALAKNUMA,09:00:00,10:27:00,37,22,0 days 01:27:00
47178,LINGAMPALLI,FALAKNUMA,09:25:00,10:42:00,37,22,0 days 01:17:00
47179,LINGAMPALLI,FALAKNUMA,10:45:00,12:02:00,37,22,0 days 01:17:00
47180,LINGAMPALLI,FALAKNUMA,12:00:00,13:17:00,37,22,0 days 01:17:00
47181,LINGAMPALLI,FALAKNUMA,12:40:00,14:00:00,37,22,0 days 01:20:00
47182,LINGAMPALLI,FALAKNUMA,13:20:00,14:40:00,37,22,0 days 01:20:00
47183,LINGAMPALLI,FALAKNUMA,14:30:00,15:52:00,37,22,0 days 01:22:00
47184,LINGAMPALLI,FALAKNUMA,14:50:00,16:06:00,37,22,0 days 01:16:00
47185,LINGAMPALLI,FALAKNUMA,15:45:00,17:02:00,37,22,0 days 01:17:00
47186,LINGAMPALLI,FALAKNUMA,16:25:00,17:50:00,37,22,0 days 01:25:00
47187,LINGAMPALLI,FALAKNUMA,17:05:00,18:30:00,37,22,0 days 01:25:00
47188,LINGAMPALLI,FALAKNUMA,18:10:00,19:37:00,37,22,0 days 01:27:00
47189,LINGAMPALLI,FALAKNUMA,11:30:00,12:53:00,37,22,0 days 01:23:00
47190,LINGAMPALLI,FALAKNUMA,18:35:00,20:00:00,37,22,0 days 01:25:00
47191,LINGAMPALLI,FALAKNUMA,19:15:00,20:37:00,37,22,0 days 01:22:00
47192,LINGAMPALLI,FALAKNUMA,20:20:00,21:37:00,37,22,0 days 01:17:00
47193,LINGAMPALLI,FALAKNUMA,20:45:00,22:07:00,37,22,0 days 01:22:00
47194,LINGAMPALLI,FALAKNUMA,21:45:00,23:15:00,37,22,0 days 01:30:00
47195,LINGAMPALLI,SECUNDERABAD,22:25:00,23:20:00,22,12,0 days 00:55:00
47196,SECUNDERABAD,HYDERABAD DE,04:50:00,05:20:00,9,7,0 days 00:30:00
47197,FALAKNUMA,HYDERABAD DE,08:40:00,09:50:00,24,17,0 days 01:10:00
47198,FALAKNUMA,LINGAMPALLI,11:20:00,12:50:00,37,22,0 days 01:30:00
47199,FALAKNUMA,HYDERABAD DE,13:56:00,15:03:00,24,17,0 days 01:07:00
47200,FALAKNUMA,HYDERABAD DE,14:15:00,15:35:00,24,17,0 days 01:20:00
47201,FALAKNUMA,HYDERABAD DE,16:00:00,17:05:00,24,17,0 days 01:05:00
47202,FALAKNUMA,HYDERABAD DE,20:10:00,21:15:00,24,17,0 days 01:05:00
47203,FALAKNUMA,LINGAMPALLI,20:50:00,22:10:00,37,22,0 days 01:20:00
47204,FALAKNUMA,SECUNDERABAD,22:30:00,23:15:00,14,11,0 days 00:45:00
47205,SECUNDERABAD,FALAKNUMA,04:30:00,05:00:00,14,11,0 days 00:30:00
47206,HYDERABAD DE,FALAKNUMA,05:48:00,06:55:00,25,17,0 days 01:07:00
47207,FALAKNUMA,LINGAMPALLI,19:10:00,20:30:00,37,22,0 days 01:20:00
47208,HYDERABAD DE,FALAKNUMA,10:05:00,11:12:00,25,17,0 days 01:07:00
47209,HYDERABAD DE,FALAKNUMA,12:41:00,13:48:00,25,17,0 days 01:07:00
47210,LINGAMPALLI,FALAKNUMA,17:35:00,18:52:00,37,22,0 days 01:17:00
47211,FALAKNUMA,LINGAMPALLI,08:30:00,09:50:00,37,22,0 days 01:20:00
47212,LINGAMPALLI,FALAKNUMA,10:05:00,11:25:00,37,22,0 days 01:20:00
47213,LINGAMPALLI,FALAKNUMA,06:30:00,07:50:00,37,22,0 days 01:20:00
47214,FALAKNUMA,LINGAMPALLI,11:35:00,13:00:00,37,22,0 days 01:25:00
47215,LINGAMPALLI,FALAKNUMA,13:10:00,14:30:00,37,22,0 days 01:20:00
47216,FALAKNUMA,LINGAMPALLI,14:40:00,16:00:00,37,22,0 days 01:20:00
47217,LINGAMPALLI,FALAKNUMA,16:00:00,17:20:00,37,22,0 days 01:20:00
47218,FALAKNUMA,LINGAMPALLI,18:00:00,19:25:00,37,22,0 days 01:25:00
47219,LINGAMPALLI,FALAKNUMA,19:38:00,20:55:00,37,22,0 days 01:17:00
47220,FALAKNUMA,LINGAMPALLI,21:05:00,22:50:00,37,22,0 days 01:45:00
50101,RATNAGIRI,MADGOAN JN.,03:20:00,09:55:00,251,22,0 days 06:35:00
50102,MADGOAN JN.,RATNAGIRI,19:10:00,00:15:00,244,22,0 days 05:05:00
50103,DADAR,RATNAGIRI,15:40:00,00:25:00,347,38,0 days 08:45:00
50104,RATNAGIRI,DADAR,05:30:00,14:20:00,349,38,0 days 08:50:00
50105,DIVA JN,SAWANTWADI R,06:25:00,17:50:00,486,49,0 days 11:25:00
50106,SAWANTWADI R,DIVA JN,08:30:00,20:10:00,476,49,0 days 11:40:00
50107,SAWANTWADI R,MADGOAN JN.,17:55:00,20:30:00,78,9,0 days 02:35:00
50108,MADGOAN JN.,SAWANTWADI R,06:15:00,08:25:00,83,9,0 days 02:10:00
50119,DIVA JN,PANVEL,00:20:00,01:10:00,27,6,0 days 00:50:00
50120,PANVEL,DIVA JN,04:45:00,05:30:00,27,7,0 days 00:45:00
51027,CST-MUMBAI,PANDHARPUR,22:55:00,10:30:00,430,26,0 days 11:35:00
51028,PANDHARPUR,CST-MUMBAI,17:25:00,04:10:00,430,29,0 days 10:45:00
51029,CST-MUMBAI,BIJAPUR JN,22:55:00,12:20:00,565,31,0 days 13:25:00
51030,BIJAPUR JN,CST-MUMBAI,14:50:00,04:10:00,566,34,0 days 13:20:00
51033,DAUND JN.,SAI NAGAR SH,06:20:00,10:55:00,187,8,0 days 04:35:00
51034,SAI NAGAR SH,DAUND JN.,16:10:00,20:50:00,187,7,0 days 04:40:00
51111,CHALISGAON J,DHULE,06:00:00,07:15:00,56,9,0 days 01:15:00
51112,DHULE,CHALISGAON J,07:50:00,09:05:00,56,9,0 days 01:15:00
51113,CHALISGAON J,DHULE,09:50:00,11:05:00,56,9,0 days 01:15:00
51114,DHULE,CHALISGAON J,11:40:00,12:55:00,56,9,0 days 01:15:00
51115,CHALISGAON J,DHULE,13:40:00,14:55:00,56,9,0 days 01:15:00
51116,DHULE,CHALISGAON J,15:30:00,16:45:00,56,9,0 days 01:15:00
51135,BADNERA JN.,AMRAVATI,01:30:00,01:45:00,9,2,0 days 00:15:00
51136,AMRAVATI,BADNERA JN.,02:15:00,02:30:00,9,2,0 days 00:15:00
51137,BADNERA JN.,AMRAVATI,03:20:00,03:35:00,9,2,0 days 00:15:00
51138,AMRAVATI,BADNERA JN.,03:55:00,04:10:00,9,2,0 days 00:15:00
51139,BADNERA JN.,AMRAVATI,06:25:00,06:40:00,9,2,0 days 00:15:00
51140,AMRAVATI,BADNERA JN.,07:15:00,07:30:00,9,2,0 days 00:15:00
51141,BADNERA JN.,AMRAVATI,11:00:00,11:15:00,9,2,0 days 00:15:00
51142,AMRAVATI,BADNERA JN.,12:30:00,12:45:00,9,2,0 days 00:15:00
51145,BADNERA JN.,AMRAVATI,18:00:00,18:15:00,9,2,0 days 00:15:00
51146,AMRAVATI,BADNERA JN.,18:50:00,19:05:00,9,2,0 days 00:15:00
51147,BADNERA JN.,AMRAVATI,19:50:00,20:05:00,9,2,0 days 00:15:00
51148,AMRAVATI,BADNERA JN.,20:25:00,20:40:00,9,2,0 days 00:15:00
51149,BADNERA JN.,AMRAVATI,22:55:00,23:10:00,9,2,0 days 00:15:00
51150,AMRAVATI,BADNERA JN.,23:40:00,23:55:00,9,2,0 days 00:15:00
51151,NEW AMRAVATI,NARKHER,05:25:00,08:45:00,108,8,0 days 03:20:00
51152,NARKHER,NEW AMRAVATI,18:00:00,21:00:00,109,11,0 days 03:00:00
51153,CST-MUMBAI,BHUSAVAL JN.,05:25:00,17:55:00,444,48,0 days 12:30:00
51154,BHUSAVAL JN.,CST-MUMBAI,07:05:00,19:05:00,444,47,0 days 12:00:00
51157,BHUSAVAL JN.,ITARSI,20:40:00,06:15:00,306,37,0 days 09:35:00
51158,ITARSI,BHUSAVAL JN.,19:20:00,08:35:00,306,37,0 days 13:15:00
51181,DEVLALI,BHUSAVAL JN.,04:50:00,10:05:00,262,30,0 days 05:15:00
51182,BHUSAVAL JN.,DEVLALI,17:15:00,23:00:00,262,30,0 days 05:45:00
51183,BHUSAVAL JN.,NARKHER,06:30:00,16:00:00,361,36,0 days 09:30:00
51184,NARKHER,BHUSAVAL JN.,09:15:00,18:55:00,339,37,0 days 09:40:00
51187,BHUSAVAL JN.,KATNI,09:30:00,03:25:00,642,71,0 days 17:55:00
51188,KATNI,BHUSAVAL JN.,22:20:00,17:00:00,642,71,0 days 18:40:00
51189,ITARSI,CHHEOKI,11:30:00,09:40:00,610,64,0 days 22:10:00
51190,CHHEOKI,ITARSI,19:20:00,15:30:00,609,64,0 days 20:10:00
51195,WARDHA JN.,BALHARSHAH,06:00:00,09:45:00,132,15,0 days 03:45:00
51196,BALHARSHAH,WARDHA JN.,17:30:00,21:10:00,132,16,0 days 03:40:00
51197,BHUSAVAL JN.,WARDHA JN.,14:30:00,21:40:00,318,35,0 days 07:10:00
51198,WARDHA JN.,BHUSAVAL JN.,23:00:00,08:00:00,318,36,0 days 09:00:00
51239,AMLA JN.,BETUL,07:05:00,07:40:00,22,4,0 days 00:35:00
51240,BETUL,AMLA JN.,17:35:00,18:15:00,22,4,0 days 00:40:00
51253,AMLA JN.,CHHINWARA JN,08:00:00,12:00:00,115,16,0 days 04:00:00
51254,CHHINWARA JN,AMLA JN.,17:40:00,20:50:00,115,12,0 days 03:10:00
51255,BORDHAI,CHHINWARA JN,15:05:00,17:15:00,88,12,0 days 02:10:00
51256,CHHINWARA JN,BORDHAI,12:30:00,14:40:00,88,12,0 days 02:10:00
51259,WARDHA JN.,NAGPUR JN.(C,18:10:00,20:10:00,78,12,0 days 02:00:00
51260,NAGPUR JN.(C,WARDHA JN.,08:00:00,09:45:00,78,11,0 days 01:45:00
51261,AMRAVATI,WARDHA JN.,15:10:00,18:05:00,104,11,0 days 02:55:00
51262,WARDHA JN.,AMRAVATI,10:05:00,14:20:00,104,12,0 days 04:15:00
51285,BHUSAVAL JN.,NAGPUR JN.(C,19:30:00,08:45:00,397,46,0 days 13:15:00
51286,NAGPUR JN.(C,BHUSAVAL JN.,04:50:00,14:55:00,397,47,0 days 10:05:00
51293,NAGPUR JN.(C,AMLA JN.,18:05:00,22:30:00,167,20,0 days 04:25:00
51294,AMLA JN.,NAGPUR JN.(C,04:30:00,09:15:00,167,18,0 days 04:45:00
51317,KARJAT,PUNE JN.,15:10:00,18:15:00,91,19,0 days 03:05:00
51318,PUNE JN.,KARJAT,11:15:00,14:15:00,91,20,0 days 03:00:00
51347,PUNE JN.,BARAMATI,18:45:00,21:55:00,120,16,0 days 03:10:00
51348,BARAMATI,DAUND JN.,22:15:00,23:30:00,43,6,0 days 01:15:00
51350,DAUND JN.,PUNE JN.,07:05:00,08:50:00,77,11,0 days 01:45:00
51401,PUNE JN.,MANMAD JN.,00:30:00,09:50:00,314,34,0 days 09:20:00
51402,MANMAD JN.,PUNE JN.,21:15:00,07:30:00,311,34,0 days 10:15:00
51405,MIRAJ JN.,CASTLE ROCK,17:25:00,23:10:00,212,24,0 days 05:45:00
51406,CASTLE ROCK,MIRAJ JN.,06:10:00,11:30:00,212,24,0 days 05:20:00
51407,MIRAJ JN.,CHHATRAPATI,16:55:00,18:10:00,47,8,0 days 01:15:00
51408,CHHATRAPATI,MIRAJ JN.,21:30:00,22:50:00,47,6,0 days 01:20:00
51409,PUNE JN.,CHHATRAPATI,09:15:00,19:30:00,325,42,0 days 10:15:00
51410,CHHATRAPATI,PUNE JN.,04:45:00,16:25:00,326,41,0 days 11:40:00
51411,BELLARY JN.,DHARWAD,14:20:00,20:50:00,229,29,0 days 06:30:00
51412,HUBLI JN.,BELLARY JN.,07:45:00,13:55:00,208,24,0 days 06:10:00
51419,MIRAJ JN.,HUBLI JN.,07:30:00,15:00:00,278,35,0 days 07:30:00
51420,HUBLI JN.,MIRAJ JN.,12:40:00,20:05:00,279,33,0 days 07:25:00
51421,PUNE JN.,NIZAMABAD,14:25:00,10:35:00,769,83,0 days 20:10:00
51422,NIZAMABAD,PUNE JN.,23:40:00,20:55:00,769,76,0 days 21:15:00
51423,IGATPURI,MANMAD JN.,17:45:00,20:35:00,123,15,0 days 02:50:00
51424,MANMAD JN.,IGATPURI,13:50:00,17:15:00,123,15,0 days 03:25:00
51425,PARLI VAIJNA,MIRAJ JN.,07:25:00,18:20:00,427,36,0 days 10:55:00
51426,MIRAJ JN.,PARLI VAIJNA,20:30:00,06:15:00,437,35,0 days 09:45:00
51427,MIRAJ JN.,CHHATRAPATI,13:50:00,15:15:00,47,7,0 days 01:25:00
51428,CHHATRAPATI,MIRAJ JN.,10:50:00,12:05:00,47,7,0 days 01:15:00
51429,SANGLI,CHHATRAPATI,20:35:00,22:15:00,54,8,0 days 01:40:00
51430,CHHATRAPATI,SANGLI,18:35:00,20:10:00,54,9,0 days 01:35:00
51431,MIRAJ JN.,LONDA JN.,06:10:00,11:25:00,188,22,0 days 05:15:00
51432,LONDA JN.,MIRAJ JN.,11:45:00,16:25:00,188,21,0 days 04:40:00
51433,NIZAMABAD,PANDHARPUR,13:25:00,05:00:00,523,52,0 days 15:35:00
51434,PANDHARPUR,NIZAMABAD,06:00:00,23:05:00,511,52,0 days 17:05:00
51435,PUNE JN.,SATARA,17:05:00,21:40:00,145,19,0 days 04:35:00
51436,SATARA,PUNE JN.,04:30:00,08:50:00,145,19,0 days 04:20:00
51437,KURDUVADI JN,MIRAJ JN.,10:55:00,15:30:00,189,17,0 days 04:35:00
51438,MIRAJ JN.,KURDUVADI JN,06:05:00,10:25:00,189,17,0 days 04:20:00
51441,SATARA,CHHATRAPATI,05:20:00,09:55:00,180,24,0 days 04:35:00
51442,CHHATRAPATI,SATARA,16:50:00,21:50:00,180,24,0 days 05:00:00
51451,PUNE JN.,BARAMATI,07:10:00,10:20:00,120,16,0 days 03:10:00
51452,BARAMATI,PUNE JN.,10:40:00,13:55:00,121,16,0 days 03:15:00
51458,DHARWAD,HUBLI JN.,22:10:00,22:55:00,20,2,0 days 00:45:00
51461,MIRAJ JN.,BELGAUM,09:50:00,13:15:00,137,17,0 days 03:25:00
51462,BELGAUM,MIRAJ JN.,06:00:00,09:10:00,137,16,0 days 03:10:00
51463,MIRAJ JN.,BELGAUM,19:25:00,22:50:00,137,16,0 days 03:25:00
51464,BELGAUM,MIRAJ JN.,14:30:00,18:00:00,137,16,0 days 03:30:00
51601,BINA,KATNI MURWAR,08:00:00,15:15:00,261,31,0 days 07:15:00
51602,KATNI MURWAR,BINA,13:40:00,21:50:00,264,31,0 days 08:10:00
51603,BINA,KATNI,13:30:00,20:00:00,263,32,0 days 06:30:00
51604,KATNI,BINA,17:00:00,00:40:00,266,32,0 days 07:40:00
51605,KATNI MURWAR,CHIRMIRI,16:30:00,00:30:00,256,28,0 days 08:00:00
51606,CHIRMIRI,KATNI MURWAR,03:10:00,11:25:00,253,28,0 days 08:15:00
51607,BINA,GUNA,06:20:00,09:15:00,118,17,0 days 02:55:00
51608,GUNA,BINA,09:45:00,12:40:00,118,17,0 days 02:55:00
51609,BINA,GUNA,15:10:00,18:05:00,118,17,0 days 02:55:00
51610,GUNA,BINA,18:55:00,21:55:00,118,17,0 days 03:00:00
51611,KOTA,BINA,08:15:00,17:05:00,303,38,0 days 08:50:00
51612,BINA,KOTA,10:00:00,18:50:00,303,38,0 days 08:50:00
51671,ITARSI,SATNA,04:25:00,14:10:00,434,44,0 days 09:45:00
51672,SATNA,ITARSI,11:10:00,21:20:00,434,44,0 days 10:10:00
51673,ITARSI,SATNA,04:00:00,12:40:00,434,40,0 days 08:40:00
51674,SATNA,ITARSI,13:30:00,00:20:00,434,40,0 days 10:50:00
51675,KATNI,CHOPAN,21:15:00,06:20:00,316,34,0 days 09:05:00
51676,CHOPAN,KATNI,21:00:00,07:20:00,316,34,0 days 10:20:00
51678,SHAKTINAGAR,CHOPAN,14:00:00,16:50:00,81,11,0 days 02:50:00
51679,KATNI,CHOPAN,10:15:00,20:10:00,316,36,0 days 09:55:00
51680,CHOPAN,KATNI,07:25:00,17:05:00,316,36,0 days 09:40:00
51685,KHANDWA JN.,BIR,13:15:00,14:05:00,32,5,0 days 00:50:00
51686,BIR,KHANDWA JN.,09:45:00,10:40:00,33,5,0 days 00:55:00
51687,KHANDWA JN.,BIR,18:10:00,19:05:00,32,5,0 days 00:55:00
51688,BIR,KHANDWA JN.,15:15:00,16:10:00,33,5,0 days 00:55:00
51701,JABALPUR,REWA,07:20:00,13:40:00,238,26,0 days 06:20:00
51702,REWA,JABALPUR,14:20:00,20:30:00,238,26,0 days 06:10:00
51703,JABALPUR,NAINPUR JN.,05:40:00,09:40:00,124,18,0 days 04:00:00
51704,NAINPUR JN.,MADANMAHAL,06:00:00,09:35:00,121,17,0 days 03:35:00
51705,MADANMAHAL,NAINPUR JN.,10:55:00,14:50:00,121,17,0 days 03:55:00
51706,NAINPUR JN.,MADANMAHAL,13:45:00,17:30:00,121,17,0 days 03:45:00
51708,NAINPUR JN.,JABALPUR,18:30:00,22:40:00,124,18,0 days 04:10:00
51753,REWA,CHIRMIRI,18:00:00,05:30:00,401,30,0 days 11:30:00
51754,CHIRMIRI,REWA,15:00:00,04:40:00,403,30,0 days 13:40:00
51755,CHIRMIRI,ANUPPUR JN.,06:15:00,09:10:00,86,11,0 days 02:55:00
51756,ANUPPUR JN.,CHIRMIRI,11:00:00,14:15:00,86,11,0 days 03:15:00
51763,SATNA,MANIKPUR JN.,06:00:00,08:05:00,77,10,0 days 02:05:00
51764,MANIKPUR JN.,SATNA,08:25:00,11:10:00,77,10,0 days 02:45:00
51765,SATNA,MANIKPUR JN.,16:10:00,19:15:00,77,10,0 days 03:05:00
51766,MANIKPUR JN.,SATNA,19:40:00,21:40:00,77,10,0 days 02:00:00
51803,JHANSI JN,KANPUR CENTR,08:20:00,14:35:00,221,26,0 days 06:15:00
51804,KANPUR CENTR,JHANSI JN,06:10:00,12:30:00,221,26,0 days 06:20:00
51805,JHANSI JN,MANIKPUR JN.,17:25:00,00:30:00,291,31,0 days 07:05:00
51806,MANIKPUR JN.,JHANSI JN,02:20:00,10:05:00,291,31,0 days 07:45:00
51807,JHANSI JN,BANDA JN,12:30:00,16:50:00,191,20,0 days 04:20:00
51811,BINA,JHANSI JN,15:00:00,18:55:00,151,20,0 days 03:55:00
51812,JHANSI JN,BINA,06:50:00,11:00:00,151,20,0 days 04:10:00
51813,JHANSI JN,LUCKNOW JN.,02:50:00,11:25:00,295,38,0 days 08:35:00
51814,LUCKNOW JN.,JHANSI JN,16:35:00,00:25:00,295,39,0 days 07:50:00
51815,JHANSI JN,AGRA CANTT,07:30:00,12:40:00,204,25,0 days 05:10:00
51816,AGRA CANTT,JHANSI JN,14:45:00,20:15:00,204,25,0 days 05:30:00
51817,KHAJAURAHO,JHANSI JN,07:10:00,15:30:00,254,26,0 days 08:20:00
51818,JHANSI JN,KHAJAURAHO,07:45:00,15:00:00,254,27,0 days 07:15:00
51821,MAHOBA,KHAJAURAHO,10:45:00,12:00:00,63,6,0 days 01:15:00
51822,KHAJAURAHO,MAHOBA,12:35:00,13:50:00,63,6,0 days 01:15:00
51827,ITARSI,JHANSI JN,18:10:00,09:50:00,381,44,0 days 15:40:00
51828,JHANSI JN,ITARSI,18:10:00,11:20:00,381,44,0 days 17:10:00
51829,NAGPUR JN.(C,ITARSI,08:00:00,17:45:00,297,35,0 days 09:45:00
51830,ITARSI,NAGPUR JN.(C,12:00:00,20:35:00,297,30,0 days 08:35:00
51831,JHANSI JN,AGRA CANTT,16:00:00,23:40:00,204,25,0 days 07:40:00
51832,AGRA CANTT,JHANSI JN,06:20:00,11:25:00,204,25,0 days 05:05:00
51861,AIT JN,KONCH,05:40:00,06:15:00,13,2,0 days 00:35:00
51862,KONCH,AIT JN,06:35:00,07:10:00,13,2,0 days 00:35:00
51863,AIT JN,KONCH,07:50:00,08:25:00,13,2,0 days 00:35:00
51864,KONCH,AIT JN,08:45:00,09:20:00,13,2,0 days 00:35:00
51865,AIT JN,KONCH,11:10:00,11:45:00,13,2,0 days 00:35:00
51866,KONCH,AIT JN,14:25:00,15:00:00,13,2,0 days 00:35:00
51867,AIT JN,KONCH,17:25:00,18:00:00,13,2,0 days 00:35:00
51868,KONCH,AIT JN,19:50:00,20:25:00,13,2,0 days 00:35:00
51869,AIT JN,KONCH,22:10:00,22:45:00,13,2,0 days 00:35:00
51870,KONCH,AIT JN,04:00:00,04:35:00,13,2,0 days 00:35:00
51881,GWALIOR JN,AGRA CANTT,18:10:00,21:30:00,107,14,0 days 03:20:00
51882,AGRA CANTT,GWALIOR JN,07:35:00,10:15:00,107,14,0 days 02:40:00
51883,BINA,GWALIOR JN,12:05:00,22:35:00,345,31,0 days 10:30:00
51884,GWALIOR JN,BINA,08:30:00,17:45:00,345,31,0 days 09:15:00
51885,BINA,DAMOH,18:00:00,21:50:00,152,18,0 days 03:50:00
51886,DAMOH,BINA,05:45:00,09:20:00,154,18,0 days 03:35:00
51901,AGRA CANTT,DELHI JN.,09:00:00,16:00:00,190,31,0 days 07:00:00
51902,DELHI JN.,AGRA CANTT,07:00:00,13:25:00,194,32,0 days 06:25:00
51905,DELHI JN.,SHAMLI,18:55:00,22:15:00,93,24,0 days 03:20:00
51906,SHAMLI,DELHI JN.,02:00:00,04:30:00,90,16,0 days 02:30:00
51907,SHAMLI,SAHARANPUR J,18:45:00,20:50:00,70,13,0 days 02:05:00
51908,SAHARANPUR J,SHAMLI,16:20:00,18:15:00,70,13,0 days 01:55:00
51909,DELHI JN.,SAHARANPUR J,05:20:00,11:00:00,163,36,0 days 05:40:00
51910,SAHARANPUR J,DELHI JN.,06:55:00,12:15:00,163,36,0 days 05:20:00
51911,DELHI JN.,SAHARANPUR J,12:45:00,17:50:00,163,36,0 days 05:05:00
51912,SAHARANPUR J,DELHI JN.,18:15:00,23:50:00,163,36,0 days 05:35:00
51913,DELHI JN.,SAHARANPUR J,18:05:00,23:35:00,163,32,0 days 05:30:00
51914,SAHARANPUR J,DELHI JN.,03:15:00,08:10:00,160,28,0 days 04:55:00
51915,DELHI JN.,FARUKHNAGAR,00:10:00,01:55:00,52,12,0 days 01:45:00
51916,FARUKHNAGAR,DELHI JN.,04:10:00,06:15:00,51,12,0 days 02:05:00
51971,MATHURA JN.,ALWAR JN.,09:55:00,13:00:00,122,13,0 days 03:05:00
51972,ALWAR JN.,MATHURA JN.,13:50:00,16:35:00,123,13,0 days 02:45:00
51973,MATHURA JN.,JAIPUR JN.,06:45:00,13:55:00,273,34,0 days 07:10:00
51974,JAIPUR JN.,MATHURA JN.,14:20:00,22:10:00,273,34,0 days 07:50:00
52073,MARWAR JN.,MAVLI JN.,05:20:00,11:30:00,202,15,0 days 06:10:00
52074,MAVLI JN.,MARWAR JN.,18:50:00,00:55:00,202,15,0 days 06:05:00
52075,MARWAR JN.,MAVLI JN.,14:00:00,20:00:00,202,16,0 days 06:00:00
52076,MAVLI JN.,MARWAR JN.,07:00:00,12:55:00,202,16,0 days 05:55:00
52171,GWALIOR (NG),SHEOPUR KALA,06:30:00,17:25:00,186,28,0 days 10:55:00
52172,SHEOPUR KALA,GWALIOR (NG),06:10:00,17:10:00,186,28,0 days 11:00:00
52173,GWALIOR (NG),SABALGARH,15:20:00,20:30:00,92,15,0 days 05:10:00
52174,SABALGARH,GWALIOR (NG),06:15:00,11:15:00,92,15,0 days 05:00:00
52175,GWALIOR (NG),SABALGARH,09:30:00,14:10:00,92,8,0 days 04:40:00
52176,SABALGARH,GWALIOR (NG),15:15:00,19:55:00,92,7,0 days 04:40:00
52177,SABALGARH,SHEOPUR KALA,06:10:00,11:50:00,103,14,0 days 05:40:00
52178,SHEOPUR KALA,SABALGARH,14:05:00,19:35:00,103,14,0 days 05:30:00
52179,DHOLPUR (NG),SIRMUTTRA,04:00:00,07:00:00,70,9,0 days 03:00:00
52180,SIRMUTTRA,DHOLPUR (NG),07:20:00,10:15:00,70,9,0 days 02:55:00
52181,DHOLPUR (NG),TANTPUR,10:40:00,13:05:00,58,9,0 days 02:25:00
52182,TANTPUR,BARI,13:20:00,14:30:00,27,5,0 days 01:10:00
52183,BARI,SIRMUTTRA,14:45:00,16:25:00,39,5,0 days 01:40:00
52184,SIRMUTTRA,DHOLPUR (NG),16:40:00,19:35:00,70,9,0 days 02:55:00
52205,PILIBHIT JN.,MAILANI JN.,11:00:00,13:15:00,67,13,0 days 02:15:00
52206,MAILANI JN.,PILIBHIT JN.,20:50:00,23:00:00,67,8,0 days 02:10:00
52207,PILIBHIT JN.,MAILANI JN.,07:40:00,09:55:00,67,13,0 days 02:15:00
52208,MAILANI JN.,PILIBHIT JN.,13:30:00,16:00:00,67,13,0 days 02:30:00
52221,PILIBHIT JN.,MAILANI JN.,15:00:00,17:25:00,67,13,0 days 02:25:00
52222,MAILANI JN.,PILIBHIT JN.,10:15:00,12:40:00,67,13,0 days 02:25:00
52223,PILIBHIT JN.,MAILANI JN.,17:40:00,20:00:00,67,13,0 days 02:20:00
52224,MAILANI JN.,PILIBHIT JN.,06:20:00,08:35:00,67,13,0 days 02:15:00
52225,PILIBHIT JN.,MAILANI JN.,21:00:00,23:00:00,67,8,0 days 02:00:00
52226,MAILANI JN.,PILIBHIT JN.,17:50:00,20:05:00,67,13,0 days 02:15:00
52229,SHAHJAHANPUR,PILIBHIT JN.,06:30:00,09:20:00,84,15,0 days 02:50:00
52230,PILIBHIT JN.,SHAHJAHANPUR,09:30:00,12:45:00,84,16,0 days 03:15:00
52231,PILIBHIT JN.,SHAHJAHANPUR,07:20:00,10:00:00,84,15,0 days 02:40:00
52232,SHAHJAHANPUR,PILIBHIT JN.,10:45:00,13:35:00,84,15,0 days 02:50:00
52233,PILIBHIT JN.,SHAHJAHANPUR,14:00:00,16:50:00,83,15,0 days 02:50:00
52234,SHAHJAHANPUR,PILIBHIT JN.,13:35:00,16:50:00,84,16,0 days 03:15:00
52235,PILIBHIT JN.,SHAHJAHANPUR,17:50:00,20:55:00,83,14,0 days 03:05:00
52236,SHAHJAHANPUR,PILIBHIT JN.,17:30:00,20:15:00,84,13,0 days 02:45:00
52239,TIKUNIA,MAILANI JN.,06:20:00,09:30:00,78,6,0 days 03:10:00
52240,MAILANI JN.,TIKUNIA,18:30:00,21:00:00,78,6,0 days 02:30:00
52241,BAHRAICH,MAILANI JN.,06:15:00,13:45:00,205,18,0 days 07:30:00
52242,MAILANI JN.,BAHRAICH,15:15:00,22:15:00,205,18,0 days 07:00:00
52251,BAHRAICH,MAILANI JN.,10:45:00,18:00:00,205,18,0 days 07:15:00
52252,MAILANI JN.,BAHRAICH,07:00:00,14:15:00,205,19,0 days 07:15:00
52253,BAHRAICH,MAILANI JN.,13:15:00,21:15:00,205,18,0 days 08:00:00
52254,MAILANI JN.,BAHRAICH,10:25:00,17:15:00,205,18,0 days 06:50:00
52255,BAHRAICH,MAILANI JN.,18:00:00,01:15:00,205,19,0 days 07:15:00
52256,MAILANI JN.,BAHRAICH,20:30:00,03:00:00,205,18,0 days 06:30:00
52257,BAHRAICH,MAILANI JN.,23:00:00,05:30:00,205,16,0 days 06:30:00
52258,MAILANI JN.,BAHRAICH,03:40:00,10:00:00,205,16,0 days 06:20:00
52259,BAHRAICH,MAILANI JN.,04:30:00,11:45:00,205,16,0 days 07:15:00
52260,MAILANI JN.,BAHRAICH,00:10:00,07:00:00,205,16,0 days 06:50:00
52263,BAHRAICH,NEPALGANJ RO,15:00:00,17:00:00,54,6,0 days 02:00:00
52264,NEPALGANJ RO,BAHRAICH,07:00:00,09:00:00,54,6,0 days 02:00:00
52265,BAHRAICH,NEPALGANJ RO,20:45:00,22:45:00,54,6,0 days 02:00:00
52266,NEPALGANJ RO,BAHRAICH,17:45:00,19:45:00,54,6,0 days 02:00:00
52267,BAHRAICH,NEPALGANJ RO,07:45:00,10:00:00,54,6,0 days 02:15:00
52268,NEPALGANJ RO,BAHRAICH,14:00:00,16:00:00,54,6,0 days 02:00:00
52297,PILIBHIT JN.,SHAHJAHANPUR,05:00:00,07:15:00,84,6,0 days 02:15:00
52298,SHAHJAHANPUR,PILIBHIT JN.,08:05:00,10:50:00,84,6,0 days 02:45:00
52451,KALKA,SHIMLA,05:20:00,10:00:00,95,3,0 days 04:40:00
52452,SHIMLA,KALKA,17:50:00,22:35:00,95,3,0 days 04:45:00
52453,KALKA,SHIMLA,06:00:00,11:05:00,95,12,0 days 05:05:00
52454,SHIMLA,KALKA,18:30:00,23:30:00,95,14,0 days 05:00:00
52455,KALKA,SHIMLA,12:10:00,17:30:00,95,11,0 days 05:20:00
52456,SHIMLA,KALKA,10:25:00,16:10:00,95,10,0 days 05:45:00
52457,KALKA,SHIMLA,03:30:00,08:55:00,95,18,0 days 05:25:00
52458,SHIMLA,KALKA,14:25:00,20:10:00,95,18,0 days 05:45:00
52461,PATHANKOT JN,JAWALAMUKHI,17:50:00,21:45:00,93,17,0 days 03:55:00
52462,JAWALAMUKHI,PATHANKOT JN,04:45:00,08:30:00,104,17,0 days 03:45:00
52463,PATHANKOT JN,BAIJNATH PAP,04:00:00,10:45:00,156,28,0 days 06:45:00
52464,BAIJNATH PAP,PATHANKOT JN,04:00:00,10:50:00,176,27,0 days 06:50:00
52465,PATHANKOT JN,BAIJNATH PAP,06:45:00,14:00:00,162,30,0 days 07:15:00
52466,BAIJNATH PAP,PATHANKOT JN,07:20:00,14:20:00,185,30,0 days 07:00:00
52467,PATHANKOT JN,BAIJNATH PAP,13:20:00,20:55:00,162,30,0 days 07:35:00
52468,BAIJNATH PAP,PATHANKOT JN,14:10:00,20:25:00,185,30,0 days 06:15:00
52469,PATHANKOT JN,BAIJNATH PAP,15:50:00,22:30:00,164,25,0 days 06:40:00
52470,BAIJNATH PAP,PATHANKOT JN,17:35:00,23:55:00,169,23,0 days 06:20:00
52471,PATHANKOT JN,JOGINDER NAG,02:15:00,11:25:00,192,30,0 days 09:10:00
52472,JOGINDER NAG,PATHANKOT JN,07:20:00,17:30:00,215,34,0 days 10:10:00
52473,PATHANKOT JN,JOGINDER NAG,10:00:00,19:45:00,191,34,0 days 09:45:00
52474,JOGINDER NAG,PATHANKOT JN,12:20:00,22:35:00,213,33,0 days 10:15:00
52540,DARJEELING,NEW JALPAIGU,08:00:00,15:10:00,87,12,0 days 07:10:00
52541,NEW JALPAIGU,DARJEELING,08:30:00,15:35:00,87,12,0 days 07:05:00
52570,DARJEELING,KURSEONG,09:15:00,12:30:00,30,5,0 days 03:15:00
52571,KURSEONG,DARJEELING,14:00:00,17:45:00,30,5,0 days 03:45:00
52587,KURSEONG,DARJEELING,06:30:00,09:05:00,30,5,0 days 02:35:00
52588,DARJEELING,KURSEONG,16:00:00,18:30:00,30,5,0 days 02:30:00
52591,DARJEELING,DARJEELING,07:40:00,09:25:00,12,3,0 days 01:45:00
52592,DARJEELING,DARJEELING,09:30:00,11:35:00,12,3,0 days 02:05:00
52593,DARJEELING,DARJEELING,09:40:00,11:40:00,12,3,0 days 02:00:00
52594,DARJEELING,DARJEELING,10:00:00,12:00:00,12,3,0 days 02:00:00
52595,DARJEELING,DARJEELING,12:10:00,14:10:00,12,3,0 days 02:00:00
52596,DARJEELING,DARJEELING,12:20:00,14:20:00,12,3,0 days 02:00:00
52597,DARJEELING,DARJEELING,12:45:00,14:30:00,12,3,0 days 01:45:00
52598,DARJEELING,DARJEELING,16:05:00,18:05:00,12,3,0 days 02:00:00
52599,DARJEELING,DARJEELING,16:20:00,18:20:00,12,3,0 days 02:00:00
52911,RANUJ,AHMEDABAD JN,05:30:00,09:55:00,134,14,0 days 04:25:00
52912,AHMEDABAD JN,RANUJ,17:35:00,21:30:00,134,14,0 days 03:55:00
52913,RANUJ,AHMEDABAD JN,12:25:00,17:15:00,134,14,0 days 04:50:00
52914,AHMEDABAD JN,RANUJ,07:40:00,11:55:00,134,14,0 days 04:15:00
52929,VERAVAL MG,DHASA JN (MG,09:45:00,16:45:00,189,17,0 days 07:00:00
52930,DHASA JN (MG,VERAVAL MG,12:05:00,18:00:00,189,17,0 days 05:55:00
52931,JETALSAR JN,DHASA JN (MG,07:45:00,10:20:00,104,11,0 days 02:35:00
52932,DHASA JN (MG,JETALSAR JN,17:30:00,19:55:00,104,11,0 days 02:25:00
52933,VERAVAL MG,DHASA JN (MG,13:55:00,20:15:00,189,17,0 days 06:20:00
52934,BOTAD JN (MG,GANDHIGRAM,04:55:00,09:40:00,154,21,0 days 04:45:00
52935,GANDHIGRAM,BOTAD JN (MG,15:50:00,20:15:00,154,20,0 days 04:25:00
52938,BOTAD JN (MG,AHMEDABAD JN,16:55:00,21:55:00,175,14,0 days 05:00:00
52939,AHMEDABAD JN,BOTAD JN (MG,06:05:00,11:15:00,175,14,0 days 05:10:00
52940,BOTAD JN (MG,GANDHIGRAM,14:00:00,18:45:00,154,20,0 days 04:45:00
52941,GANDHIGRAM,BOTAD JN (MG,08:45:00,13:10:00,154,20,0 days 04:25:00
52942,BOTAD JN (MG,GANDHIGRAM,07:10:00,10:50:00,154,12,0 days 03:40:00
52943,GANDHIGRAM,BOTAD JN (MG,17:55:00,21:10:00,154,12,0 days 03:15:00
52944,BOTAD JN (MG,GANDHIGRAM,04:30:00,08:25:00,154,17,0 days 03:55:00
52945,GANDHIGRAM,BOTAD JN (MG,19:10:00,22:55:00,154,17,0 days 03:45:00
52946,DHASA JN (MG,VERAVAL MG,07:30:00,13:15:00,189,17,0 days 05:45:00
52947,JETALSAR JN,DHASA JN (MG,20:15:00,22:35:00,104,11,0 days 02:20:00
52948,DHASA JN (MG,JETALSAR JN,07:05:00,09:20:00,104,11,0 days 02:15:00
52949,VERAVAL MG,DELVADA,16:20:00,19:55:00,95,12,0 days 03:35:00
52950,DELVADA,VERAVAL MG,08:05:00,11:20:00,95,12,0 days 03:15:00
52951,DELVADA,JUNAGADH JN,14:25:00,20:35:00,159,19,0 days 06:10:00
52952,JUNAGADH JN,DELVADA,07:15:00,13:20:00,159,19,0 days 06:05:00
52953,KODINAR,VERAVAL MG,14:55:00,18:40:00,70,7,0 days 03:45:00
52954,VERAVAL MG,KODINAR,11:55:00,14:30:00,70,7,0 days 02:35:00
52955,KHIJADIYA JN,JUNAGADH JN,06:10:00,10:20:00,133,12,0 days 04:10:00
52956,JUNAGADH JN,KHIJADIYA JN,18:00:00,21:50:00,133,12,0 days 03:50:00
52963,MHOW,SANAWAD,06:45:00,09:05:00,63,8,0 days 02:20:00
52964,SANAWAD,MHOW,14:00:00,16:30:00,63,8,0 days 02:30:00
52973,MHOW,SANAWAD,19:30:00,22:00:00,63,8,0 days 02:30:00
52974,SANAWAD,MHOW,06:05:00,08:35:00,63,8,0 days 02:30:00
52975,MHOW,SANAWAD,14:00:00,16:30:00,63,8,0 days 02:30:00
52976,SANAWAD,MHOW,18:45:00,21:15:00,63,8,0 days 02:30:00
52987,MHOW,SANAWAD,19:30:00,22:00:00,63,8,0 days 02:30:00
52988,SANAWAD,MHOW,06:05:00,08:35:00,63,8,0 days 02:30:00
53001,HOWRAH JN.,AZIMGANJ JN.,16:00:00,22:00:00,209,42,0 days 06:00:00
53002,AZIMGANJ JN.,HOWRAH JN.,21:05:00,03:50:00,216,36,0 days 06:45:00
53005,KATWA JN.,AZIMGANJ JN.,08:05:00,10:20:00,65,17,0 days 02:15:00
53006,AZIMGANJ JN.,KATWA JN.,03:30:00,05:20:00,72,16,0 days 01:50:00
53007,KATWA JN.,RAMPUR HAT,09:00:00,13:30:00,131,28,0 days 04:30:00
53008,RAMPUR HAT,KATWA JN.,09:00:00,14:30:00,131,29,0 days 05:30:00
53009,KATWA JN.,AZIMGANJ JN.,11:55:00,14:00:00,65,18,0 days 02:05:00
53010,AZIMGANJ JN.,KATWA JN.,04:40:00,06:50:00,72,19,0 days 02:10:00
53011,KATWA JN.,AZIMGANJ JN.,13:50:00,15:50:00,65,15,0 days 02:00:00
53012,AZIMGANJ JN.,KATWA JN.,07:20:00,09:35:00,72,20,0 days 02:15:00
53013,KATWA JN.,AZIMGANJ JN.,16:00:00,18:00:00,72,17,0 days 02:00:00
53014,AZIMGANJ JN.,KATWA JN.,08:55:00,10:55:00,72,17,0 days 02:00:00
53015,KATWA JN.,AZIMGANJ JN.,18:45:00,20:45:00,65,16,0 days 02:00:00
53016,AZIMGANJ JN.,KATWA JN.,13:05:00,15:25:00,72,16,0 days 02:20:00
53017,KATWA JN.,AZIMGANJ JN.,19:20:00,21:35:00,72,17,0 days 02:15:00
53018,AZIMGANJ JN.,KATWA JN.,15:15:00,17:28:00,72,20,0 days 02:13:00
53019,KATWA JN.,AZIMGANJ JN.,21:55:00,23:45:00,65,13,0 days 01:50:00
53020,AZIMGANJ JN.,KATWA JN.,16:40:00,18:42:00,65,15,0 days 02:02:00
53021,AZIMGANJ JN.,SAHIBGANJ,03:15:00,08:25:00,142,25,0 days 05:10:00
53022,SAHIBGANJ,AZIMGANJ JN.,14:15:00,19:30:00,142,25,0 days 05:15:00
53023,AZIMGANJ JN.,RAMPUR HAT,05:40:00,07:35:00,59,11,0 days 01:55:00
53024,RAMPUR HAT,AZIMGANJ JN.,22:25:00,00:05:00,59,10,0 days 01:40:00
53025,AZIMGANJ JN.,RAMPUR HAT,09:15:00,11:05:00,59,11,0 days 01:50:00
53026,RAMPUR HAT,AZIMGANJ JN.,17:50:00,20:00:00,59,11,0 days 02:10:00
53027,AZIMGANJ JN.,MALDA TOWN,16:05:00,19:45:00,112,22,0 days 03:40:00
53028,MALDA TOWN,AZIMGANJ JN.,07:10:00,11:00:00,112,22,0 days 03:50:00
53029,AZIMGANJ JN.,BHAGALPUR,16:25:00,01:20:00,217,42,0 days 08:55:00
53030,BHAGALPUR,AZIMGANJ JN.,04:45:00,12:55:00,217,41,0 days 08:10:00
53031,AZIMGANJ JN.,RAMPUR HAT,18:25:00,20:25:00,59,11,0 days 02:00:00
53034,RAMPUR HAT,AZIMGANJ JN.,15:45:00,17:30:00,59,11,0 days 01:45:00
53035,AZIMGANJ JN.,BARHARWA JN.,21:20:00,01:35:00,87,18,0 days 04:15:00
53036,BARHARWA JN.,AZIMGANJ JN.,03:45:00,06:30:00,87,20,0 days 02:45:00
53037,SAHIBGANJ,BHAGALPUR,08:45:00,11:05:00,74,14,0 days 02:20:00
53038,BHAGALPUR,SAHIBGANJ,11:40:00,14:05:00,74,14,0 days 02:25:00
53041,HOWRAH JN.,JAYNAGAR,07:15:00,12:35:00,718,118,1 days 05:20:00
53042,JAYNAGAR,HOWRAH JN.,20:10:00,23:00:00,718,107,1 days 02:50:00
53043,HOWRAH JN.,RAJGIR,11:10:00,10:55:00,653,83,0 days 23:45:00
53044,RAJGIR,HOWRAH JN.,12:30:00,12:10:00,653,73,0 days 23:40:00
53045,HOWRAH JN.,RAMPUR HAT,16:25:00,22:15:00,286,21,0 days 05:50:00
53046,RAMPUR HAT,HOWRAH JN.,05:30:00,11:35:00,287,20,0 days 06:05:00
53047,HOWRAH JN.,RAMPUR HAT,16:40:00,21:25:00,218,23,0 days 04:45:00
53048,RAMPUR HAT,HOWRAH JN.,05:10:00,10:10:00,218,23,0 days 05:00:00
53049,HOWRAH JN.,MOKAMA JN.,23:10:00,11:10:00,453,53,0 days 12:00:00
53050,MOKAMA JN.,HOWRAH JN.,12:10:00,03:00:00,454,50,0 days 14:50:00
53061,BARDDHAMAN J,HATIA,06:15:00,18:10:00,348,50,0 days 11:55:00
53062,HATIA,BARDDHAMAN J,07:55:00,20:50:00,346,50,0 days 12:55:00
53063,BARDDHAMAN J,BARHARWA JN.,06:30:00,11:30:00,194,31,0 days 05:00:00
53064,BARHARWA JN.,BARDDHAMAN J,14:45:00,20:40:00,194,31,0 days 05:55:00
53068,RAMPUR HAT,BARDDHAMAN J,09:35:00,12:10:00,111,19,0 days 02:35:00
53069,BARDDHAMAN J,RAMPUR HAT,20:15:00,22:55:00,111,19,0 days 02:40:00
53073,RAMPUR HAT,SAHIBGANJ,20:45:00,00:20:00,137,22,0 days 03:35:00
53074,SAHIBGANJ,RAMPUR HAT,04:45:00,08:20:00,137,22,0 days 03:35:00
53075,RAMPUR HAT,BARHARWA JN.,23:00:00,00:55:00,82,13,0 days 01:55:00
53076,BARHARWA JN.,RAMPUR HAT,02:10:00,04:20:00,82,13,0 days 02:10:00
53081,RAMPUR HAT,DUMKA,11:30:00,13:10:00,64,8,0 days 01:40:00
53131,SEALDAH,MUZAFFARPUR,05:50:00,00:15:00,571,70,0 days 18:25:00
53132,MUZAFFARPUR,SEALDAH,07:40:00,03:25:00,572,70,0 days 19:45:00
53137,RAMPUR HAT,BARHARWA JN.,04:40:00,06:35:00,82,13,0 days 01:55:00
53138,BARHARWA JN.,RAMPUR HAT,09:50:00,12:00:00,82,13,0 days 02:10:00
53139,KOLKATA,JASIDIH JN.,22:25:00,05:50:00,324,18,0 days 07:25:00
53140,JASIDIH JN.,KOLKATA,07:00:00,13:35:00,325,18,0 days 06:35:00
53171,SEALDAH,LALGOLA,03:45:00,09:35:00,231,40,0 days 05:50:00
53172,LALGOLA,SEALDAH,22:00:00,04:30:00,229,38,0 days 06:30:00
53175,SEALDAH,LALGOLA,12:40:00,18:30:00,231,35,0 days 05:50:00
53176,LALGOLA,SEALDAH,06:50:00,12:37:00,229,36,0 days 05:47:00
53177,SEALDAH,LALGOLA,16:40:00,22:00:00,230,29,0 days 05:20:00
53178,LALGOLA,SEALDAH,09:00:00,15:10:00,229,36,0 days 06:10:00
53179,KOLKATA,LALGOLA,14:00:00,19:35:00,223,35,0 days 05:35:00
53180,LALGOLA,KOLKATA,14:15:00,20:20:00,222,39,0 days 06:05:00
53181,SEALDAH,LALGOLA,23:30:00,05:10:00,230,34,0 days 05:40:00
53186,LALGOLA,SEALDAH,07:20:00,12:45:00,229,33,0 days 05:25:00
53207,ISLAMPUR,FATUHA,14:00:00,16:20:00,42,5,0 days 02:20:00
53208,FATUHA,ISLAMPUR,11:30:00,13:05:00,42,5,0 days 01:35:00
53209,RAJGIR,FATUHA,07:00:00,10:30:00,71,8,0 days 03:30:00
53210,FATUHA,RAJGIR,17:20:00,21:10:00,71,8,0 days 03:50:00
53211,PATNA JN.,SASARAM,15:10:00,19:40:00,146,13,0 days 04:30:00
53212,SASARAM,PATNA JN.,05:30:00,11:20:00,146,13,0 days 05:50:00
53213,PATNA JN.,GAYA JN.,14:00:00,17:05:00,94,26,0 days 03:05:00
53214,GAYA JN.,PATNA JN.,18:00:00,21:10:00,88,25,0 days 03:10:00
53221,RAJGIR,BAKHTIYARPUR,21:40:00,00:10:00,53,8,0 days 02:30:00
53222,BAKHTIYARPUR,RAJGIR,16:00:00,18:30:00,53,8,0 days 02:30:00
53223,RAJGIR,BAKHTIYARPUR,09:30:00,12:30:00,53,8,0 days 03:00:00
53224,BAKHTIYARPUR,RAJGIR,05:45:00,08:45:00,53,7,0 days 03:00:00
53225,BAKHTIYARPUR,GAYA JN.,14:05:00,19:35:00,140,13,0 days 05:30:00
53226,GAYA JN.,BAKHTIYARPUR,08:07:00,14:00:00,140,13,0 days 05:53:00
53229,RAJGIR,DANAPUR,05:00:00,10:00:00,108,19,0 days 05:00:00
53230,DANAPUR,RAJGIR,18:20:00,23:15:00,108,18,0 days 04:55:00
53231,TILAIYA,DANAPUR,15:30:00,00:05:00,154,20,0 days 08:35:00
53232,DANAPUR,TILAIYA,08:35:00,15:00:00,154,20,0 days 06:25:00
53323,SINDRI TOWN,DHANBAD JN.,08:30:00,09:50:00,27,7,0 days 01:20:00
53324,DHANBAD JN.,SINDRI TOWN,06:10:00,07:35:00,27,7,0 days 01:25:00
53327,SINDRI TOWN,NSC BOSE J G,13:40:00,15:45:00,56,12,0 days 02:05:00
53328,NSC BOSE J G,SINDRI TOWN,16:15:00,18:30:00,56,12,0 days 02:15:00
53333,SINDRI TOWN,DHANBAD JN.,19:35:00,21:05:00,27,6,0 days 01:30:00
53334,DHANBAD JN.,SINDRI TOWN,12:00:00,13:10:00,27,6,0 days 01:10:00
53343,NSC BOSE J G,CHOPAN,05:40:00,19:00:00,460,59,0 days 13:20:00
53344,CHOPAN,NSC BOSE J G,06:35:00,19:45:00,460,58,0 days 13:10:00
53345,CHOPAN,ALLAHABAD JN,04:20:00,12:55:00,223,23,0 days 08:35:00
53346,ALLAHABAD JN,CHOPAN,14:50:00,22:45:00,223,23,0 days 07:55:00
53347,NSC BOSE J G,BARWADIH JN,09:50:00,16:50:00,258,36,0 days 07:00:00
53348,BARWADIH JN,NSC BOSE J G,05:50:00,13:55:00,258,35,0 days 08:05:00
53349,BARWADIH JN,DEHRI-ON-SON,17:20:00,21:35:00,159,24,0 days 04:15:00
53350,DEHRI-ON-SON,BARWADIH JN,05:35:00,10:10:00,159,24,0 days 04:35:00
53351,BARWADIH JN,CHUNAR JN.,03:00:00,11:55:00,304,31,0 days 08:55:00
53352,CHUNAR JN.,BARWADIH JN,14:00:00,23:20:00,304,31,0 days 09:20:00
53357,BARKAKANA,DEHRI-ON-SON,06:50:00,15:00:00,316,43,0 days 08:10:00
53358,DEHRI-ON-SON,BARKAKANA,15:40:00,23:55:00,316,42,0 days 08:15:00
53363,GAYA JN.,DEHRI-ON-SON,10:10:00,12:15:00,85,14,0 days 02:05:00
53364,DEHRI-ON-SON,GAYA JN.,13:20:00,15:30:00,85,14,0 days 02:10:00
53365,KAWAR,KODERMA,09:30:00,12:00:00,87,9,0 days 02:30:00
53366,KODERMA,KAWAR,06:00:00,08:30:00,87,9,0 days 02:30:00
53369,KAWAR,KODERMA,18:15:00,20:45:00,87,9,0 days 02:30:00
53370,KODERMA,KAWAR,14:45:00,17:15:00,87,9,0 days 02:30:00
53371,KODERMA,BARKAKANA,06:00:00,10:30:00,139,16,0 days 04:30:00
53372,BARKAKANA,KODERMA,06:00:00,10:20:00,139,16,0 days 04:20:00
53373,KODERMA,BARKAKANA,12:50:00,17:00:00,139,16,0 days 04:10:00
53374,BARKAKANA,KODERMA,18:00:00,22:20:00,139,16,0 days 04:20:00
53401,SAHIBGANJ,MALDA TOWN,06:00:00,09:15:00,103,19,0 days 03:15:00
53402,MALDA TOWN,SAHIBGANJ,16:20:00,19:25:00,103,19,0 days 03:05:00
53403,RAMPUR HAT,GAYA JN.,05:40:00,00:02:00,433,66,0 days 18:22:00
53404,GAYA JN.,JAMALPUR JN.,06:20:00,12:50:00,174,21,0 days 06:30:00
53405,RAMPUR HAT,SAHIBGANJ,07:45:00,11:11:00,137,22,0 days 03:26:00
53406,SAHIBGANJ,RAMPUR HAT,19:25:00,23:30:00,137,22,0 days 04:05:00
53408,JAMALPUR JN.,RAMPUR HAT,13:05:00,21:50:00,259,46,0 days 08:45:00
53411,BARHARWA JN.,SAHIBGANJ,12:30:00,14:00:00,54,10,0 days 01:30:00
53412,SAHIBGANJ,BARHARWA JN.,12:10:00,13:40:00,54,10,0 days 01:30:00
53415,SAHIBGANJ,JAMALPUR JN.,15:25:00,19:55:00,127,31,0 days 04:30:00
53416,JAMALPUR JN.,SAHIBGANJ,07:30:00,11:35:00,127,31,0 days 04:05:00
53417,BARDDHAMAN J,MALDA TOWN,05:00:00,11:00:00,233,39,0 days 06:00:00
53418,MALDA TOWN,BARDDHAMAN J,15:00:00,21:40:00,233,39,0 days 06:40:00
53423,JAMALPUR JN.,KIUL JN.,12:00:00,13:15:00,45,13,0 days 01:15:00
53424,KIUL JN.,JAMALPUR JN.,13:45:00,15:10:00,44,13,0 days 01:25:00
53431,SAHIBGANJ,JAMALPUR JN.,07:05:00,11:55:00,127,31,0 days 04:50:00
53432,JAMALPUR JN.,SAHIBGANJ,15:30:00,19:25:00,127,31,0 days 03:55:00
53433,AZIMGANJ JN.,BARHARWA JN.,08:40:00,11:55:00,87,19,0 days 03:15:00
53434,BARHARWA JN.,AZIMGANJ JN.,14:20:00,17:05:00,87,19,0 days 02:45:00
53435,KATWA JN.,AZIMGANJ JN.,06:00:00,08:20:00,65,19,0 days 02:20:00
53436,AZIMGANJ JN.,KATWA JN.,18:40:00,21:05:00,65,18,0 days 02:25:00
53441,HANSDIHA,BHAGALPUR,10:40:00,13:35:00,71,16,0 days 02:55:00
53442,BHAGALPUR,HANSDIHA,04:00:00,06:55:00,72,16,0 days 02:55:00
53443,HANSDIHA,BHAGALPUR,15:30:00,18:15:00,71,16,0 days 02:45:00
53444,BHAGALPUR,HANSDIHA,12:05:00,15:05:00,73,18,0 days 03:00:00
53445,HANSDIHA,BHAGALPUR,22:00:00,01:00:00,71,16,0 days 03:00:00
53446,BHAGALPUR,HANSDIHA,18:45:00,21:40:00,72,16,0 days 02:55:00
53447,BANKA,BHAGALPUR,19:40:00,21:55:00,50,15,0 days 02:15:00
53448,BHAGALPUR,BANKA,16:45:00,19:05:00,51,15,0 days 02:20:00
53449,BANKA,BHAGALPUR,09:25:00,11:40:00,50,15,0 days 02:15:00
53450,BHAGALPUR,BANKA,06:40:00,09:00:00,51,15,0 days 02:20:00
53451,DUMKA,HANSDIHA,09:15:00,10:35:00,41,6,0 days 01:20:00
53452,HANSDIHA,DUMKA,07:00:00,08:25:00,41,6,0 days 01:25:00
53479,JAMALPUR JN.,KIUL JN.,05:20:00,06:40:00,45,13,0 days 01:20:00
53480,KIUL JN.,JAMALPUR JN.,07:40:00,09:05:00,44,13,0 days 01:25:00
53481,TINPAHAR JN.,RAJMAHAL,03:50:00,04:15:00,11,2,0 days 00:25:00
53482,RAJMAHAL,TINPAHAR JN.,02:00:00,02:25:00,11,2,0 days 00:25:00
53483,TINPAHAR JN.,RAJMAHAL,05:45:00,06:10:00,11,2,0 days 00:25:00
53484,RAJMAHAL,TINPAHAR JN.,04:35:00,05:00:00,11,2,0 days 00:25:00
53485,TINPAHAR JN.,RAJMAHAL,09:50:00,10:18:00,11,2,0 days 00:28:00
53486,RAJMAHAL,TINPAHAR JN.,06:30:00,06:55:00,11,2,0 days 00:25:00
53487,TINPAHAR JN.,RAJMAHAL,13:47:00,14:15:00,11,2,0 days 00:28:00
53488,RAJMAHAL,TINPAHAR JN.,12:00:00,12:25:00,11,2,0 days 00:25:00
53489,TINPAHAR JN.,RAJMAHAL,16:20:00,16:45:00,11,2,0 days 00:25:00
53490,RAJMAHAL,TINPAHAR JN.,14:55:00,15:20:00,11,2,0 days 00:25:00
53491,TINPAHAR JN.,RAJMAHAL,19:10:00,19:35:00,11,2,0 days 00:25:00
53492,RAJMAHAL,TINPAHAR JN.,17:10:00,17:38:00,11,2,0 days 00:28:00
53493,TINPAHAR JN.,RAJMAHAL,21:30:00,21:55:00,11,2,0 days 00:25:00
53494,RAJMAHAL,TINPAHAR JN.,20:00:00,20:25:00,11,2,0 days 00:25:00
53495,TINPAHAR JN.,RAJMAHAL,23:30:00,23:55:00,11,2,0 days 00:25:00
53496,RAJMAHAL,TINPAHAR JN.,22:20:00,22:45:00,11,2,0 days 00:25:00
53497,BHAGALPUR,JAMALPUR JN.,21:25:00,23:05:00,52,18,0 days 01:40:00
53498,JAMALPUR JN.,BHAGALPUR,18:58:00,21:05:00,52,18,0 days 02:07:00
53511,MADHUPUR JN.,GIRDIH,03:20:00,04:20:00,38,7,0 days 01:00:00
53512,GIRDIH,MADHUPUR JN.,04:50:00,05:45:00,37,7,0 days 00:55:00
53513,MADHUPUR JN.,GIRDIH,08:00:00,09:00:00,38,7,0 days 01:00:00
53514,GIRDIH,MADHUPUR JN.,09:20:00,10:20:00,37,7,0 days 01:00:00
53515,MADHUPUR JN.,GIRDIH,12:15:00,13:15:00,38,7,0 days 01:00:00
53516,GIRDIH,MADHUPUR JN.,13:35:00,14:35:00,37,7,0 days 01:00:00
53517,MADHUPUR JN.,GIRDIH,16:20:00,17:20:00,38,7,0 days 01:00:00
53518,GIRDIH,MADHUPUR JN.,17:40:00,18:35:00,37,7,0 days 00:55:00
53519,MADHUPUR JN.,GIRDIH,21:35:00,22:30:00,38,7,0 days 00:55:00
53520,GIRDIH,MADHUPUR JN.,22:50:00,23:45:00,37,7,0 days 00:55:00
53523,ASANSOL MAIN,BARKAKANA,16:30:00,22:45:00,188,35,0 days 06:15:00
53524,BARKAKANA,ASANSOL MAIN,03:00:00,09:50:00,188,35,0 days 06:50:00
53525,BARKAKANA,VARANASI JN.,04:00:00,17:40:00,453,63,0 days 13:40:00
53526,VARANASI JN.,BARKAKANA,07:00:00,20:30:00,453,62,0 days 13:30:00
53551,DUMKA,JASIDIH JN.,09:25:00,11:05:00,70,9,0 days 01:40:00
53552,JASIDIH JN.,DUMKA,07:25:00,09:05:00,70,9,0 days 01:40:00
53553,DUMKA,JASIDIH JN.,13:25:00,15:05:00,70,9,0 days 01:40:00
53554,JASIDIH JN.,DUMKA,11:25:00,13:05:00,70,9,0 days 01:40:00
53555,DUMKA,JASIDIH JN.,18:00:00,19:45:00,70,9,0 days 01:45:00
53556,JASIDIH JN.,DUMKA,15:50:00,17:35:00,70,9,0 days 01:45:00
53611,BARWADIH JN,DEHRI-ON-SON,05:30:00,10:05:00,159,24,0 days 04:35:00
53612,DEHRI-ON-SON,BARWADIH JN,19:05:00,23:50:00,159,24,0 days 04:45:00
53615,JAMALPUR JN.,GAYA JN.,08:15:00,14:20:00,174,19,0 days 06:05:00
53616,GAYA JN.,JAMALPUR JN.,15:00:00,20:20:00,174,19,0 days 05:20:00
53623,JHAJHA,GAYA JN.,14:00:00,20:25:00,183,20,0 days 06:25:00
53624,GAYA JN.,JHAJHA,05:05:00,13:00:00,183,21,0 days 07:55:00
53625,KIUL JN.,GAYA JN.,04:55:00,10:10:00,129,13,0 days 05:15:00
53626,GAYA JN.,KIUL JN.,07:20:00,12:10:00,129,13,0 days 04:50:00
53627,KIUL JN.,GAYA JN.,06:10:00,11:35:00,129,12,0 days 05:25:00
53628,GAYA JN.,KIUL JN.,11:15:00,17:00:00,129,12,0 days 05:45:00
53629,KIUL JN.,GAYA JN.,13:15:00,18:00:00,129,12,0 days 04:45:00
53630,GAYA JN.,KIUL JN.,19:00:00,23:45:00,129,13,0 days 04:45:00
53631,KIUL JN.,GAYA JN.,18:00:00,22:05:00,129,12,0 days 04:05:00
53632,GAYA JN.,KIUL JN.,20:55:00,01:30:00,129,12,0 days 04:35:00
53641,DILDARNAGAR,MUGHAL SARAI,19:20:00,21:45:00,53,9,0 days 02:25:00
53642,MUGHAL SARAI,DILDARNAGAR,06:35:00,08:05:00,53,9,0 days 01:30:00
53643,DILDARNAGAR,TARIGHAT,08:15:00,09:15:00,18,4,0 days 01:00:00
53644,TARIGHAT,DILDARNAGAR,09:45:00,10:45:00,18,4,0 days 01:00:00
53645,DILDARNAGAR,TARIGHAT,12:10:00,13:10:00,18,4,0 days 01:00:00
53646,TARIGHAT,DILDARNAGAR,13:40:00,14:40:00,18,4,0 days 01:00:00
53647,DILDARNAGAR,TARIGHAT,16:30:00,17:30:00,18,4,0 days 01:00:00
53648,TARIGHAT,DILDARNAGAR,18:00:00,19:00:00,18,4,0 days 01:00:00
54001,TILAK BRIDGE,ROHTAK JN.,18:35:00,21:15:00,73,20,0 days 02:40:00
54002,ROHTAK JN.,TILAK BRIDGE,06:15:00,08:43:00,73,20,0 days 02:28:00
54005,DELHI JN.,BHIWANI JN.,04:15:00,08:10:00,119,23,0 days 03:55:00
54006,JIND JN,ROHTAK JN.,04:35:00,09:10:00,141,25,0 days 04:35:00
54007,ROHTAK JN.,JIND JN,09:30:00,13:50:00,141,25,0 days 04:20:00
54008,JIND JN,ROHTAK JN.,10:00:00,14:10:00,141,25,0 days 04:10:00
54009,ROHTAK JN.,JIND JN,17:50:00,22:30:00,141,25,0 days 04:40:00
54010,NARWANA JN.,JIND JN,22:50:00,23:35:00,33,5,0 days 00:45:00
54011,TILAK BRIDGE,SADULPUR JN,17:45:00,00:25:00,227,39,0 days 06:40:00
54012,SADULPUR JN,TILAK BRIDGE,02:40:00,09:08:00,227,39,0 days 06:28:00
54013,ROHTAK JN.,BHIWANI JN.,14:05:00,15:10:00,49,7,0 days 01:05:00
54014,BHIWANI JN.,ROHTAK JN.,07:25:00,09:00:00,49,7,0 days 01:35:00
54015,ROHTAK JN.,BHIWANI JN.,17:45:00,19:20:00,49,7,0 days 01:35:00
54016,BHIWANI JN.,ROHTAK JN.,09:50:00,11:05:00,49,7,0 days 01:15:00
54018,BHIWANI JN.,ROHTAK JN.,15:55:00,17:20:00,49,7,0 days 01:25:00
54019,REWARI JN.,ROHTAK JN.,05:05:00,06:45:00,81,8,0 days 01:40:00
54023,ROHTAK JN.,JIND JN,07:00:00,08:20:00,57,9,0 days 01:20:00
54024,JIND JN,DELHI JN.,17:40:00,22:15:00,127,25,0 days 04:35:00
54025,ROHTAK JN.,PANIPAT JN.,11:15:00,14:00:00,60,6,0 days 02:45:00
54026,PANIPAT JN.,ROHTAK JN.,14:50:00,16:35:00,71,6,0 days 01:45:00
54031,DELHI JN.,JIND JN,11:45:00,15:20:00,127,25,0 days 03:35:00
54032,JIND JN,DELHI JN.,07:20:00,11:00:00,127,25,0 days 03:40:00
54033,DELHI JN.,NARWANA JN.,17:25:00,22:25:00,160,29,0 days 05:00:00
54034,JIND JN,DELHI JN.,15:50:00,19:45:00,127,25,0 days 03:55:00
54035,DELHI JN.,JAKHAL JN.,15:40:00,21:40:00,199,35,0 days 06:00:00
54036,JAKHAL JN.,DELHI JN.,04:45:00,10:20:00,199,35,0 days 05:35:00
54037,KURUKSHETRA,JIND JN,07:45:00,11:10:00,120,17,0 days 03:25:00
54038,JIND JN,KURUKSHETRA,04:15:00,07:15:00,119,17,0 days 03:00:00
54039,KURUKSHETRA,JIND JN,12:25:00,15:40:00,120,17,0 days 03:15:00
54040,JIND JN,KURUKSHETRA,08:25:00,11:30:00,119,17,0 days 03:05:00
54041,KURUKSHETRA,JIND JN,18:20:00,21:25:00,120,17,0 days 03:05:00
54042,JIND JN,KURUKSHETRA,13:05:00,16:15:00,119,17,0 days 03:10:00
54043,JIND JN,HISAR JN,16:40:00,00:40:00,327,40,0 days 08:00:00
54044,HISAR JN,JIND JN,05:00:00,14:50:00,327,40,0 days 09:50:00
54045,JIND JN,FIROZPUR CAN,03:25:00,12:35:00,257,34,0 days 09:10:00
54046,FIROZPUR CAN,JIND JN,14:40:00,22:00:00,257,36,0 days 07:20:00
54047,KURUKSHETRA,JIND JN,21:50:00,00:45:00,120,10,0 days 02:55:00
54048,JIND JN,KURUKSHETRA,17:45:00,21:05:00,119,17,0 days 03:20:00
54049,ROHTAK JN.,JIND JN,04:05:00,08:25:00,141,25,0 days 04:20:00
54050,JIND JN,ROHTAK JN.,16:05:00,20:20:00,141,25,0 days 04:15:00
54051,LUDHIANA JN.,FIROZPUR CAN,10:05:00,13:10:00,123,14,0 days 03:05:00
54052,FIROZPUR CAN,LUDHIANA JN.,14:00:00,16:50:00,123,14,0 days 02:50:00
54053,JAKHAL JN.,LUDHIANA JN.,05:20:00,08:35:00,128,19,0 days 03:15:00
54054,LUDHIANA JN.,JAKHAL JN.,18:50:00,22:25:00,128,19,0 days 03:35:00
54055,MORADABAD JN,DELHI JN.,16:15:00,22:10:00,160,26,0 days 05:55:00
54056,DELHI JN.,MORADABAD JN,10:00:00,15:35:00,160,26,0 days 05:35:00
54057,DELHI JN.,SHAMLI,21:00:00,00:40:00,93,24,0 days 03:40:00
54058,SHAMLI,DELHI JN.,03:15:00,06:55:00,93,24,0 days 03:40:00
54059,DELHI JN.,SHAMLI,23:05:00,01:35:00,90,16,0 days 02:30:00
54060,SHAMLI,DELHI JN.,06:30:00,10:10:00,93,24,0 days 03:40:00
54075,SITAPUR CITY,DELHI JN.,14:25:00,03:40:00,408,40,0 days 13:15:00
54076,DELHI JN.,SITAPUR CITY,23:50:00,13:35:00,408,44,0 days 13:45:00
54077,BAREILLY JN.,MORADABAD JN,17:55:00,22:20:00,110,18,0 days 04:25:00
54078,MORADABAD JN,BAREILLY JN.,04:45:00,09:35:00,110,19,0 days 04:50:00
54085,DELHI JN.,REWARI JN.,06:55:00,09:35:00,82,18,0 days 02:40:00
54086,REWARI JN.,DELHI JN.,10:25:00,13:35:00,82,18,0 days 03:10:00
54091,NAJIBABAD JN,KOTDWARA,20:05:00,20:55:00,24,3,0 days 00:50:00
54092,KOTDWARA,NAJIBABAD JN,07:00:00,07:50:00,24,3,0 days 00:50:00
54101,PRAYAG JN.,KANPUR CENTR,16:55:00,23:10:00,208,34,0 days 06:15:00
54102,KANPUR CENTR,PRAYAG JN.,02:55:00,09:00:00,208,34,0 days 06:05:00
54103,CHUNAR JN.,ALLAHABAD JN,06:10:00,09:15:00,120,16,0 days 03:05:00
54104,ALLAHABAD JN,CHUNAR JN.,18:30:00,21:40:00,120,16,0 days 03:10:00
54107,ALLAHABAD JN,JAUNPUR JN.,17:00:00,22:10:00,113,19,0 days 05:10:00
54108,JAUNPUR JN.,ALLAHABAD JN,05:35:00,10:10:00,113,19,0 days 04:35:00
54109,MUGHAL SARAI,FAIZABAD JN.,16:25:00,23:20:00,214,33,0 days 06:55:00
54110,FAIZABAD JN.,MUGHAL SARAI,03:20:00,10:25:00,214,33,0 days 07:05:00
54152,KANPUR CENTR,FATEHPUR,18:05:00,20:50:00,77,13,0 days 02:45:00
54153,RAE BARELI J,KANPUR CENTR,02:50:00,08:40:00,167,27,0 days 05:50:00
54154,KANPUR CENTR,RAE BARELI J,16:32:00,22:10:00,167,27,0 days 05:38:00
54155,KANPUR CENTR,FARRUKHABAD,12:40:00,17:05:00,138,27,0 days 04:25:00
54156,FARRUKHABAD,KANPUR CENTR,10:10:00,14:20:00,139,27,0 days 04:10:00
54158,FARRUKHABAD,KANPUR ANWAR,20:55:00,00:35:00,136,26,0 days 03:40:00
54159,JHANSI JN,ALLAHABAD JN,07:10:00,18:45:00,397,44,0 days 11:35:00
54161,KHAJAURAHO,KANPUR CENTR,04:05:00,10:40:00,261,27,0 days 06:35:00
54162,KANPUR CENTR,KHAJAURAHO,16:20:00,23:00:00,261,28,0 days 06:40:00
54201,LUCKNOW JN.,RAHIMABAD,13:30:00,14:35:00,37,7,0 days 01:05:00
54211,RAE BARELI J,KANPUR CENTR,06:15:00,10:35:00,128,23,0 days 04:20:00
54212,KANPUR CENTR,RAE BARELI J,14:20:00,19:00:00,128,23,0 days 04:40:00
54221,RAE BARELI J,RAGHURAJ SIN,05:05:00,06:55:00,57,10,0 days 01:50:00
54222,RAGHURAJ SIN,RAE BARELI J,07:25:00,09:40:00,57,10,0 days 02:15:00
54223,RAE BARELI J,RAGHURAJ SIN,17:30:00,19:55:00,57,10,0 days 02:25:00
54224,RAGHURAJ SIN,RAE BARELI J,20:40:00,22:40:00,57,10,0 days 02:00:00
54225,UNCHAHAR JN.,RAE BARELI J,09:55:00,10:45:00,37,5,0 days 00:50:00
54226,RAE BARELI J,UNCHAHAR JN.,08:35:00,09:25:00,37,5,0 days 00:50:00
54227,UNCHAHAR JN.,RAE BARELI J,17:15:00,18:30:00,37,5,0 days 01:15:00
54228,RAE BARELI J,UNCHAHAR JN.,15:45:00,16:35:00,37,5,0 days 00:50:00
54231,FAIZABAD JN.,LUCKNOW JN.,05:40:00,09:20:00,127,18,0 days 03:40:00
54232,LUCKNOW JN.,FAIZABAD JN.,04:40:00,08:55:00,127,18,0 days 04:15:00
54233,FAIZABAD JN.,LUCKNOW JN.,16:00:00,19:10:00,127,18,0 days 03:10:00
54234,LUCKNOW JN.,FAIZABAD JN.,17:05:00,21:25:00,127,18,0 days 04:20:00
54237,MANKAPUR JN.,FAIZABAD JN.,20:20:00,21:50:00,46,7,0 days 01:30:00
54238,FAIZABAD JN.,MANKAPUR JN.,04:45:00,06:15:00,45,7,0 days 01:30:00
54239,MANKAPUR JN.,AYODHYA,08:25:00,09:25:00,38,5,0 days 01:00:00
54240,AYODHYA,MANKAPUR JN.,09:55:00,10:50:00,38,5,0 days 00:55:00
54243,MANKAPUR JN.,AYODHYA,17:10:00,18:10:00,38,5,0 days 01:00:00
54244,AYODHYA,MANKAPUR JN.,18:45:00,19:50:00,38,5,0 days 01:05:00
54251,LUCKNOW JN.,SAHARANPUR J,20:00:00,18:50:00,508,74,0 days 22:50:00
54252,SAHARANPUR J,LUCKNOW JN.,08:15:00,04:05:00,518,75,0 days 19:50:00
54253,PRAYAG JN.,LUCKNOW JN.,15:05:00,00:15:00,225,32,0 days 09:10:00
54254,LUCKNOW JN.,PRAYAG JN.,04:50:00,12:10:00,225,32,0 days 07:20:00
54255,VARANASI JN.,LUCKNOW JN.,06:00:00,14:55:00,301,43,0 days 08:55:00
54256,LUCKNOW JN.,VARANASI JN.,11:10:00,21:20:00,301,42,0 days 10:10:00
54261,MUGHAL SARAI,JAUNPUR JN.,19:30:00,22:30:00,75,14,0 days 03:00:00
54262,JAUNPUR JN.,VARANASI JN.,03:15:00,05:15:00,57,11,0 days 02:00:00
54263,VARANASI JN.,SULTANPUR JN,07:00:00,10:30:00,143,21,0 days 03:30:00
54264,SULTANPUR JN,VARANASI JN.,06:35:00,10:15:00,143,21,0 days 03:40:00
54265,VARANASI JN.,SULTANPUR JN,16:15:00,20:10:00,143,21,0 days 03:55:00
54266,SULTANPUR JN,VARANASI JN.,18:30:00,22:45:00,143,21,0 days 04:15:00
54267,MUGHAL SARAI,VARANASI JN.,08:55:00,09:45:00,18,4,0 days 00:50:00
54268,VARANASI JN.,MUGHAL SARAI,07:40:00,08:30:00,18,4,0 days 00:50:00
54270,VARANASI JN.,MUGHAL SARAI,18:25:00,19:12:00,18,4,0 days 00:47:00
54271,ARA,MUGHAL SARAI,12:00:00,19:10:00,198,31,0 days 07:10:00
54272,MUGHAL SARAI,ARA,19:22:00,01:10:00,198,31,0 days 05:48:00
54273,ARA,SASARAM,03:10:00,06:35:00,97,17,0 days 03:25:00
54274,SASARAM,ARA,07:00:00,11:20:00,97,17,0 days 04:20:00
54281,SULTANPUR JN,LUCKNOW JN.,05:30:00,09:35:00,139,19,0 days 04:05:00
54282,LUCKNOW JN.,SULTANPUR JN,06:05:00,10:20:00,139,18,0 days 04:15:00
54283,SULTANPUR JN,LUCKNOW JN.,19:30:00,00:40:00,139,18,0 days 05:10:00
54284,LUCKNOW JN.,SULTANPUR JN,18:55:00,22:45:00,139,18,0 days 03:50:00
54291,VARANASI JN.,PARTAPGARH J,17:15:00,20:55:00,128,18,0 days 03:40:00
54292,PARTAPGARH J,VARANASI JN.,05:05:00,09:20:00,128,18,0 days 04:15:00
54293,PARTAPGARH J,LUCKNOW JN.,06:35:00,12:10:00,172,25,0 days 05:35:00
54294,LUCKNOW JN.,PARTAPGARH J,13:50:00,20:25:00,172,27,0 days 06:35:00
54303,DELHI JN.,KALKA,15:20:00,23:50:00,266,41,0 days 08:30:00
54304,KALKA,DELHI JN.,07:05:00,19:40:00,331,47,0 days 12:35:00
54307,MORADABAD JN,DELHI JN.,17:00:00,23:10:00,160,23,0 days 06:10:00
54308,DELHI JN.,MORADABAD JN,01:40:00,08:00:00,160,23,0 days 06:20:00
54309,DELHI JN.,REWARI JN.,05:20:00,08:10:00,82,18,0 days 02:50:00
54310,REWARI JN.,DELHI JN.,09:30:00,12:20:00,82,18,0 days 02:50:00
54311,BAREILLY JN.,MORADABAD JN,12:20:00,15:50:00,110,20,0 days 03:30:00
54312,MORADABAD JN,BAREILLY JN.,07:50:00,11:35:00,110,20,0 days 03:45:00
54313,CHANDAUSI JN,MORADABAD JN,18:55:00,20:50:00,43,9,0 days 01:55:00
54314,MORADABAD JN,CHANDAUSI JN,16:30:00,18:15:00,43,9,0 days 01:45:00
54321,BALAMAU JN.,SITAPUR CANT,07:40:00,12:33:00,64,13,0 days 04:53:00
54322,SITAPUR CANT,BALAMAU JN.,18:15:00,21:05:00,64,13,0 days 02:50:00
54323,BURHWAL JN.,SITAPUR CANT,15:40:00,18:05:00,98,11,0 days 02:25:00
54324,SITAPUR CANT,BURHWAL JN.,12:40:00,15:00:00,97,14,0 days 02:20:00
54325,SITAPUR CITY,KANPUR CENTR,11:00:00,20:05:00,176,30,0 days 09:05:00
54326,KANPUR CENTR,SITAPUR CITY,05:15:00,14:15:00,176,30,0 days 09:00:00
54327,SITAPUR CITY,SHAHJAHANPUR,17:40:00,20:30:00,86,11,0 days 02:50:00
54328,SHAHJAHANPUR,SITAPUR CITY,07:05:00,09:25:00,86,11,0 days 02:20:00
54329,BALAMAU JN.,SHAHJAHANPUR,17:50:00,21:15:00,95,16,0 days 03:25:00
54330,SHAHJAHANPUR,BALAMAU JN.,08:20:00,11:35:00,95,16,0 days 03:15:00
54331,LUCKNOW JN.,BALAMAU JN.,17:05:00,19:30:00,68,11,0 days 02:25:00
54332,BALAMAU JN.,LUCKNOW JN.,07:20:00,09:45:00,68,10,0 days 02:25:00
54333,VARANASI JN.,LUCKNOW JN.,03:45:00,16:15:00,323,46,0 days 12:30:00
54334,LUCKNOW JN.,VARANASI JN.,11:00:00,21:40:00,323,46,0 days 10:40:00
54335,BALAMAU JN.,KANPUR CENTR,07:00:00,10:50:00,117,20,0 days 03:50:00
54336,KANPUR CENTR,BALAMAU JN.,14:40:00,18:35:00,117,20,0 days 03:55:00
54341,SAHARANPUR J,DEHRA DUN,14:10:00,20:35:00,131,21,0 days 06:25:00
54342,DEHRA DUN,SAHARANPUR J,07:45:00,13:05:00,131,21,0 days 05:20:00
54351,ALIGARH JN.,BAREILLY JN.,11:30:00,17:40:00,164,27,0 days 06:10:00
54352,BAREILLY JN.,ALIGARH JN.,04:30:00,10:15:00,164,27,0 days 05:45:00
54353,ALIGARH JN.,BAREILLY JN.,17:45:00,23:35:00,164,22,0 days 05:50:00
54354,BAREILLY JN.,ALIGARH JN.,09:00:00,14:50:00,164,27,0 days 05:50:00
54355,ROZA JN,BAREILLY JN.,06:05:00,08:20:00,78,13,0 days 02:15:00
54356,BAREILLY JN.,ROZA JN,18:40:00,21:50:00,78,13,0 days 03:10:00
54371,PRAYAG JN.,FAIZABAD JN.,04:00:00,10:45:00,150,21,0 days 06:45:00
54372,FAIZABAD JN.,PRAYAG JN.,13:20:00,18:30:00,150,21,0 days 05:10:00
54373,PRAYAG JN.,FAIZABAD JN.,07:45:00,12:40:00,150,21,0 days 04:55:00
54374,FAIZABAD JN.,PRAYAG JN.,17:45:00,23:15:00,150,21,0 days 05:30:00
54375,PRAYAG JN.,JAUNPUR JN.,06:50:00,10:55:00,107,18,0 days 04:05:00
54376,JAUNPUR JN.,PRAYAG JN.,17:00:00,20:55:00,107,18,0 days 03:55:00
54377,PRAYAG JN.,BAREILLY JN.,00:55:00,15:25:00,429,62,0 days 14:30:00
54378,BAREILLY JN.,PRAYAG JN.,08:05:00,23:35:00,429,62,0 days 15:30:00
54381,GAJRAULA JN.,NAJIBABAD JN,07:55:00,11:40:00,106,17,0 days 03:45:00
54382,NAJIBABAD JN,GAJRAULA JN.,08:15:00,12:50:00,106,18,0 days 04:35:00
54383,GAJRAULA JN.,NAJIBABAD JN,14:45:00,18:45:00,106,18,0 days 04:00:00
54384,NAJIBABAD JN,GAJRAULA JN.,17:05:00,20:55:00,106,17,0 days 03:50:00
54385,NAJIBABAD JN,KOTDWARA,08:55:00,09:45:00,24,3,0 days 00:50:00
54386,KOTDWARA,NAJIBABAD JN,10:10:00,11:00:00,24,3,0 days 00:50:00
54387,NAJIBABAD JN,KOTDWARA,11:25:00,12:15:00,24,3,0 days 00:50:00
54388,KOTDWARA,NAJIBABAD JN,12:40:00,13:30:00,24,3,0 days 00:50:00
54389,NAJIBABAD JN,KOTDWARA,17:15:00,18:05:00,24,3,0 days 00:50:00
54390,KOTDWARA,NAJIBABAD JN,18:30:00,19:20:00,24,3,0 days 00:50:00
54391,ALIGARH JN.,MORADABAD JN,04:55:00,09:30:00,142,24,0 days 04:35:00
54392,MORADABAD JN,ALIGARH JN.,17:20:00,22:05:00,142,24,0 days 04:45:00
54393,MORADABAD JN,GAJRAULA JN.,10:00:00,12:10:00,53,9,0 days 02:10:00
54394,GAJRAULA JN.,MORADABAD JN,14:15:00,16:35:00,53,9,0 days 02:20:00
54395,MORADABAD JN,NAJIBABAD JN,19:10:00,01:25:00,159,23,0 days 06:15:00
54396,NAJIBABAD JN,MORADABAD JN,03:35:00,09:05:00,159,23,0 days 05:30:00
54397,SAMBAHAL HAT,MORADABAD JN,16:05:00,18:45:00,47,9,0 days 02:40:00
54398,MORADABAD JN,SAMBAHAL HAT,13:20:00,15:40:00,47,9,0 days 02:20:00
54401,KHURJA JN,MEERUT CITY,06:00:00,09:35:00,92,14,0 days 03:35:00
54402,MEERUT CITY,KHURJA JN,05:40:00,10:00:00,92,14,0 days 04:20:00
54403,KHURJA JN,MEERUT CITY,12:55:00,16:05:00,92,14,0 days 03:10:00
54404,MEERUT CITY,KHURJA JN,10:45:00,13:40:00,92,14,0 days 02:55:00
54405,KHURJA JN,MEERUT CITY,17:40:00,21:10:00,92,14,0 days 03:30:00
54406,MEERUT CITY,KHURJA JN,17:55:00,20:50:00,92,13,0 days 02:55:00
54411,REWARI JN.,MEERUT CANT,14:55:00,20:40:00,160,37,0 days 05:45:00
54412,MEERUT CANT,REWARI JN.,06:45:00,12:10:00,160,37,0 days 05:25:00
54413,DELHI JN.,REWARI JN.,03:15:00,05:45:00,82,18,0 days 02:30:00
54414,REWARI JN.,DELHI JN.,07:05:00,09:40:00,82,18,0 days 02:35:00
54416,REWARI JN.,DELHI JN.,13:10:00,15:40:00,82,18,0 days 02:30:00
54417,DELHI JN.,REWARI JN.,16:10:00,18:45:00,82,18,0 days 02:35:00
54420,REWARI JN.,DELHI JN.,19:25:00,22:20:00,82,18,0 days 02:55:00
54421,DELHI JN.,REWARI JN.,11:15:00,14:25:00,82,18,0 days 03:10:00
54423,DELHI JN.,BHIWANI JN.,17:00:00,20:35:00,119,23,0 days 03:35:00
54424,BHIWANI JN.,DELHI JN.,05:00:00,08:40:00,119,23,0 days 03:40:00
54461,BANDIKUI JN.,BAREILLY JN.,14:50:00,06:30:00,415,55,0 days 15:40:00
54462,BAREILLY JN.,BANDIKUI JN.,21:15:00,12:00:00,416,56,0 days 14:45:00
54463,CHANDAUSI JN,RISHIKESH,04:20:00,14:00:00,233,38,0 days 09:40:00
54464,RISHIKESH,CHANDAUSI JN,11:45:00,22:55:00,233,36,0 days 11:10:00
54465,FARRUKHABAD,TUNDLA JN,15:45:00,19:55:00,142,21,0 days 04:10:00
54466,TUNDLA JN,FARRUKHABAD,05:45:00,10:20:00,142,21,0 days 04:35:00
54467,TUNDLA JN,ETAH,05:40:00,08:00:00,73,10,0 days 02:20:00
54468,ETAH,TUNDLA JN,08:30:00,10:10:00,73,10,0 days 01:40:00
54469,TUNDLA JN,ETAH,10:50:00,12:40:00,73,10,0 days 01:50:00
54470,ETAH,TUNDLA JN,16:00:00,17:50:00,73,10,0 days 01:50:00
54471,DELHI JN.,RISHIKESH,17:35:00,04:40:00,283,45,0 days 11:05:00
54472,RISHIKESH,DELHI JN.,05:55:00,17:50:00,283,46,0 days 11:55:00
54473,DELHI JN.,SAHARANPUR J,18:15:00,00:10:00,189,33,0 days 05:55:00
54474,SAHARANPUR J,DELHI JN.,03:55:00,09:00:00,189,28,0 days 05:05:00
54475,DELHI JN.,HARIDWAR JN,09:50:00,21:50:00,243,50,0 days 12:00:00
54476,HARIDWAR JN,DELHI JN.,04:20:00,16:10:00,243,50,0 days 11:50:00
54481,HARIDWAR JN,RISHIKESH,04:10:00,05:15:00,22,5,0 days 01:05:00
54482,RISHIKESH,HARIDWAR JN,07:00:00,08:00:00,22,5,0 days 01:00:00
54483,HARIDWAR JN,RISHIKESH,10:15:00,11:15:00,22,5,0 days 01:00:00
54484,RISHIKESH,HARIDWAR JN,14:35:00,15:45:00,22,5,0 days 01:10:00
54485,HARIDWAR JN,RISHIKESH,16:50:00,18:00:00,22,5,0 days 01:10:00
54486,RISHIKESH,HARIDWAR JN,18:30:00,19:25:00,22,5,0 days 00:55:00
54531,AMBALA CANTT,KALKA,18:30:00,20:20:00,69,8,0 days 01:50:00
54532,KALKA,AMBALA CANTT,13:05:00,14:45:00,69,8,0 days 01:40:00
54539,HAZRAT NIZAM,AMBALA CANTT,03:00:00,14:15:00,272,42,0 days 11:15:00
54540,AMBALA CANTT,HAZRAT NIZAM,14:35:00,01:00:00,272,40,0 days 10:25:00
54541,MEERUT CITY,AMBALA CANTT,05:15:00,11:10:00,194,28,0 days 05:55:00
54542,AMBALA CANTT,MEERUT CITY,16:25:00,23:30:00,194,28,0 days 07:05:00
54551,AMBALA CANTT,BATHINDA JN,11:00:00,16:05:00,201,26,0 days 05:05:00
54552,BATHINDA JN,AMBALA CANTT,07:30:00,12:45:00,201,26,0 days 05:15:00
54553,AMBALA CANTT,DHURI JN.,15:55:00,18:25:00,106,14,0 days 02:30:00
54555,DHURI JN.,BATHINDA JN,06:15:00,08:35:00,95,13,0 days 02:20:00
54556,BATHINDA JN,AMBALA CANTT,17:50:00,23:10:00,201,24,0 days 05:20:00
54557,AMBALA CANTT,PATIALA,07:40:00,09:00:00,53,7,0 days 01:20:00
54558,PATIALA,AMBALA CANTT,17:15:00,18:35:00,53,7,0 days 01:20:00
54559,BATHINDA JN,FAZILKA JN.,09:25:00,12:25:00,116,12,0 days 03:00:00
54560,FAZILKA JN.,BATHINDA JN,12:45:00,15:50:00,116,12,0 days 03:05:00
54561,BATHINDA JN,FIROZPUR CAN,06:50:00,08:55:00,87,13,0 days 02:05:00
54562,FIROZPUR CAN,BATHINDA JN,06:35:00,09:00:00,87,13,0 days 02:25:00
54563,BATHINDA JN,FIROZPUR CAN,14:10:00,16:20:00,87,13,0 days 02:10:00
54564,FIROZPUR CAN,BATHINDA JN,17:40:00,20:00:00,87,13,0 days 02:20:00
54571,LUDHIANA JN.,FIROZPUR CAN,17:20:00,20:45:00,123,20,0 days 03:25:00
54572,FIROZPUR CAN,LUDHIANA JN.,11:00:00,14:50:00,123,20,0 days 03:50:00
54575,LUDHIANA JN.,LOHIAN KHAS,19:10:00,21:35:00,77,15,0 days 02:25:00
54576,LOHIAN KHAS,LUDHIANA JN.,05:50:00,08:20:00,77,15,0 days 02:30:00
54581,NANGAL DAM,AMB  ANDAURA,18:00:00,19:10:00,43,7,0 days 01:10:00
54582,AMB  ANDAURA,NANGAL DAM,09:15:00,10:30:00,43,7,0 days 01:15:00
54601,HISAR JN,AMRITSAR JN.,00:40:00,10:00:00,345,38,0 days 09:20:00
54602,AMRITSAR JN.,SADULPUR JN,16:30:00,05:00:00,415,39,0 days 12:30:00
54603,HISAR JN,LUDHIANA JN.,04:30:00,10:15:00,209,29,0 days 05:45:00
54604,LUDHIANA JN.,HISAR JN,14:35:00,20:10:00,209,29,0 days 05:35:00
54605,SADULPUR JN,LUDHIANA JN.,06:30:00,14:15:00,279,35,0 days 07:45:00
54606,LUDHIANA JN.,HISAR JN,17:15:00,23:00:00,209,29,0 days 05:45:00
54611,AMRITSAR JN.,PATHANKOT JN,04:40:00,07:35:00,106,16,0 days 02:55:00
54612,PATHANKOT JN,AMRITSAR JN.,05:15:00,08:10:00,106,17,0 days 02:55:00
54613,AMRITSAR JN.,PATHANKOT JN,06:45:00,09:45:00,106,17,0 days 03:00:00
54614,PATHANKOT JN,AMRITSAR JN.,08:00:00,11:00:00,106,17,0 days 03:00:00
54615,AMRITSAR JN.,PATHANKOT JN,17:35:00,20:55:00,106,17,0 days 03:20:00
54616,PATHANKOT JN,AMRITSAR JN.,17:15:00,20:20:00,106,17,0 days 03:05:00
54621,JALANDHAR CI,PATHANKOT JN,17:30:00,20:30:00,115,18,0 days 03:00:00
54622,PATHANKOT JN,JALANDHAR CI,08:25:00,11:45:00,115,18,0 days 03:20:00
54625,JAIJON DOABA,JALANDHAR CI,05:00:00,08:15:00,87,17,0 days 03:15:00
54626,JALANDHAR CI,JAIJON DOABA,17:10:00,20:30:00,87,17,0 days 03:20:00
54631,BHIWANI JN.,DHURI JN.,16:05:00,21:35:00,207,24,0 days 05:30:00
54632,DHURI JN.,SIRSA,05:00:00,11:15:00,229,27,0 days 06:15:00
54633,SIRSA,LUDHIANA JN.,11:40:00,18:45:00,291,36,0 days 07:05:00
54634,LUDHIANA JN.,BHIWANI JN.,05:30:00,13:45:00,269,34,0 days 08:15:00
54635,HISAR JN,LUDHIANA JN.,16:00:00,22:05:00,209,28,0 days 06:05:00
54636,LUDHIANA JN.,HISAR JN,09:35:00,15:10:00,209,29,0 days 05:35:00
54637,HOSHIARPUR,JALANDHAR CI,12:00:00,13:30:00,42,7,0 days 01:30:00
54638,JALANDHAR CI,HOSHIARPUR,10:25:00,11:35:00,42,7,0 days 01:10:00
54641,DELHI JN.,FIROZPUR CAN,07:10:00,19:35:00,384,60,0 days 12:25:00
54642,FIROZPUR CAN,DELHI JN.,11:30:00,22:50:00,384,59,0 days 11:20:00
54643,JALANDHAR CI,FIROZPUR CAN,14:50:00,18:20:00,117,18,0 days 03:30:00
54644,FIROZPUR CAN,JALANDHAR CI,06:25:00,09:50:00,117,18,0 days 03:25:00
54645,LUDHIANA JN.,FIROZPUR CAN,20:25:00,23:15:00,123,14,0 days 02:50:00
54646,FIROZPUR CAN,LUDHIANA JN.,05:10:00,08:35:00,123,20,0 days 03:25:00
54651,JAMMU TAWI,UDHAMPUR,10:55:00,12:15:00,53,6,0 days 01:20:00
54654,UDHAMPUR,JAMMU TAWI,18:25:00,19:55:00,53,6,0 days 01:30:00
54701,BATHINDA JN,LALGARH JN.,10:45:00,18:15:00,319,31,0 days 07:30:00
54702,LALGARH JN.,ABOHAR,08:30:00,18:40:00,394,39,0 days 10:10:00
54703,ABOHAR,JODHPUR JN.,19:10:00,13:30:00,661,60,0 days 18:20:00
54704,JODHPUR JN.,BATHINDA JN,14:35:00,05:25:00,601,56,0 days 14:50:00
54751,REWARI JN.,SHRI GANGANA,13:25:00,01:00:00,413,48,0 days 11:35:00
54752,SHRI GANGANA,REWARI JN.,01:25:00,12:10:00,412,48,0 days 10:45:00
54753,BATHINDA JN,SHRI GANGANA,10:40:00,13:50:00,126,18,0 days 03:10:00
54754,SHRI GANGANA,BATHINDA JN,06:15:00,09:20:00,126,18,0 days 03:05:00
54755,BATHINDA JN,SHRI GANGANA,07:15:00,10:20:00,126,18,0 days 03:05:00
54756,SHRI GANGANA,BATHINDA JN,16:10:00,19:20:00,126,18,0 days 03:10:00
54757,AMBALA CANTT,SHRI GANGANA,06:25:00,15:55:00,327,43,0 days 09:30:00
54758,SHRI GANGANA,AMBALA CANTT,10:55:00,19:35:00,327,43,0 days 08:40:00
54759,SHRI GANGANA,SURATGARH JN,09:00:00,12:00:00,137,17,0 days 03:00:00
54760,SURATGARH JN,SHRI GANGANA,12:30:00,15:25:00,125,16,0 days 02:55:00
54761,SHRI GANGANA,SURATGARH JN,16:30:00,19:30:00,125,16,0 days 03:00:00
54762,SURATGARH JN,SHRI GANGANA,07:45:00,10:45:00,125,16,0 days 03:00:00
54763,SADULPUR JN,SHRI GANGANA,11:25:00,17:35:00,190,31,0 days 06:10:00
54764,SHRI GANGANA,SADULPUR JN,05:00:00,10:45:00,190,26,0 days 05:45:00
54765,DHURI JN.,BATHINDA JN,03:45:00,06:00:00,95,11,0 days 02:15:00
54766,BATHINDA JN,DHURI JN.,19:40:00,22:20:00,95,11,0 days 02:40:00
54781,BATHINDA JN,REWARI JN.,17:30:00,01:50:00,300,38,0 days 08:20:00
54782,REWARI JN.,BATHINDA JN,09:10:00,16:50:00,300,42,0 days 07:40:00
54783,FAZILKA JN.,REWARI JN.,08:35:00,20:50:00,422,60,0 days 12:15:00
54784,REWARI JN.,FAZILKA JN.,04:40:00,16:05:00,423,60,0 days 11:25:00
54785,FIROZPUR CAN,FAZILKA JN.,05:35:00,08:10:00,88,14,0 days 02:35:00
54786,FAZILKA JN.,FIROZPUR CAN,17:20:00,19:45:00,88,14,0 days 02:25:00
54787,BHIWANI JN.,REWARI JN.,06:40:00,08:40:00,82,13,0 days 02:00:00
54788,REWARI JN.,BHIWANI JN.,21:45:00,23:35:00,82,10,0 days 01:50:00
54789,REWARI JN.,BIKANER JN.,04:45:00,13:25:00,384,45,0 days 08:40:00
54790,BIKANER JN.,REWARI JN.,14:10:00,22:55:00,384,45,0 days 08:45:00
54791,MATHURA JN.,BHIWANI JN.,13:30:00,21:00:00,279,32,0 days 07:30:00
54792,BHIWANI JN.,MATHURA JN.,04:35:00,12:40:00,279,34,0 days 08:05:00
54793,SAWAI MADHOP,MATHURA JN.,05:05:00,11:10:00,212,22,0 days 06:05:00
54794,MATHURA JN.,SAWAI MADHOP,14:00:00,19:45:00,212,23,0 days 05:45:00
54803,JODHPUR JN.,AHMEDABAD,08:45:00,21:35:00,457,58,0 days 12:50:00
54804,AHMEDABAD,JODHPUR JN.,06:15:00,20:25:00,455,58,0 days 14:10:00
54805,AHMEDABAD,JAIPUR JN.,23:30:00,22:50:00,618,86,0 days 23:20:00
54806,JAIPUR JN.,AHMEDABAD,05:35:00,03:45:00,621,81,0 days 22:10:00
54809,REWARI JN.,JODHPUR JN.,12:55:00,01:50:00,542,64,0 days 12:55:00
54810,JODHPUR JN.,REWARI JN.,01:10:00,14:45:00,543,64,0 days 13:35:00
54813,JODHPUR JN.,BARMER,09:00:00,13:50:00,208,24,0 days 04:50:00
54819,JAISALMER,JODHPUR JN.,15:00:00,22:00:00,300,22,0 days 07:00:00
54820,JODHPUR JN.,JAISALMER,07:00:00,14:30:00,300,22,0 days 07:30:00
54822,MAKRANA JN.,PARVATSAR CI,09:15:00,10:15:00,21,2,0 days 01:00:00
54825,JODHPUR JN.,BILARA,18:00:00,21:15:00,88,12,0 days 03:15:00
54826,BILARA,JODHPUR JN.,05:00:00,08:45:00,87,12,0 days 03:45:00
54833,JAIPUR JN.,HISAR JN,18:25:00,04:05:00,367,41,0 days 09:40:00
54834,HISAR JN,JAIPUR JN.,23:35:00,09:15:00,367,41,0 days 09:40:00
54835,HISAR JN,REWARI JN.,06:30:00,10:10:00,142,21,0 days 03:40:00
54836,REWARI JN.,HISAR JN,17:45:00,21:30:00,143,21,0 days 03:45:00
54881,BARMER,MUNABAO,07:30:00,09:40:00,118,8,0 days 02:10:00
54882,MUNABAO,BARMER,10:30:00,12:45:00,118,8,0 days 02:15:00
55001,GORAKHPUR JN,AYODHYA,07:40:00,13:15:00,164,26,0 days 05:35:00
55002,AYODHYA,GORAKHPUR JN,13:45:00,18:55:00,164,24,0 days 05:10:00
55007,PATLIPUTRA,GORAKHPUR JN,17:45:00,04:30:00,290,50,0 days 10:45:00
55008,GORAKHPUR JN,PATLIPUTRA,01:20:00,10:47:00,290,50,0 days 09:27:00
55009,CHHAPRA JN.,BHATNI JN.,17:45:00,20:35:00,108,17,0 days 02:50:00
55010,BHATNI JN.,CHHAPRA JN.,06:10:00,09:55:00,109,17,0 days 03:45:00
55011,SIWAN JN.,GORAKHPUR JN,05:30:00,09:15:00,118,18,0 days 03:45:00
55012,GORAKHPUR JN,SIWAN JN.,18:30:00,22:20:00,119,18,0 days 03:50:00
55013,CHHAPRA JN.,VARANASI CIT,13:25:00,21:35:00,200,33,0 days 08:10:00
55014,VARANASI CIT,CHHAPRA JN.,04:50:00,13:00:00,201,33,0 days 08:10:00
55017,CHHAPRA JN.,MAU JN.,17:25:00,21:40:00,132,23,0 days 04:15:00
55018,MAU JN.,CHHAPRA JN.,04:59:00,09:40:00,134,23,0 days 04:41:00
55019,CHHAPRA JN.,GORAKHPUR JN,11:20:00,17:05:00,178,27,0 days 05:45:00
55020,GORAKHPUR JN,CHHAPRA JN.,08:30:00,14:20:00,179,27,0 days 05:50:00
55021,SAMASTIPUR J,SIWAN JN.,16:00:00,23:20:00,225,40,0 days 07:20:00
55022,SIWAN JN.,SAMASTIPUR J,04:00:00,12:00:00,225,40,0 days 08:00:00
55025,GORAKHPUR JN,GONDA JN.,05:20:00,10:00:00,152,25,0 days 04:40:00
55026,GONDA JN.,GORAKHPUR JN,04:15:00,09:25:00,153,25,0 days 05:10:00
55027,GORAKHPUR JN,GONDA JN.,18:15:00,23:45:00,152,25,0 days 05:30:00
55028,GONDA JN.,GORAKHPUR JN,17:20:00,21:20:00,153,25,0 days 04:00:00
55029,NARKATIAGANJ,GORAKHPUR JN,19:15:00,00:05:00,150,21,0 days 04:50:00
55030,GORAKHPUR JN,NARKATIAGANJ,18:05:00,23:35:00,150,21,0 days 05:30:00
55031,NAKAHA JUNGL,LUCKNOW JN.,07:45:00,21:20:00,339,58,0 days 13:35:00
55032,DALIGANJ JN,NAKAHA JUNGL,17:25:00,05:15:00,332,55,0 days 11:50:00
55033,GONDA JN.,SITAPUR CANT,11:20:00,15:10:00,160,24,0 days 03:50:00
55034,SITAPUR CITY,GONDA JN.,06:15:00,11:25:00,163,25,0 days 05:10:00
55035,GONDA JN.,SITAPUR CANT,04:50:00,09:05:00,159,22,0 days 04:15:00
55036,SITAPUR CANT,GONDA JN.,18:10:00,22:30:00,158,22,0 days 04:20:00
55037,BURHWAL JN.,SITAPUR CITY,19:00:00,21:55:00,103,16,0 days 02:55:00
55038,SITAPUR CANT,BURHWAL JN.,15:35:00,17:55:00,97,14,0 days 02:20:00
55041,NARKATIAGANJ,GORAKHPUR JN,01:50:00,06:05:00,150,16,0 days 04:15:00
55042,GORAKHPUR JN,BETTIAH,02:40:00,08:15:00,189,26,0 days 05:35:00
55043,GORAKHPUR JN,NAUTANWA,18:20:00,21:35:00,81,19,0 days 03:15:00
55044,NAUTANWA,GORAKHPUR JN,06:15:00,09:35:00,81,19,0 days 03:20:00
55045,SITAPUR CANT,SHAHJAHANPUR,09:15:00,13:10:00,90,14,0 days 03:55:00
55046,SHAHJAHANPUR,SITAPUR CANT,14:45:00,18:00:00,90,13,0 days 03:15:00
55049,NAKAHA JUNGL,DALIGANJ JN,22:45:00,09:20:00,332,55,0 days 10:35:00
55050,LUCKNOW JN.,NAKAHA JUNGL,05:15:00,18:00:00,340,58,0 days 12:45:00
55051,GORAKHPUR JN,NAUTANWA,15:15:00,18:25:00,81,19,0 days 03:10:00
55052,NAUTANWA,GORAKHPUR JN,19:55:00,23:00:00,81,19,0 days 03:05:00
55055,KAPTANGANJ J,GORAKHPUR JN,12:15:00,14:30:00,39,6,0 days 02:15:00
55056,GORAKHPUR JN,KAPTANGANJ J,09:45:00,10:45:00,38,6,0 days 01:00:00
55071,NARKATIAGANJ,GORAKHPUR JN,15:30:00,20:30:00,150,21,0 days 05:00:00
55072,GORAKHPUR JN,NARKATIAGANJ,07:10:00,12:05:00,150,21,0 days 04:55:00
55073,NARKATIAGANJ,GORAKHPUR JN,04:30:00,09:30:00,150,21,0 days 05:00:00
55074,GORAKHPUR JN,NARKATIAGANJ,23:00:00,03:30:00,150,14,0 days 04:30:00
55075,SIWAN JN.,GORAKHPUR JN,03:30:00,10:00:00,166,28,0 days 06:30:00
55076,GORAKHPUR JN,SIWAN JN.,19:15:00,01:20:00,166,28,0 days 06:05:00
55077,GORAKHPUR JN,BARHNI,10:35:00,14:30:00,112,22,0 days 03:55:00
55078,BARHNI,GORAKHPUR JN,15:20:00,18:50:00,112,22,0 days 03:30:00
55079,BETTIAH,GORAKHPUR JN,08:45:00,15:00:00,189,28,0 days 06:15:00
55080,GORAKHPUR JN,NARKATIAGANJ,12:30:00,17:15:00,150,21,0 days 04:45:00
55081,NARKATIAGANJ,GORAKHPUR JN,23:00:00,05:10:00,150,16,0 days 06:10:00
55082,GORAKHPUR JN,NARKATIAGANJ,17:25:00,22:15:00,150,21,0 days 04:50:00
55101,BHATNI JN.,BARHAJ BAZAR,05:10:00,06:20:00,30,7,0 days 01:10:00
55102,BARHAJ BAZAR,BHATNI JN.,10:50:00,12:25:00,30,7,0 days 01:35:00
55103,BHATNI JN.,BARHAJ BAZAR,15:30:00,16:50:00,30,7,0 days 01:20:00
55104,BARHAJ BAZAR,BHATNI JN.,20:00:00,21:15:00,30,7,0 days 01:15:00
55105,SALEMPUR JN.,BARHAJ BAZAR,09:00:00,09:55:00,20,5,0 days 00:55:00
55106,BARHAJ BAZAR,SALEMPUR JN.,06:50:00,07:45:00,20,5,0 days 00:55:00
55107,SIWAN JN.,THAWE JN.,06:25:00,07:15:00,28,5,0 days 00:50:00
55108,THAWE JN.,SIWAN JN.,08:00:00,08:50:00,28,5,0 days 00:50:00
55109,SIWAN JN.,THAWE JN.,09:30:00,10:30:00,28,5,0 days 01:00:00
55110,THAWE JN.,SIWAN JN.,13:30:00,14:25:00,28,5,0 days 00:55:00
55111,SIWAN JN.,THAWE JN.,15:40:00,16:30:00,28,5,0 days 00:50:00
55112,THAWE JN.,SIWAN JN.,17:20:00,18:10:00,28,5,0 days 00:50:00
55113,SIWAN JN.,THAWE JN.,18:55:00,19:50:00,28,5,0 days 00:55:00
55114,THAWE JN.,SIWAN JN.,20:35:00,21:30:00,28,5,0 days 00:55:00
55115,CHHAPRA JN.,BHATNI JN.,07:40:00,11:50:00,108,17,0 days 04:10:00
55116,BHATNI JN.,CHHAPRA JN.,17:30:00,20:45:00,109,17,0 days 03:15:00
55119,GORAKHPUR JN,VARANASI CIT,15:10:00,23:30:00,227,34,0 days 08:20:00
55120,VARANASI CIT,GORAKHPUR JN,11:25:00,21:25:00,227,34,0 days 10:00:00
55122,MANDUADIH,BHATNI JN.,06:30:00,12:00:00,164,26,0 days 05:30:00
55123,BHATNI JN.,VARANASI CIT,14:05:00,19:30:00,156,24,0 days 05:25:00
55125,MANDUADIH,ALLAHABAD CI,06:05:00,10:05:00,118,22,0 days 04:00:00
55126,ALLAHABAD CI,MANDUADIH,06:35:00,10:40:00,118,22,0 days 04:05:00
55127,MANDUADIH,ALLAHABAD CI,12:10:00,16:15:00,118,22,0 days 04:05:00
55128,ALLAHABAD CI,MANDUADIH,12:20:00,16:20:00,118,22,0 days 04:00:00
55129,MANDUADIH,ALLAHABAD CI,17:50:00,21:10:00,118,22,0 days 03:20:00
55130,ALLAHABAD CI,MANDUADIH,18:00:00,22:10:00,118,22,0 days 04:10:00
55131,CHHAPRA JN.,VARANASI CIT,07:30:00,15:30:00,200,33,0 days 08:00:00
55132,VARANASI CIT,CHHAPRA JN.,12:45:00,20:10:00,201,33,0 days 07:25:00
55133,BALLIA,VARANASI CIT,05:45:00,09:25:00,136,22,0 days 03:40:00
55134,VARANASI CIT,BALLIA,16:10:00,20:45:00,136,22,0 days 04:35:00
55135,AZAMGARH,VARANASI CIT,05:00:00,09:55:00,131,20,0 days 04:55:00
55136,VARANASI CIT,AZAMGARH,18:10:00,22:50:00,131,20,0 days 04:40:00
55137,BALLIA,SHAHGANJ JN.,05:25:00,11:15:00,167,26,0 days 05:50:00
55138,SHAHGANJ JN.,BALLIA,06:10:00,10:55:00,168,26,0 days 04:45:00
55139,BALLIA,SHAHGANJ JN.,17:10:00,22:15:00,167,26,0 days 05:05:00
55140,SHAHGANJ JN.,BALLIA,15:20:00,22:30:00,168,26,0 days 07:10:00
55141,GORAKHPUR JN,NAUTANWA,08:00:00,11:10:00,81,19,0 days 03:10:00
55142,NAUTANWA,GORAKHPUR JN,11:45:00,14:30:00,81,19,0 days 02:45:00
55143,AUNRIHAR JN.,JAUNPUR JN.,07:30:00,09:15:00,56,9,0 days 01:45:00
55144,JAUNPUR JN.,AUNRIHAR JN.,18:30:00,20:00:00,58,9,0 days 01:30:00
55145,SALEMPUR JN.,BARHAJ BAZAR,18:40:00,19:30:00,20,5,0 days 00:50:00
55146,BARHAJ BAZAR,SALEMPUR JN.,17:20:00,18:15:00,20,5,0 days 00:55:00
55149,GORAKHPUR JN,VARANASI CIT,23:20:00,06:25:00,227,27,0 days 07:05:00
55150,VARANASI CIT,GORAKHPUR JN,23:55:00,07:25:00,227,28,0 days 07:30:00
55159,AUNRIHAR JN.,JAUNPUR JN.,15:25:00,17:10:00,56,9,0 days 01:45:00
55160,JAUNPUR JN.,AUNRIHAR JN.,09:45:00,11:15:00,58,9,0 days 01:30:00
55163,SHAHGANJ JN.,AUNRIHAR JN.,23:45:00,05:40:00,157,24,0 days 05:55:00
55164,AUNRIHAR JN.,SHAHGANJ JN.,22:50:00,04:45:00,157,24,0 days 05:55:00
55165,CHHAPRA JN.,DURAUNDHA JN,05:45:00,06:55:00,43,8,0 days 01:10:00
55166,DURAUNDHA JN,CHHAPRA JN.,20:20:00,22:00:00,43,8,0 days 01:40:00
55167,DURAUNDHA JN,SIWAN JN.,09:40:00,10:05:00,17,3,0 days 00:25:00
55168,SIWAN JN.,DURAUNDHA JN,10:40:00,11:05:00,17,3,0 days 00:25:00
55169,DURAUNDHA JN,SIWAN JN.,16:55:00,17:25:00,17,3,0 days 00:30:00
55170,SIWAN JN.,DURAUNDHA JN,18:15:00,18:35:00,17,3,0 days 00:20:00
55171,DURAUNDHA JN,MAHARAJGANJ,07:35:00,08:00:00,6,2,0 days 00:25:00
55172,MAHARAJGANJ,DURAUNDHA JN,08:30:00,08:55:00,6,2,0 days 00:25:00
55173,DURAUNDHA JN,MAHARAJGANJ,11:25:00,11:50:00,6,2,0 days 00:25:00
55174,MAHARAJGANJ,DURAUNDHA JN,12:20:00,12:45:00,6,2,0 days 00:25:00
55175,DURAUNDHA JN,MAHARAJGANJ,13:15:00,13:40:00,6,2,0 days 00:25:00
55176,MAHARAJGANJ,DURAUNDHA JN,14:10:00,14:35:00,6,2,0 days 00:25:00
55177,DURAUNDHA JN,MAHARAJGANJ,15:05:00,15:30:00,6,2,0 days 00:25:00
55178,MAHARAJGANJ,DURAUNDHA JN,16:00:00,16:25:00,6,2,0 days 00:25:00
55179,DURAUNDHA JN,MAHARAJGANJ,18:45:00,19:05:00,6,2,0 days 00:20:00
55180,MAHARAJGANJ,DURAUNDHA JN,19:30:00,19:55:00,6,2,0 days 00:25:00
55181,THAWE JN.,CHHAPRA KACH,09:15:00,12:50:00,106,27,0 days 03:35:00
55182,CHHAPRA KACH,THAWE JN.,05:00:00,08:35:00,106,27,0 days 03:35:00
55183,THAWE JN.,CHHAPRA KACH,18:30:00,22:10:00,106,27,0 days 03:40:00
55184,CHHAPRA KACH,THAWE JN.,14:10:00,17:50:00,106,27,0 days 03:40:00
55207,MUZAFFARPUR,NARKATIAGANJ,02:10:00,06:27:00,159,19,0 days 04:17:00
55208,NARKATIAGANJ,MUZAFFARPUR,20:00:00,01:05:00,159,24,0 days 05:05:00
55209,MUZAFFARPUR,NARKATIAGANJ,15:30:00,21:30:00,159,18,0 days 06:00:00
55211,MUZAFFARPUR,RAXAUL JN.,08:35:00,13:15:00,129,22,0 days 04:40:00
55212,RAXAUL JN.,MUZAFFARPUR,14:15:00,19:00:00,129,15,0 days 04:45:00
55213,MUZAFFARPUR,NARKATIAGANJ,12:50:00,19:00:00,159,19,0 days 06:10:00
55214,NARKATIAGANJ,MUZAFFARPUR,22:45:00,04:00:00,159,19,0 days 05:15:00
55215,MUZAFFARPUR,PATLIPUTRA,07:55:00,10:30:00,74,15,0 days 02:35:00
55216,PATLIPUTRA,MUZAFFARPUR,18:20:00,21:30:00,74,15,0 days 03:10:00
55217,MUZAFFARPUR,PATLIPUTRA,15:00:00,17:40:00,74,14,0 days 02:40:00
55218,PATLIPUTRA,MUZAFFARPUR,11:15:00,14:25:00,74,14,0 days 03:10:00
55220,NARKATIAGANJ,MUZAFFARPUR,08:25:00,14:30:00,159,19,0 days 06:05:00
55221,KATIHAR JN.,BARAUNI JN.,17:35:00,22:15:00,179,24,0 days 04:40:00
55222,BARAUNI JN.,KATIHAR JN.,03:25:00,09:10:00,179,25,0 days 05:45:00
55223,KATIHAR JN.,DARBHANGA JN,12:15:00,21:57:00,267,41,0 days 09:42:00
55224,DARBHANGA JN,KATIHAR JN.,03:15:00,13:42:00,267,41,0 days 10:27:00
55225,MUZAFFARPUR,RAXAUL JN.,18:30:00,22:45:00,129,21,0 days 04:15:00
55226,RAXAUL JN.,MUZAFFARPUR,05:55:00,10:45:00,129,20,0 days 04:50:00
55227,SAMASTIPUR J,MUZAFFARPUR,06:32:00,07:50:00,51,10,0 days 01:18:00
55228,MUZAFFARPUR,SAMASTIPUR J,21:35:00,23:15:00,51,9,0 days 01:40:00
55229,BARAUNI JN.,PATLIPUTRA,06:15:00,10:10:00,108,22,0 days 03:55:00
55230,PATLIPUTRA,BARAUNI JN.,17:05:00,21:35:00,108,22,0 days 04:30:00
55231,PATLIPUTRA,PATNA JN.,11:30:00,13:00:00,12,4,0 days 01:30:00
55232,PATNA JN.,PATLIPUTRA,15:50:00,16:50:00,12,4,0 days 01:00:00
55237,BARAUNI JN.,SAMASTIPUR J,06:50:00,08:40:00,50,9,0 days 01:50:00
55238,SAMASTIPUR J,BARAUNI JN.,20:30:00,22:00:00,50,9,0 days 01:30:00
55239,SAMASTIPUR J,MUZAFFARPUR,14:15:00,16:25:00,51,9,0 days 02:10:00
55240,MUZAFFARPUR,SAMASTIPUR J,17:55:00,19:55:00,51,10,0 days 02:00:00
55301,MORADABAD JN,KATHGODAM,14:15:00,18:20:00,116,13,0 days 04:05:00
55302,KATHGODAM,MORADABAD JN,07:20:00,12:35:00,116,13,0 days 05:15:00
55303,MORADABAD JN,KATHGODAM,06:30:00,12:05:00,125,14,0 days 05:35:00
55304,KATHGODAM,MORADABAD JN,16:35:00,22:15:00,125,13,0 days 05:40:00
55305,MORADABAD JN,RAMNAGAR,04:30:00,06:30:00,76,7,0 days 02:00:00
55306,RAMNAGAR,MORADABAD JN,07:20:00,09:50:00,85,12,0 days 02:30:00
55307,MORADABAD JN,RAMNAGAR,10:25:00,12:40:00,76,8,0 days 02:15:00
55308,RAMNAGAR,MORADABAD JN,11:15:00,13:35:00,85,12,0 days 02:20:00
55309,MORADABAD JN,RAMNAGAR,17:30:00,20:00:00,85,12,0 days 02:30:00
55310,RAMNAGAR,MORADABAD JN,13:55:00,16:05:00,76,8,0 days 02:10:00
55311,MORADABAD JN,KASHIPUR JN,13:40:00,15:15:00,58,9,0 days 01:35:00
55312,KASHIPUR JN,MORADABAD JN,17:50:00,19:30:00,58,9,0 days 01:40:00
55313,KASHIPUR JN,RAMNAGAR,15:35:00,16:10:00,27,4,0 days 00:35:00
55314,RAMNAGAR,KASHIPUR JN,17:00:00,17:35:00,27,4,0 days 00:35:00
55315,LALKUA JN.,KASHIPUR JN,08:45:00,10:05:00,54,7,0 days 01:20:00
55316,KASHIPUR JN,LALKUA JN.,05:45:00,07:05:00,54,7,0 days 01:20:00
55317,LALKUA JN.,KASHIPUR JN,14:00:00,15:20:00,54,7,0 days 01:20:00
55318,KASHIPUR JN,LALKUA JN.,12:05:00,13:20:00,54,7,0 days 01:15:00
55319,LALKUA JN.,KASHIPUR JN,20:45:00,22:00:00,54,6,0 days 01:15:00
55320,KASHIPUR JN,LALKUA JN.,18:20:00,19:50:00,54,6,0 days 01:30:00
55321,MORADABAD JN,RAMNAGAR,07:20:00,09:35:00,85,12,0 days 02:15:00
55322,RAMNAGAR,MORADABAD JN,20:55:00,23:20:00,76,7,0 days 02:25:00
55323,MORADABAD JN,RAMNAGAR,20:45:00,23:00:00,76,6,0 days 02:15:00
55324,RAMNAGAR,MORADABAD JN,03:45:00,05:45:00,76,6,0 days 02:00:00
55325,LUCKNOW JN.,KASGANJ JN.,04:30:00,14:45:00,319,55,0 days 10:15:00
55326,KASGANJ JN.,LUCKNOW JN.,15:05:00,01:00:00,320,55,0 days 09:55:00
55327,KANPUR CENTR,FARRUKHABAD,19:00:00,22:55:00,138,27,0 days 03:55:00
55328,FARRUKHABAD,KANPUR CENTR,05:25:00,09:30:00,139,27,0 days 04:05:00
55329,SHIKOHABAD J,KASGANJ JN.,16:00:00,23:35:00,213,33,0 days 07:35:00
55330,KASGANJ JN.,SHIKOHABAD J,05:00:00,10:50:00,214,33,0 days 05:50:00
55331,FARRUKHABAD,KASGANJ JN.,05:00:00,07:35:00,107,17,0 days 02:35:00
55332,KASGANJ JN.,FARRUKHABAD,17:35:00,20:25:00,107,17,0 days 02:50:00
55333,KASGANJ JN.,AGRA  FORT,07:45:00,12:30:00,166,22,0 days 04:45:00
55334,AGRA  FORT,KASGANJ JN.,15:35:00,20:40:00,166,22,0 days 05:05:00
55335,BAREILLY CIT,LALKUA JN.,06:20:00,08:35:00,81,10,0 days 02:15:00
55336,LALKUA JN.,BAREILLY CIT,20:30:00,22:45:00,81,10,0 days 02:15:00
55337,KASGANJ JN.,ACHHNERA JN.,05:10:00,09:10:00,139,18,0 days 04:00:00
55338,ACHHNERA JN.,KASGANJ JN.,10:40:00,14:40:00,139,18,0 days 04:00:00
55339,KASGANJ JN.,MATHURA JN.,12:10:00,14:45:00,105,14,0 days 02:35:00
55340,MATHURA JN.,KASGANJ JN.,21:05:00,23:30:00,105,7,0 days 02:25:00
55341,KASGANJ JN.,BHARATPUR JN,17:35:00,23:00:00,167,22,0 days 05:25:00
55342,BHARATPUR JN,KASGANJ JN.,05:35:00,11:10:00,167,22,0 days 05:35:00
55343,KASGANJ JN.,BAREILLY CIT,06:00:00,09:30:00,141,19,0 days 03:30:00
55344,BAREILLY CIT,KASGANJ JN.,07:30:00,11:00:00,141,19,0 days 03:30:00
55345,KASGANJ JN.,BAREILLY CIT,09:35:00,13:05:00,141,19,0 days 03:30:00
55346,BAREILLY CIT,KASGANJ JN.,10:00:00,13:40:00,141,19,0 days 03:40:00
55347,BAREILLY CIT,LALKUA JN.,10:30:00,13:00:00,81,10,0 days 02:30:00
55348,LALKUA JN.,BAREILLY CIT,07:30:00,09:45:00,81,10,0 days 02:15:00
55349,BAREILLY CIT,LALKUA JN.,17:25:00,19:55:00,81,10,0 days 02:30:00
55350,LALKUA JN.,BAREILLY CIT,13:50:00,16:15:00,81,10,0 days 02:25:00
55351,BAREILLY CIT,LALKUA JN.,14:05:00,16:30:00,81,10,0 days 02:25:00
55352,LALKUA JN.,BAREILLY CIT,10:15:00,12:45:00,81,10,0 days 02:30:00
55353,KASGANJ JN.,MATHURA JN.,21:15:00,23:30:00,105,7,0 days 02:15:00
55354,MATHURA JN.,KASGANJ JN.,06:00:00,08:30:00,105,14,0 days 02:30:00
55355,KASGANJ JN.,BAREILLY CIT,12:55:00,16:30:00,141,19,0 days 03:35:00
55356,BAREILLY CIT,KASGANJ JN.,13:30:00,16:50:00,141,19,0 days 03:20:00
55357,KASGANJ JN.,BAREILLY CIT,17:10:00,20:30:00,141,19,0 days 03:20:00
55358,BAREILLY CIT,KASGANJ JN.,17:10:00,20:55:00,141,19,0 days 03:45:00
55359,KASGANJ JN.,BAREILLY CIT,21:45:00,00:30:00,119,8,0 days 02:45:00
55360,BAREILLY CIT,KASGANJ JN.,20:45:00,23:45:00,119,8,0 days 03:00:00
55361,BAREILLY CIT,PILIBHIT JN.,07:10:00,09:10:00,55,9,0 days 02:00:00
55362,PILIBHIT JN.,BAREILLY CIT,07:20:00,09:15:00,55,9,0 days 01:55:00
55363,BAREILLY CIT,PILIBHIT JN.,11:05:00,13:05:00,55,9,0 days 02:00:00
55364,PILIBHIT JN.,BAREILLY CIT,10:00:00,11:55:00,55,9,0 days 01:55:00
55365,BAREILLY CIT,PILIBHIT JN.,14:45:00,16:45:00,55,9,0 days 02:00:00
55366,PILIBHIT JN.,BAREILLY CIT,13:45:00,15:40:00,55,9,0 days 01:55:00
55367,BAREILLY CIT,PILIBHIT JN.,18:00:00,20:00:00,55,9,0 days 02:00:00
55368,PILIBHIT JN.,BAREILLY CIT,18:15:00,20:15:00,55,9,0 days 02:00:00
55369,BAREILLY CIT,PILIBHIT JN.,21:30:00,23:10:00,55,7,0 days 01:40:00
55370,PILIBHIT JN.,BAREILLY CIT,21:35:00,23:25:00,55,7,0 days 01:50:00
55371,PILIBHIT JN.,MAJHOLA PAKA,07:15:00,08:00:00,25,3,0 days 00:45:00
55372,MAJHOLA PAKA,PILIBHIT JN.,08:30:00,09:15:00,25,3,0 days 00:45:00
55373,PILIBHIT JN.,MAJHOLA PAKA,10:30:00,11:15:00,25,3,0 days 00:45:00
55374,MAJHOLA PAKA,PILIBHIT JN.,12:40:00,13:25:00,25,3,0 days 00:45:00
55375,PILIBHIT JN.,MAJHOLA PAKA,17:15:00,18:00:00,25,3,0 days 00:45:00
55376,MAJHOLA PAKA,PILIBHIT JN.,18:45:00,19:30:00,25,3,0 days 00:45:00
55421,MALDA TOWN,BALURGHAT,07:15:00,10:10:00,106,14,0 days 02:55:00
55422,BALURGHAT,MALDA TOWN,17:15:00,20:20:00,106,14,0 days 03:05:00
55465,ALIPUR DUAR,BAMANHAT,06:15:00,08:50:00,72,14,0 days 02:35:00
55466,BAMANHAT,ALIPUR DUAR,16:00:00,18:45:00,72,14,0 days 02:45:00
55467,SILIGURI JN.,BAMANHAT,07:15:00,15:30:00,233,34,0 days 08:15:00
55468,BAMANHAT,SILIGURI JN.,09:20:00,18:10:00,233,34,0 days 08:50:00
55513,SAMASTIPUR J,JAYNAGAR,18:15:00,22:15:00,105,16,0 days 04:00:00
55514,JAYNAGAR,SAMASTIPUR J,07:35:00,11:35:00,105,23,0 days 04:00:00
55517,DARBHANGA JN,JAYNAGAR,17:30:00,21:00:00,68,9,0 days 03:30:00
55518,JAYNAGAR,DARBHANGA JN,12:55:00,15:55:00,68,9,0 days 03:00:00
55519,SAMASTIPUR J,JAYNAGAR,06:05:00,10:00:00,105,16,0 days 03:55:00
55520,JAYNAGAR,SAMASTIPUR J,17:15:00,21:00:00,105,16,0 days 03:45:00
55525,BARAUNI JN.,SAMASTIPUR J,07:55:00,09:35:00,50,10,0 days 01:40:00
55526,SAMASTIPUR J,BARAUNI JN.,18:35:00,20:35:00,50,10,0 days 02:00:00
55527,JAYNAGAR,PATNA JN.,03:15:00,14:15:00,266,37,0 days 11:00:00
55528,PATNA JN.,JAYNAGAR,15:30:00,01:50:00,266,37,0 days 10:20:00
55533,SAHARSA JN.,SAMASTIPUR J,07:30:00,12:15:00,138,23,0 days 04:45:00
55534,SAMASTIPUR J,SAHARSA JN.,22:00:00,02:45:00,139,23,0 days 04:45:00
55537,KATIHAR JN.,SAMASTIPUR J,08:30:00,16:00:00,230,34,0 days 07:30:00
55538,SAMASTIPUR J,KATIHAR JN.,12:45:00,20:15:00,230,35,0 days 07:30:00
55539,KATIHAR JN.,HAJIPUR JN.,04:00:00,15:25:00,267,44,0 days 11:25:00
55540,HAJIPUR JN.,KATIHAR JN.,14:10:00,00:05:00,267,43,0 days 09:55:00
55541,HAJIPUR JN.,BATHUA BAZAR,15:35:00,22:00:00,159,28,0 days 06:25:00
55542,BATHUA BAZAR,HAJIPUR JN.,06:15:00,13:53:00,159,28,0 days 07:38:00
55549,BARAUNI JN.,HAJIPUR JN.,22:30:00,03:30:00,87,17,0 days 05:00:00
55550,HAJIPUR JN.,BARAUNI JN.,04:15:00,07:20:00,87,18,0 days 03:05:00
55553,SAHARSA JN.,SAMASTIPUR J,21:55:00,03:15:00,138,23,0 days 05:20:00
55554,SAMASTIPUR J,SAHARSA JN.,13:35:00,18:00:00,139,23,0 days 04:25:00
55555,SAHARSA JN.,SAMASTIPUR J,05:30:00,09:35:00,139,20,0 days 04:05:00
55556,SAMASTIPUR J,SAHARSA JN.,15:30:00,21:15:00,139,23,0 days 05:45:00
55559,SAHARSA JN.,SAMASTIPUR J,13:45:00,19:15:00,139,19,0 days 05:30:00
55560,SAMASTIPUR J,SAHARSA JN.,08:30:00,13:10:00,139,23,0 days 04:40:00
55563,PURNEA JN.,SAHARSA JN.,06:00:00,09:45:00,100,13,0 days 03:45:00
55564,SAHARSA JN.,PURNEA JN.,01:15:00,04:45:00,100,13,0 days 03:30:00
55565,SAHARSA JN.,SAMASTIPUR J,18:15:00,23:00:00,139,19,0 days 04:45:00
55566,SAMASTIPUR J,SAHARSA JN.,04:30:00,09:35:00,139,19,0 days 05:05:00
55567,SAHARSA JN.,SAMASTIPUR J,10:25:00,16:00:00,139,19,0 days 05:35:00
55568,SAMASTIPUR J,SAHARSA JN.,18:15:00,23:45:00,139,19,0 days 05:30:00
55569,DAURAM MADHE,SAHARSA JN.,11:05:00,11:50:00,21,3,0 days 00:45:00
55570,SAHARSA JN.,DAURAM MADHE,10:00:00,10:40:00,21,3,0 days 00:40:00
55571,PURNEA JN.,SAHARSA JN.,10:15:00,14:10:00,100,13,0 days 03:55:00
55572,SAHARSA JN.,PURNEA JN.,05:45:00,09:30:00,100,13,0 days 03:45:00
55575,DARBHANGA JN,BIRAUL,08:15:00,10:45:00,54,5,0 days 02:30:00
55576,BIRAUL,DARBHANGA JN,18:45:00,21:45:00,54,5,0 days 03:00:00
55577,DARBHANGA JN,BIRAUL,16:00:00,18:20:00,54,5,0 days 02:20:00
55578,BIRAUL,DARBHANGA JN,12:00:00,14:45:00,54,5,0 days 02:45:00
55583,PURNEA JN.,SAHARSA JN.,19:15:00,22:35:00,100,13,0 days 03:20:00
55584,SAHARSA JN.,PURNEA JN.,14:45:00,18:00:00,100,13,0 days 03:15:00
55601,GUWAHATI,LUMDING JN.,06:20:00,12:15:00,181,26,0 days 05:55:00
55602,LUMDING JN.,GUWAHATI,14:25:00,21:10:00,180,26,0 days 06:45:00
55603,GUWAHATI,MAIRABARI,18:10:00,23:10:00,160,29,0 days 05:00:00
55604,MAIRABARI,GUWAHATI,04:35:00,09:35:00,160,29,0 days 05:00:00
55615,GUWAHATI,SILCHAR,23:55:00,14:00:00,380,33,0 days 14:05:00
55616,SILCHAR,GUWAHATI,07:00:00,20:15:00,379,33,0 days 13:15:00
55661,MAISHASHAN,SILCHAR,18:45:00,21:35:00,60,12,0 days 02:50:00
55662,SILCHAR,MAISHASHAN,06:00:00,08:25:00,60,12,0 days 02:25:00
55663,AGARTALA,SILCHAR,10:45:00,20:00:00,256,35,0 days 09:15:00
55664,SILCHAR,AGARTALA,08:30:00,17:00:00,255,35,0 days 08:30:00
55665,SILCHAR,VANGAICHUNGP,11:00:00,13:30:00,67,10,0 days 02:30:00
55666,JIRIBAM,SILCHAR,13:55:00,16:15:00,56,9,0 days 02:20:00
55667,SILCHAR,BHAIRABI,16:45:00,20:50:00,103,14,0 days 04:05:00
55668,BHAIRABI,SILCHAR,05:30:00,09:20:00,103,14,0 days 03:50:00
55675,AGARTALA,DHARMANAGAR,17:45:00,21:45:00,140,14,0 days 04:00:00
55676,DHARMANAGAR,AGARTALA,05:45:00,09:45:00,140,14,0 days 04:00:00
55677,SILCHAR,DHARMANAGAR,17:30:00,22:45:00,115,22,0 days 05:15:00
55678,DHARMANAGAR,SILCHAR,05:30:00,10:20:00,115,22,0 days 04:50:00
55679,AGARTALA,DHARMANAGAR,06:15:00,10:00:00,140,14,0 days 03:45:00
55680,DHARMANAGAR,AGARTALA,15:45:00,20:00:00,140,14,0 days 04:15:00
55681,UDAIPUR,AGARTALA,08:45:00,10:00:00,42,5,0 days 01:15:00
55682,AGARTALA,UDAIPUR,06:30:00,07:40:00,42,5,0 days 01:10:00
55683,UDAIPUR,AGARTALA,20:00:00,21:15:00,42,5,0 days 01:15:00
55684,AGARTALA,UDAIPUR,17:45:00,18:50:00,42,5,0 days 01:05:00
55685,MAISHASHAN,SILCHAR,09:00:00,11:55:00,60,12,0 days 02:55:00
55686,SILCHAR,MAISHASHAN,15:25:00,18:05:00,60,12,0 days 02:40:00
55687,DULLABCHERRA,SILCHAR,17:25:00,22:05:00,101,10,0 days 04:40:00
55688,SILCHAR,DULLABCHERRA,05:00:00,08:45:00,101,10,0 days 03:45:00
55689,DULLABCHERRA,BADARPUR JN.,09:10:00,12:55:00,71,15,0 days 03:45:00
55690,BADARPUR JN.,DULLABCHERRA,13:45:00,16:45:00,71,15,0 days 03:00:00
55701,MALDA TOWN,KATIHAR JN.,07:00:00,10:45:00,90,20,0 days 03:45:00
55702,KATIHAR JN.,MALDA TOWN,14:30:00,17:30:00,90,20,0 days 03:00:00
55703,MALDA COURT,KATIHAR JN.,14:00:00,17:14:00,90,20,0 days 03:14:00
55704,KATIHAR JN.,MALDA COURT,08:15:00,11:35:00,90,20,0 days 03:20:00
55707,RADHIKAPUR,KATIHAR JN.,05:00:00,08:45:00,109,24,0 days 03:45:00
55708,KATIHAR JN.,RADHIKAPUR,18:35:00,22:20:00,109,24,0 days 03:45:00
55709,SINGHABAD,OLD MALDA,08:30:00,09:40:00,24,4,0 days 01:10:00
55710,OLD MALDA,SINGHABAD,06:15:00,07:20:00,24,4,0 days 01:05:00
55711,MALDA TOWN,NEW JALPAIGU,15:30:00,23:00:00,232,41,0 days 07:30:00
55712,NEW JALPAIGU,MALDA TOWN,06:00:00,14:00:00,232,41,0 days 08:00:00
55713,NEW JALPAIGU,RANGIYA JN.,07:20:00,22:20:00,363,45,0 days 15:00:00
55714,RANGIYA JN.,NEW JALPAIGU,03:35:00,16:00:00,363,45,0 days 12:25:00
55719,DEKARGAON,BHALUKPONG,11:00:00,13:10:00,49,8,0 days 02:10:00
55720,BHALUKPONG,DEKARGAON,13:50:00,16:00:00,49,8,0 days 02:10:00
55721,RANGIYA JN.,DEKARGAON,06:00:00,10:30:00,95,18,0 days 04:30:00
55722,DEKARGAON,RANGIYA JN.,16:45:00,21:15:00,94,18,0 days 04:30:00
55725,NEW JALPAIGU,ALIPUR DUAR,17:40:00,23:15:00,168,23,0 days 05:35:00
55726,ALIPUR DUAR,NEW JALPAIGU,05:00:00,10:05:00,168,23,0 days 05:05:00
55727,KATIHAR JN.,RADHIKAPUR,06:15:00,09:15:00,93,20,0 days 03:00:00
55728,RADHIKAPUR,KATIHAR JN.,10:15:00,13:10:00,94,20,0 days 02:55:00
55729,KATIHAR JN.,RADHIKAPUR,14:00:00,17:00:00,93,20,0 days 03:00:00
55730,RADHIKAPUR,KATIHAR JN.,18:30:00,21:50:00,94,20,0 days 03:20:00
55733,KATIHAR JN.,JOGBANI,03:00:00,05:50:00,108,15,0 days 02:50:00
55734,JOGBANI,KATIHAR JN.,06:30:00,09:35:00,108,19,0 days 03:05:00
55735,KATIHAR JN.,JOGBANI,07:00:00,09:55:00,107,19,0 days 02:55:00
55736,JOGBANI,KATIHAR JN.,10:35:00,13:35:00,108,19,0 days 03:00:00
55740,JOGBANI,KATIHAR JN.,15:20:00,18:20:00,108,19,0 days 03:00:00
55741,KATIHAR JN.,JOGBANI,14:30:00,17:15:00,108,15,0 days 02:45:00
55742,JOGBANI,KATIHAR JN.,18:00:00,21:00:00,108,15,0 days 03:00:00
55743,KATIHAR JN.,JOGBANI,17:45:00,20:45:00,107,19,0 days 03:00:00
55744,JOGBANI,KATIHAR JN.,04:30:00,07:25:00,108,15,0 days 02:55:00
55749,NEW JALPAIGU,HALDIBARI,09:00:00,10:45:00,56,10,0 days 01:45:00
55750,HALDIBARI,NEW JALPAIGU,11:55:00,13:45:00,56,10,0 days 01:50:00
55751,NEW JALPAIGU,HALDIBARI,14:45:00,16:25:00,56,10,0 days 01:40:00
55752,HALDIBARI,NEW JALPAIGU,17:10:00,18:45:00,56,10,0 days 01:35:00
55753,ALIPUR DUAR,GUWAHATI,02:45:00,11:25:00,268,34,0 days 08:40:00
55754,GUWAHATI,ALIPUR DUAR,14:20:00,22:10:00,268,34,0 days 07:50:00
55755,KATIHAR JN.,JOGBANI,09:00:00,12:05:00,107,19,0 days 03:05:00
55756,JOGBANI,KATIHAR JN.,03:00:00,06:05:00,108,19,0 days 03:05:00
55763,KATIHAR JN.,JOGBANI,20:30:00,23:30:00,107,19,0 days 03:00:00
55764,JOGBANI,KATIHAR JN.,12:45:00,15:45:00,108,15,0 days 03:00:00
55769,MALDA COURT,KATIHAR JN.,16:45:00,20:30:00,90,20,0 days 03:45:00
55770,KATIHAR JN.,MALDA COURT,06:05:00,09:25:00,90,20,0 days 03:20:00
55771,MALDA COURT,BUNIYADPUR,10:30:00,12:15:00,61,9,0 days 01:45:00
55772,BUNIYADPUR,MALDA COURT,14:15:00,16:00:00,60,9,0 days 01:45:00
55801,NEW BONGAIGA,GUWAHATI,04:50:00,09:15:00,156,22,0 days 04:25:00
55802,GUWAHATI,NEW BONGAIGA,17:30:00,22:00:00,156,22,0 days 04:30:00
55803,NEW BONGAIGA,GUWAHATI,17:05:00,21:40:00,208,19,0 days 04:35:00
55804,GUWAHATI,NEW BONGAIGA,07:20:00,12:00:00,208,19,0 days 04:40:00
55809,NEW BONGAIGA,GUWAHATI,16:40:00,21:20:00,156,22,0 days 04:40:00
55810,GUWAHATI,NEW BONGAIGA,05:00:00,10:05:00,156,22,0 days 05:05:00
55811,DHUBRI,KAMAKHYA JN,07:00:00,15:10:00,309,21,0 days 08:10:00
55812,KAMAKHYA JN,DHUBRI,22:00:00,06:20:00,309,21,0 days 08:20:00
55813,DEKARGAON,MURKEONG SEL,04:05:00,13:45:00,343,42,0 days 09:40:00
55814,MURKEONG SEL,DEKARGAON,14:45:00,00:25:00,343,42,0 days 09:40:00
55817,NEW BONGAIGA,GUWAHATI,14:30:00,20:15:00,156,17,0 days 05:45:00
55818,GUWAHATI,NEW BONGAIGA,08:30:00,13:25:00,156,17,0 days 04:55:00
55819,MENDIPATHAR,GUWAHATI,07:00:00,11:40:00,126,14,0 days 04:40:00
55820,GUWAHATI,MENDIPATHAR,16:20:00,20:10:00,126,14,0 days 03:50:00
55823,RANGAPARA NO,DEKARGAON,06:00:00,06:40:00,6,4,0 days 00:40:00
55824,DEKARGAON,RANGAPARA NO,22:00:00,22:40:00,6,4,0 days 00:40:00
55861,RANGIYA JN.,DEKARGAON,12:30:00,16:40:00,95,18,0 days 04:10:00
55862,DEKARGAON,RANGIYA JN.,07:15:00,11:45:00,94,18,0 days 04:30:00
55893,RANGIYA JN.,RANGAPARA NO,18:20:00,21:25:00,89,15,0 days 03:05:00
55894,RANGAPARA NO,RANGIYA JN.,05:00:00,07:45:00,88,15,0 days 02:45:00
55895,RANGIYA JN.,MURKEONG SEL,08:15:00,20:20:00,426,53,0 days 12:05:00
55896,MURKEONG SEL,RANGIYA JN.,06:00:00,17:45:00,425,53,0 days 11:45:00
55901,LUMDING JN.,TINSUKIA JN.,06:30:00,20:00:00,336,49,0 days 13:30:00
55902,TINSUKIA JN.,LUMDING JN.,07:50:00,21:30:00,335,49,0 days 13:40:00
55903,DIMAPUR,MARIANI JN.,14:40:00,20:40:00,155,23,0 days 06:00:00
55904,MARIANI JN.,DIMAPUR,06:30:00,12:30:00,155,23,0 days 06:00:00
55909,SIMALUGURI J,DIBRUGARH TO,06:35:00,09:15:00,102,13,0 days 02:40:00
55910,DIBRUGARH TO,SIMALUGURI J,16:30:00,19:10:00,102,13,0 days 02:40:00
55913,JORHAT TOWN,TINSUKIA JN.,05:30:00,11:55:00,176,27,0 days 06:25:00
55914,TINSUKIA JN.,JORHAT TOWN,14:40:00,20:45:00,176,27,0 days 06:05:00
56001,CHENNAI CENT,ARAKKONAM JN,13:10:00,14:40:00,68,6,0 days 01:30:00
56002,ARAKKONAM JN,CHENNAI CENT,22:15:00,23:50:00,68,5,0 days 01:35:00
56003,ARAKKONAM JN,CHENGALPATTU,05:50:00,07:15:00,62,6,0 days 01:25:00
56004,CHENGALPATTU,ARAKKONAM JN,20:25:00,22:00:00,62,3,0 days 01:35:00
56005,ARAKKONAM JN,CHENGALPATTU,17:30:00,19:10:00,62,6,0 days 01:40:00
56006,CHENGALPATTU,ARAKKONAM JN,08:20:00,09:55:00,62,6,0 days 01:35:00
56007,ARAKKONAM JN,KATPADI JN,21:00:00,22:45:00,60,8,0 days 01:45:00
56008,KATPADI JN,ARAKKONAM JN,04:35:00,06:25:00,60,10,0 days 01:50:00
56009,ARAKKONAM JN,VELLORE CANT,07:10:00,09:05:00,70,13,0 days 01:55:00
56010,VELLORE CANT,ARAKKONAM JN,16:35:00,18:45:00,70,13,0 days 02:10:00
56011,ARAKKONAM JN,CUDDAPAH,07:05:00,12:40:00,193,27,0 days 05:35:00
56012,CUDDAPAH,ARAKKONAM JN,14:45:00,20:55:00,193,27,0 days 06:10:00
56013,ARAKKONAM JN,VELLORE CANT,13:05:00,15:25:00,70,14,0 days 02:20:00
56014,VELLORE CANT,ARAKKONAM JN,09:40:00,11:55:00,70,14,0 days 02:15:00
56033,MAYILADUTURA,MANNARGUDI,16:40:00,18:55:00,76,11,0 days 02:15:00
56034,MANNARGUDI,MAYILADUTURA,08:30:00,11:00:00,76,11,0 days 02:30:00
56035,TIRUCHENDUR,TIRUNELVELI,09:15:00,11:00:00,61,12,0 days 01:45:00
56036,TIRUNELVELI,TIRUCHENDUR,16:00:00,17:40:00,61,12,0 days 01:40:00
56037,CHENNAI EGMO,PONDICHERRY,06:35:00,10:55:00,196,18,0 days 04:20:00
56038,PONDICHERRY,CHENNAI EGMO,15:35:00,20:10:00,196,17,0 days 04:35:00
56041,TIRUPATI,PONDICHERRY,04:25:00,14:10:00,279,33,0 days 09:45:00
56042,PONDICHERRY,TIRUPATI,13:20:00,22:45:00,284,31,0 days 09:25:00
56043,GURUVAYUR,TRICHUR,17:10:00,17:40:00,22,3,0 days 00:30:00
56044,TRICHUR,GURUVAYUR,18:55:00,19:30:00,22,3,0 days 00:35:00
56100,ERODE JN.,METTUR DAM,05:00:00,08:25:00,99,11,0 days 03:25:00
56101,METTUR DAM,ERODE JN.,19:00:00,22:05:00,99,11,0 days 03:05:00
56102,SALEM JN.,METTUR DAM,17:30:00,18:35:00,40,4,0 days 01:05:00
56103,METTUR DAM,SALEM JN.,08:50:00,09:55:00,40,4,0 days 01:05:00
56105,SALEM JN.,KARUR JN.,06:05:00,08:15:00,84,9,0 days 02:10:00
56106,KARUR JN.,SALEM JN.,08:35:00,10:45:00,85,7,0 days 02:10:00
56107,SALEM JN.,KARUR JN.,17:30:00,19:30:00,85,7,0 days 02:00:00
56108,KARUR JN.,SALEM JN.,19:50:00,21:50:00,85,7,0 days 02:00:00
56109,TIRUCHIRAPPA,ERODE JN.,16:10:00,20:00:00,141,25,0 days 03:50:00
56110,ERODE JN.,TIRUCHIRAPPA,07:50:00,11:50:00,141,22,0 days 04:00:00
56111,JOLARPETTAI,ERODE JN.,15:10:00,19:45:00,178,23,0 days 04:35:00
56112,ERODE JN.,JOLARPETTAI,06:25:00,12:25:00,180,23,0 days 06:00:00
56113,MAYILADUTURA,TIRUCHIRAPPA,06:15:00,09:40:00,120,26,0 days 03:25:00
56114,TIRUCHIRAPPA,MAYILADUTURA,18:05:00,21:20:00,120,26,0 days 03:15:00
56115,MAYILADUTURA,THANJAVUR JN,07:15:00,09:15:00,70,17,0 days 02:00:00
56116,THANJAVUR JN,MAYILADUTURA,18:15:00,20:30:00,70,17,0 days 02:15:00
56136,METTUPALAIYA,UDHAGAMANDAL,07:10:00,12:00:00,45,7,0 days 04:50:00
56137,UDHAGAMANDAL,METTUPALAIYA,14:00:00,17:35:00,45,7,0 days 03:35:00
56138,COONOOR,UDHAGAMANDAL,16:00:00,17:15:00,18,6,0 days 01:15:00
56139,UDHAGAMANDAL,COONOOR,09:15:00,10:25:00,18,6,0 days 01:10:00
56140,UDHAGAMANDAL,COONOOR,17:30:00,18:40:00,18,6,0 days 01:10:00
56141,COONOOR,UDHAGAMANDAL,07:45:00,09:05:00,18,6,0 days 01:20:00
56142,UDHAGAMANDAL,COONOOR,12:15:00,13:20:00,18,6,0 days 01:05:00
56143,COONOOR,UDHAGAMANDAL,12:35:00,13:50:00,18,6,0 days 01:15:00
56144,COIMBATORE,METTUPALAIYA,17:55:00,18:45:00,35,4,0 days 00:50:00
56145,METTUPALAIYA,COIMBATORE,08:15:00,09:05:00,35,4,0 days 00:50:00
56146,COIMBATORE,METTUPALAIYA,09:30:00,10:20:00,35,4,0 days 00:50:00
56147,METTUPALAIYA,COIMBATORE,10:40:00,11:30:00,35,4,0 days 00:50:00
56148,COIMBATORE,METTUPALAIYA,11:50:00,12:40:00,35,4,0 days 00:50:00
56149,METTUPALAIYA,COIMBATORE,13:00:00,13:55:00,35,4,0 days 00:55:00
56150,COIMBATORE,METTUPALAIYA,15:15:00,16:05:00,35,4,0 days 00:50:00
56151,METTUPALAIYA,COIMBATORE,16:30:00,17:20:00,35,4,0 days 00:50:00
56201,CHAMRAJANAGA,MYSORE JN.,20:50:00,22:30:00,60,13,0 days 01:40:00
56202,MYSORE JN.,CHAMRAJANAGA,05:00:00,06:40:00,60,13,0 days 01:40:00
56203,CHAMRAJANAGA,MYSORE JN.,10:40:00,12:25:00,60,13,0 days 01:45:00
56204,MYSORE JN.,CHAMRAJANAGA,07:20:00,09:10:00,60,13,0 days 01:50:00
56205,NANJANGUD TO,MYSORE JN.,10:15:00,11:10:00,25,7,0 days 00:55:00
56206,MYSORE JN.,NANJANGUD TO,09:00:00,09:50:00,25,7,0 days 00:50:00
56207,CHAMRAJANAGA,MYSORE JN.,16:55:00,18:35:00,60,13,0 days 01:40:00
56208,MYSORE JN.,CHAMRAJANAGA,14:50:00,16:40:00,60,13,0 days 01:50:00
56209,CHAMRAJANAGA,MYSORE JN.,18:00:00,19:50:00,60,13,0 days 01:50:00
56210,MYSORE JN.,CHAMRAJANAGA,12:30:00,14:15:00,60,13,0 days 01:45:00
56215,YESVANTPUR J,MYSORE JN.,12:45:00,20:00:00,294,34,0 days 07:15:00
56216,MYSORE JN.,YESVANTPUR J,08:30:00,15:45:00,294,34,0 days 07:15:00
56217,TALGUPPA,SHIMOGA TOWN,10:00:00,12:30:00,96,7,0 days 02:30:00
56218,SHIMOGA TOWN,TALGUPPA,13:40:00,16:30:00,96,7,0 days 02:50:00
56221,KRANTIVIRA S,TUMKUR,09:20:00,11:05:00,69,14,0 days 01:45:00
56222,TUMKUR,KRANTIVIRA S,11:35:00,13:20:00,69,14,0 days 01:45:00
56223,KRANTIVIRA S,ARSIKERE JN.,18:20:00,22:50:00,165,29,0 days 04:30:00
56224,ARSIKERE JN.,KRANTIVIRA S,05:00:00,09:10:00,165,29,0 days 04:10:00
56225,KRANTIVIRA S,TUMKUR,13:50:00,15:55:00,69,14,0 days 02:05:00
56226,TUMKUR,KRANTIVIRA S,16:25:00,18:15:00,69,14,0 days 01:50:00
56227,KRANTIVIRA S,SHIMOGA TOWN,16:30:00,23:35:00,273,41,0 days 07:05:00
56228,SHIMOGA TOWN,KRANTIVIRA S,04:00:00,11:20:00,273,41,0 days 07:20:00
56231,MYSORE JN.,KRANTIVIRA S,05:50:00,09:15:00,138,20,0 days 03:25:00
56232,KRANTIVIRA S,MYSORE JN.,09:20:00,12:35:00,138,22,0 days 03:15:00
56237,MYSORE JN.,KRANTIVIRA S,14:45:00,18:05:00,138,22,0 days 03:20:00
56238,KRANTIVIRA S,MYSORE JN.,19:00:00,22:20:00,138,21,0 days 03:20:00
56241,SALEM JN.,YESVANTPUR J,05:20:00,10:45:00,220,22,0 days 05:25:00
56242,YESVANTPUR J,SALEM JN.,16:05:00,21:40:00,219,22,0 days 05:35:00
56261,ARAKKONAM JN,KRANTIVIRA S,08:00:00,18:45:00,290,43,0 days 10:45:00
56262,KRANTIVIRA S,ARAKKONAM JN,09:15:00,17:45:00,290,41,0 days 08:30:00
56263,MYSORE JN.,KRANTIVIRA S,23:55:00,04:15:00,138,17,0 days 04:20:00
56264,KRANTIVIRA S,MYSORE JN.,23:55:00,04:00:00,138,17,0 days 04:05:00
56265,ARSIKERE JN.,MYSORE JN.,17:30:00,21:25:00,167,21,0 days 03:55:00
56266,MYSORE JN.,ARSIKERE JN.,07:15:00,11:10:00,167,21,0 days 03:55:00
56267,ARSIKERE JN.,MYSORE JN.,05:00:00,09:25:00,167,21,0 days 04:25:00
56268,MYSORE JN.,ARSIKERE JN.,18:20:00,22:30:00,167,21,0 days 04:10:00
56269,SHIMOGA TOWN,MYSORE JN.,10:20:00,16:30:00,275,16,0 days 06:10:00
56270,MYSORE JN.,SHIMOGA TOWN,10:20:00,16:40:00,275,16,0 days 06:20:00
56271,SHIMOGA TOWN,CHIKMAGALURU,18:15:00,21:25:00,114,11,0 days 03:10:00
56272,CHIKMAGALURU,SHIMOGA TOWN,06:40:00,09:30:00,114,11,0 days 02:50:00
56273,ARSIKERE JN.,HUBLI JN.,04:50:00,13:05:00,305,36,0 days 08:15:00
56274,HUBLI JN.,ARSIKERE JN.,15:25:00,22:40:00,303,36,0 days 07:15:00
56275,TALGUPPA,MYSORE JN.,05:15:00,14:30:00,372,32,0 days 09:15:00
56276,MYSORE JN.,TALGUPPA,13:10:00,22:15:00,372,31,0 days 09:05:00
56277,CHIKMAGALURU,YESVANTPUR J,07:40:00,14:15:00,244,20,0 days 06:35:00
56278,YESVANTPUR J,CHIKMAGALURU,15:30:00,22:15:00,244,20,0 days 06:45:00
56281,CHAMRAJANAGA,KRANTIVIRA S,07:00:00,12:15:00,198,27,0 days 05:15:00
56282,KRANTIVIRA S,CHAMRAJANAGA,15:30:00,20:35:00,198,27,0 days 05:05:00
56300,QUILON,ALLEPPEY,03:30:00,05:40:00,84,14,0 days 02:10:00
56301,ALLEPPEY,QUILON,17:20:00,19:20:00,85,14,0 days 02:00:00
56302,ALLEPPEY,ERNAKULAM. J,07:20:00,08:55:00,56,12,0 days 01:35:00
56303,ERNAKULAM. J,ALLEPPEY,15:40:00,17:15:00,56,12,0 days 01:35:00
56304,NAGERCOIL JN,KOTTAYAM,12:20:00,19:50:00,231,44,0 days 07:30:00
56305,KOTTAYAM,QUILON,05:35:00,08:15:00,96,14,0 days 02:40:00
56307,QUILON,TRIVANDRUM C,06:55:00,09:00:00,64,18,0 days 02:05:00
56308,TRIVANDRUM C,QUILON,18:00:00,20:00:00,64,18,0 days 02:00:00
56309,QUILON,TRIVANDRUM C,15:15:00,17:05:00,64,18,0 days 01:50:00
56310,NAGERCOIL JN,TRIVANDRUM C,06:30:00,08:30:00,71,14,0 days 02:00:00
56311,TRIVANDRUM C,NAGERCOIL JN,06:50:00,08:50:00,72,14,0 days 02:00:00
56313,TRIVANDRUM C,NAGERCOIL JN,18:05:00,19:55:00,72,14,0 days 01:50:00
56315,TRIVANDRUM C,NAGERCOIL JN,17:15:00,19:15:00,72,14,0 days 02:00:00
56316,NAGERCOIL JN,TRIVANDRUM C,18:20:00,20:15:00,71,14,0 days 01:55:00
56317,KOCHUVELI,NAGERCOIL JN,13:10:00,15:55:00,78,16,0 days 02:45:00
56318,NAGERCOIL JN,KOCHUVELI,07:55:00,10:20:00,77,16,0 days 02:25:00
56319,NAGERCOIL JN,COIMBATORE,07:10:00,20:50:00,531,39,0 days 13:40:00
56320,COIMBATORE,NAGERCOIL JN,07:20:00,20:20:00,532,46,0 days 13:00:00
56323,COIMBATORE,MANGALORE CE,07:30:00,18:50:00,404,54,0 days 11:20:00
56324,MANGALORE CE,COIMBATORE,07:35:00,19:35:00,404,54,0 days 12:00:00
56331,PUNALUR,QUILON,08:15:00,09:35:00,44,10,0 days 01:20:00
56332,QUILON,PUNALUR,06:30:00,07:55:00,44,10,0 days 01:25:00
56333,EDAMANN,QUILON,11:00:00,13:00:00,52,11,0 days 02:00:00
56334,QUILON,EDAMANN,08:40:00,10:30:00,52,11,0 days 01:50:00
56335,EDAMANN,QUILON,13:45:00,15:40:00,52,11,0 days 01:55:00
56336,QUILON,EDAMANN,11:20:00,13:05:00,52,11,0 days 01:45:00
56337,PUNALUR,QUILON,19:10:00,20:35:00,44,10,0 days 01:25:00
56338,QUILON,PUNALUR,17:25:00,18:50:00,44,10,0 days 01:25:00
56361,SHORANUR JN.,ERNAKULAM. J,04:20:00,07:30:00,107,22,0 days 03:10:00
56362,ERNAKULAM. J,NILAMBUR ROA,07:25:00,13:00:00,173,33,0 days 05:35:00
56363,NILAMBUR ROA,ERNAKULAM. J,14:55:00,20:05:00,173,33,0 days 05:10:00
56364,ERNAKULAM. J,SHORANUR JN.,17:35:00,21:05:00,107,22,0 days 03:30:00
56365,GURUVAYUR,EDAMANN,05:55:00,15:20:00,302,43,0 days 09:25:00
56366,EDAMANN,GURUVAYUR,16:35:00,03:10:00,302,43,0 days 10:35:00
56370,ERNAKULAM. J,GURUVAYUR,06:00:00,08:40:00,96,18,0 days 02:40:00
56371,GURUVAYUR,ERNAKULAM. J,06:45:00,09:20:00,96,17,0 days 02:35:00
56373,GURUVAYUR,TRICHUR,09:05:00,09:35:00,22,3,0 days 00:30:00
56374,TRICHUR,GURUVAYUR,10:55:00,11:30:00,22,3,0 days 00:35:00
56375,GURUVAYUR,ERNAKULAM. J,13:05:00,16:00:00,96,18,0 days 02:55:00
56376,ERNAKULAM. J,GURUVAYUR,19:40:00,22:25:00,96,17,0 days 02:45:00
56377,ALLEPPEY,KAYANKULAM J,07:05:00,08:10:00,43,8,0 days 01:05:00
56378,KAYANKULAM J,ALLEPPEY,22:20:00,23:25:00,43,6,0 days 01:05:00
56379,ERNAKULAM. J,ALLEPPEY,07:45:00,09:30:00,56,12,0 days 01:45:00
56380,KAYANKULAM J,ERNAKULAM. J,08:35:00,11:10:00,100,19,0 days 02:35:00
56381,ERNAKULAM. J,KAYANKULAM J,10:05:00,12:30:00,100,11,0 days 02:25:00
56382,KAYANKULAM J,ERNAKULAM. J,13:10:00,15:35:00,100,12,0 days 02:25:00
56383,ERNAKULAM. J,KAYANKULAM J,18:05:00,21:00:00,100,19,0 days 02:55:00
56384,ALLEPPEY,ERNAKULAM. J,17:55:00,19:30:00,56,12,0 days 01:35:00
56385,ERNAKULAM. J,KOTTAYAM,07:15:00,09:00:00,58,12,0 days 01:45:00
56386,KOTTAYAM,ERNAKULAM. J,05:05:00,06:50:00,59,9,0 days 01:45:00
56387,ERNAKULAM. J,KAYANKULAM J,12:00:00,14:55:00,114,14,0 days 02:55:00
56388,KAYANKULAM J,ERNAKULAM. J,17:10:00,20:05:00,114,17,0 days 02:55:00
56389,ERNAKULAM. J,KOTTAYAM,20:40:00,22:30:00,58,10,0 days 01:50:00
56390,KOTTAYAM,ERNAKULAM. J,17:10:00,19:00:00,59,9,0 days 01:50:00
56391,ERNAKULAM. J,QUILON,18:30:00,22:50:00,155,25,0 days 04:20:00
56392,QUILON,ERNAKULAM. J,04:00:00,08:35:00,155,25,0 days 04:35:00
56393,KOTTAYAM,QUILON,17:50:00,20:25:00,96,14,0 days 02:35:00
56394,QUILON,KOTTAYAM,08:35:00,11:05:00,95,14,0 days 02:30:00
56501,VIJAYWADA JN,HUBLI JN.,07:10:00,05:35:00,693,66,0 days 22:25:00
56502,HUBLI JN.,VIJAYWADA JN,23:30:00,19:10:00,691,68,0 days 19:40:00
56503,BANGALORE CA,VIJAYWADA JN,07:20:00,05:55:00,747,78,0 days 22:35:00
56504,VIJAYWADA JN,BANGALORE CA,20:40:00,17:10:00,749,79,0 days 20:30:00
56505,BANGARPET JN,MARIKUPPAM,13:00:00,13:35:00,17,6,0 days 00:35:00
56506,MARIKUPPAM,BANGARPET JN,09:50:00,10:25:00,16,6,0 days 00:35:00
56507,MARIKUPPAM,KRANTIVIRA S,06:20:00,09:25:00,84,17,0 days 03:05:00
56508,KRANTIVIRA S,MARIKUPPAM,18:00:00,20:35:00,85,17,0 days 02:35:00
56509,MARIKUPPAM,KRANTIVIRA S,14:00:00,17:00:00,84,17,0 days 03:00:00
56510,KRANTIVIRA S,MARIKUPPAM,07:00:00,09:30:00,85,17,0 days 02:30:00
56511,BANGARPET JN,MARIKUPPAM,05:30:00,06:05:00,17,6,0 days 00:35:00
56512,MARIKUPPAM,BANGARPET JN,20:50:00,21:25:00,16,6,0 days 00:35:00
56513,KARAIKAL,KRANTIVIRA S,03:40:00,19:00:00,568,57,0 days 15:20:00
56514,KRANTIVIRA S,KARAIKAL,07:15:00,22:30:00,567,58,0 days 15:15:00
56515,KRANTIVIRA S,HUBLI JN.,07:45:00,20:45:00,470,63,0 days 13:00:00
56516,HUBLI JN.,KRANTIVIRA S,07:00:00,20:10:00,469,63,0 days 13:10:00
56517,CHITRADURG,HARIHAR JN.,18:10:00,20:40:00,93,13,0 days 02:30:00
56518,HARIHAR JN.,CHITRADURG,07:10:00,09:45:00,93,12,0 days 02:35:00
56519,CHIKJAJUR JN,CHITRADURG,15:30:00,16:45:00,33,5,0 days 01:15:00
56520,CHITRADURG,CHIKJAJUR JN,11:00:00,12:00:00,33,5,0 days 01:00:00
56600,CALICUT,SHORANUR JN.,05:05:00,07:25:00,85,16,0 days 02:20:00
56601,SHORANUR JN.,CALICUT,17:45:00,20:00:00,85,16,0 days 02:15:00
56602,KANNUR,SHORANUR JN.,14:45:00,20:40:00,175,35,0 days 05:55:00
56603,TRICHUR,KANNUR,05:55:00,12:15:00,207,41,0 days 06:20:00
56604,SHORANUR JN.,COIMBATORE,08:00:00,10:50:00,98,14,0 days 02:50:00
56605,COIMBATORE,TRICHUR,16:40:00,20:45:00,131,20,0 days 04:05:00
56610,NILAMBUR ROA,PALAKKAD JN,17:05:00,20:45:00,110,19,0 days 03:40:00
56611,PALAKKAD JN,NILAMBUR ROA,05:55:00,08:40:00,109,19,0 days 02:45:00
56612,NILAMBUR ROA,SHORANUR JN.,06:50:00,08:30:00,66,12,0 days 01:40:00
56613,SHORANUR JN.,NILAMBUR ROA,09:20:00,10:55:00,66,12,0 days 01:35:00
56614,NILAMBUR ROA,SHORANUR JN.,09:10:00,10:45:00,66,12,0 days 01:35:00
56616,NILAMBUR ROA,SHORANUR JN.,11:15:00,12:55:00,66,12,0 days 01:40:00
56617,SHORANUR JN.,NILAMBUR ROA,15:05:00,16:40:00,66,12,0 days 01:35:00
56619,SHORANUR JN.,NILAMBUR ROA,17:10:00,18:45:00,66,12,0 days 01:35:00
56620,NILAMBUR ROA,SHORANUR JN.,19:10:00,20:50:00,66,12,0 days 01:40:00
56621,SHORANUR JN.,NILAMBUR ROA,19:30:00,21:10:00,66,12,0 days 01:40:00
56640,MANGALORE CE,MADGOAN JN.,05:50:00,12:40:00,326,30,0 days 06:50:00
56641,MADGOAN JN.,MANGALORE CE,13:00:00,20:55:00,324,30,0 days 07:55:00
56642,KABAKA PUTTU,MANGALORE CE,07:55:00,09:25:00,49,5,0 days 01:30:00
56643,MANGALORE CE,KABAKA PUTTU,06:05:00,07:30:00,48,5,0 days 01:25:00
56644,KABAKA PUTTU,MANGALORE CE,20:10:00,21:40:00,49,4,0 days 01:30:00
56645,MANGALORE CE,KABAKA PUTTU,18:20:00,19:40:00,48,4,0 days 01:20:00
56646,SUBRAHMANYA,MANGALORE CE,13:25:00,16:05:00,91,11,0 days 02:40:00
56647,MANGALORE CE,SUBRAHMANYA,10:05:00,12:25:00,90,11,0 days 02:20:00
56650,KANNUR,COIMBATORE,05:40:00,13:25:00,273,40,0 days 07:45:00
56651,COIMBATORE,KANNUR,14:10:00,21:35:00,273,40,0 days 07:25:00
56652,KANNUR,CALICUT,17:20:00,20:05:00,89,20,0 days 02:45:00
56653,CALICUT,KANNUR,06:40:00,09:05:00,89,20,0 days 02:25:00
56654,MANGALORE CE,CALICUT,05:35:00,11:35:00,220,40,0 days 06:00:00
56655,KANNUR,MANGALORE CE,07:15:00,10:35:00,131,22,0 days 03:20:00
56656,MANGALORE CE,KANNUR,16:30:00,19:55:00,131,23,0 days 03:25:00
56657,CALICUT,KANNUR,14:05:00,16:20:00,89,20,0 days 02:15:00
56659,KANNUR,CHERVATTUR,17:10:00,18:20:00,48,11,0 days 01:10:00
56661,CHERVATTUR,MANGALORE CE,06:20:00,08:30:00,83,13,0 days 02:10:00
56663,TRICHUR,CALICUT,17:35:00,21:25:00,118,22,0 days 03:50:00
56664,CALICUT,TRICHUR,07:20:00,10:45:00,119,22,0 days 03:25:00
56665,KASARAGOD,BYNDOOR,06:35:00,11:50:00,182,20,0 days 05:15:00
56666,BYNDOOR,KASARAGOD,13:05:00,18:10:00,179,20,0 days 05:05:00
56700,MADURAI JN,PUNALUR,23:15:00,11:05:00,410,46,0 days 11:50:00
56701,PUNALUR,MADURAI JN,15:50:00,06:45:00,409,49,0 days 14:55:00
56703,TIRUCHIRAPPA,DINDIGUL JN,18:25:00,20:50:00,93,12,0 days 02:25:00
56704,DINDIGUL JN,TIRUCHIRAPPA,06:15:00,08:30:00,94,11,0 days 02:15:00
56705,VILLUPURAM J,MADURAI JN,15:30:00,00:40:00,333,43,0 days 09:10:00
56706,MADURAI JN,VILLUPURAM J,03:00:00,11:25:00,334,42,0 days 08:25:00
56707,DINDIGUL JN,MADURAI JN,07:55:00,09:15:00,62,8,0 days 01:20:00
56708,MADURAI JN,DINDIGUL JN,18:20:00,19:50:00,62,8,0 days 01:30:00
56709,PALANI,MADURAI JN,16:45:00,20:10:00,120,12,0 days 03:25:00
56710,MADURAI JN,PALANI,07:45:00,10:40:00,120,12,0 days 02:55:00
56711,KARAIKAL,TIRUCHIRAPPA,12:30:00,17:30:00,145,26,0 days 05:00:00
56714,TIRUCHIRAPPA,KARAIKAL,06:10:00,11:15:00,145,18,0 days 05:05:00
56715,PUNALUR,KANNIYAKUMAR,06:15:00,12:05:00,196,19,0 days 05:50:00
56716,KANNIYAKUMAR,PUNALUR,14:35:00,20:10:00,188,19,0 days 05:35:00
56717,KANNIYAKUMAR,TIRUNELVELI,18:15:00,20:40:00,88,9,0 days 02:25:00
56718,TIRUNELVELI,NAGERCOIL JN,06:55:00,08:50:00,73,8,0 days 01:55:00
56719,NAGERCOIL JN,KANNIYAKUMAR,13:25:00,13:45:00,15,2,0 days 00:20:00
56721,MADURAI JN,RAMESWARAM,12:40:00,16:35:00,161,17,0 days 03:55:00
56722,RAMESWARAM,MADURAI JN,11:20:00,15:10:00,161,17,0 days 03:50:00
56723,MADURAI JN,RAMESWARAM,06:50:00,10:30:00,161,17,0 days 03:40:00
56724,RAMESWARAM,MADURAI JN,05:30:00,09:20:00,161,17,0 days 03:50:00
56725,MADURAI JN,RAMESWARAM,18:10:00,22:40:00,161,17,0 days 04:30:00
56726,RAMESWARAM,MADURAI JN,18:00:00,22:00:00,161,17,0 days 04:00:00
56731,MADURAI JN,SENGOTTAI JN,07:15:00,10:45:00,173,14,0 days 03:30:00
56732,SENGOTTAI JN,MADURAI JN,07:00:00,10:45:00,173,14,0 days 03:45:00
56733,MADURAI JN,SENGOTTAI JN,11:30:00,15:10:00,173,14,0 days 03:40:00
56734,SENGOTTAI JN,MADURAI JN,12:00:00,15:45:00,173,14,0 days 03:45:00
56735,MADURAI JN,SENGOTTAI JN,17:00:00,21:10:00,173,14,0 days 04:10:00
56736,SENGOTTAI JN,MADURAI JN,15:40:00,19:35:00,173,14,0 days 03:55:00
56741,TUTICORIN,TIRUNELVELI,17:50:00,20:40:00,59,10,0 days 02:50:00
56742,TIRUNELVELI,TUTICORIN,07:30:00,09:35:00,60,10,0 days 02:05:00
56761,TIRUNELVELI,TIRUCHENDUR,07:10:00,08:55:00,61,12,0 days 01:45:00
56762,TIRUCHENDUR,TIRUNELVELI,07:20:00,09:05:00,61,12,0 days 01:45:00
56763,TIRUNELVELI,TIRUCHENDUR,09:30:00,11:00:00,61,12,0 days 01:30:00
56764,TIRUCHENDUR,TIRUNELVELI,16:20:00,17:55:00,61,12,0 days 01:35:00
56765,TIRUNELVELI,TIRUCHENDUR,18:35:00,20:30:00,61,12,0 days 01:55:00
56766,TIRUCHENDUR,TIRUNELVELI,17:55:00,19:40:00,61,12,0 days 01:45:00
56767,TUTICORIN,TIRUCHENDUR,08:45:00,13:10:00,121,20,0 days 04:25:00
56768,TIRUCHENDUR,TUTICORIN,14:20:00,18:30:00,121,20,0 days 04:10:00
56769,PALAKKAD JN,TIRUCHENDUR,04:30:00,16:00:00,459,43,0 days 11:30:00
56770,TIRUCHENDUR,PALAKKAD JN,11:10:00,22:30:00,458,43,0 days 11:20:00
56796,SENGOTTAI JN,TIRUNELVELI,06:35:00,08:40:00,72,17,0 days 02:05:00
56797,TIRUNELVELI,BAGAVATHIPUR,09:15:00,11:50:00,78,18,0 days 02:35:00
56798,BAGAVATHIPUR,TIRUNELVELI,14:45:00,17:45:00,78,18,0 days 03:00:00
56799,TIRUNELVELI,SENGOTTAI JN,18:25:00,20:40:00,72,17,0 days 02:15:00
56800,SENGOTTAI JN,TIRUNELVELI,10:15:00,12:30:00,72,17,0 days 02:15:00
56801,TIRUNELVELI,SENGOTTAI JN,07:25:00,09:45:00,72,17,0 days 02:20:00
56802,SENGOTTAI JN,TIRUNELVELI,17:55:00,20:10:00,72,17,0 days 02:15:00
56803,TIRUNELVELI,SENGOTTAI JN,13:50:00,16:30:00,72,17,0 days 02:40:00
56811,MAYILADUTURA,TIRUCHIRAPPA,06:15:00,09:45:00,120,25,0 days 03:30:00
56812,TIRUCHIRAPPA,MAYILADUTURA,18:05:00,21:20:00,120,25,0 days 03:15:00
56819,KUMBAKONAM,THANJAVUR JN,08:05:00,09:15:00,39,10,0 days 01:10:00
56820,THANJAVUR JN,KUMBAKONAM,18:10:00,19:30:00,39,10,0 days 01:20:00
56821,MAYILADUTURA,DINDIGUL JN,11:25:00,16:20:00,214,20,0 days 04:55:00
56822,DINDIGUL JN,MAYILADUTURA,12:05:00,17:15:00,214,20,0 days 05:10:00
56823,MAYILADUTURA,TIRUCHIRAPPA,20:00:00,23:40:00,120,24,0 days 03:40:00
56824,TIRUCHIRAPPA,MAYILADUTURA,07:10:00,10:45:00,120,24,0 days 03:35:00
56825,ERODE JN.,TIRUNELVELI,13:05:00,22:40:00,358,28,0 days 09:35:00
56826,TIRUNELVELI,ERODE JN.,05:30:00,14:40:00,358,28,0 days 09:10:00
56829,TIRUCHIRAPPA,RAMESWARAM,06:40:00,12:45:00,263,25,0 days 06:05:00
56830,RAMESWARAM,TIRUCHIRAPPA,13:55:00,20:25:00,264,25,0 days 06:30:00
56839,JOLARPETTAI,ERODE JN.,15:20:00,19:45:00,178,23,0 days 04:25:00
56840,ERODE JN.,JOLARPETTAI,06:25:00,12:30:00,180,23,0 days 06:05:00
56841,TIRUCHIRAPPA,ERODE JN.,06:50:00,11:10:00,141,25,0 days 04:20:00
56842,ERODE JN.,TIRUCHIRAPPA,16:35:00,20:15:00,141,25,0 days 03:40:00
56843,TIRUCHIRAPPA,ERODE JN.,16:10:00,20:00:00,141,22,0 days 03:50:00
56844,ERODE JN.,TIRUCHIRAPPA,07:50:00,11:35:00,141,22,0 days 03:45:00
56845,JOLARPETTAI,ERODE JN.,05:30:00,10:35:00,178,23,0 days 05:05:00
56846,ERODE JN.,JOLARPETTAI,16:10:00,21:20:00,180,23,0 days 05:10:00
56859,TAMBARAM,VILLUPURAM J,18:10:00,21:10:00,133,11,0 days 03:00:00
56860,VILLUPURAM J,TAMBARAM,05:25:00,08:30:00,133,11,0 days 03:05:00
56861,VILLUPURAM J,PONDICHERRY,06:55:00,07:45:00,37,5,0 days 00:50:00
56862,PONDICHERRY,VILLUPURAM J,08:10:00,08:55:00,37,5,0 days 00:45:00
56863,VILLUPURAM J,PONDICHERRY,14:15:00,15:05:00,37,5,0 days 00:50:00
56864,PONDICHERRY,VILLUPURAM J,16:00:00,16:55:00,37,5,0 days 00:55:00
56865,VILLUPURAM J,PONDICHERRY,17:45:00,18:30:00,37,5,0 days 00:45:00
56866,PONDICHERRY,VILLUPURAM J,19:35:00,20:25:00,37,5,0 days 00:50:00
56871,MAYILADUTURA,THIRUVARUR J,06:20:00,07:25:00,38,6,0 days 01:05:00
56872,THIRUVARUR J,MAYILADUTURA,08:10:00,09:15:00,38,6,0 days 01:05:00
56873,VILLUPURAM J,MAYILADUTURA,05:55:00,09:10:00,121,22,0 days 03:15:00
56874,MAYILADUTURA,VILLUPURAM J,05:40:00,09:10:00,121,22,0 days 03:30:00
56875,VILLUPURAM J,MAYILADUTURA,14:30:00,17:40:00,121,22,0 days 03:10:00
56876,MAYILADUTURA,VILLUPURAM J,15:45:00,18:45:00,121,22,0 days 03:00:00
56877,VILLUPURAM J,MAYILADUTURA,17:40:00,20:55:00,121,22,0 days 03:15:00
56878,MAYILADUTURA,VILLUPURAM J,17:45:00,20:50:00,121,22,0 days 03:05:00
56879,MAYILADUTURA,THIRUVARUR J,18:10:00,19:10:00,38,6,0 days 01:00:00
56880,THIRUVARUR J,MAYILADUTURA,19:45:00,20:45:00,38,6,0 days 01:00:00
56881,KATPADI JN,VILLUPURAM J,04:55:00,09:15:00,160,14,0 days 04:20:00
56882,VILLUPURAM J,TIRUPATI,04:50:00,12:40:00,264,30,0 days 07:50:00
56883,KATPADI JN,VILLUPURAM J,06:40:00,11:10:00,160,14,0 days 04:30:00
56884,VILLUPURAM J,TIRUPATI,16:35:00,23:40:00,264,27,0 days 07:05:00
56885,TIRUPATI,VILLUPURAM J,13:50:00,21:00:00,264,27,0 days 07:10:00
56886,VILLUPURAM J,KATPADI JN,18:50:00,23:00:00,160,15,0 days 04:10:00
56889,TIRUPATI,KATPADI JN,02:45:00,05:30:00,104,13,0 days 02:45:00
56902,DHARWAD,HUBLI JN.,08:40:00,09:30:00,20,5,0 days 00:50:00
56903,SOLAPUR,DHARWAD,00:40:00,10:10:00,378,33,0 days 09:30:00
56904,DHARWAD,SOLAPUR,17:40:00,03:30:00,377,34,0 days 09:50:00
56905,SOLAPUR,HUBLI JN.,04:45:00,14:00:00,357,40,0 days 09:15:00
56906,HUBLI JN.,SOLAPUR,13:00:00,22:40:00,356,40,0 days 09:40:00
56907,HUBLI JN.,DHARWAD,18:55:00,19:35:00,20,5,0 days 00:40:00
56909,KRANTIVIRA S,HOSPET JN.,22:15:00,11:40:00,516,36,0 days 13:25:00
56910,HOSPET JN.,KRANTIVIRA S,14:00:00,05:15:00,516,35,0 days 15:15:00
56911,CHIKJAJUR JN,HUBLI JN.,05:25:00,10:15:00,191,19,0 days 04:50:00
56912,HUBLI JN.,CHIKJAJUR JN,17:30:00,22:40:00,189,19,0 days 05:10:00
56913,KRANTIVIRA S,HUBLI JN.,06:30:00,18:45:00,470,44,0 days 12:15:00
56914,HUBLI JN.,KRANTIVIRA S,09:15:00,21:15:00,468,44,0 days 12:00:00
56915,CHIKJAJUR JN,HUBLI JN.,04:15:00,09:10:00,191,22,0 days 04:55:00
56916,HUBLI JN.,CHIKJAJUR JN,18:50:00,23:50:00,189,22,0 days 05:00:00
56917,BIRUR JN.,SHIMOGA TOWN,11:40:00,13:05:00,62,5,0 days 01:25:00
56918,SHIMOGA TOWN,BIRUR JN.,14:00:00,15:18:00,62,5,0 days 01:18:00
56921,HUBLI JN.,BELGAUM,18:00:00,21:30:00,141,12,0 days 03:30:00
56922,BELGAUM,HUBLI JN.,06:00:00,09:40:00,141,10,0 days 03:40:00
56925,KRANTIVIRA S,TUMKUR,05:30:00,06:50:00,69,7,0 days 01:20:00
56926,TUMKUR,KRANTIVIRA S,08:15:00,09:55:00,69,6,0 days 01:40:00
56961,KULEM,VASCO-DA-GAM,06:30:00,08:20:00,61,11,0 days 01:50:00
56962,VASCO-DA-GAM,KULEM,07:35:00,09:05:00,58,11,0 days 01:30:00
56963,KULEM,VASCO-DA-GAM,12:20:00,14:05:00,61,12,0 days 01:45:00
56964,VASCO-DA-GAM,KULEM,13:10:00,15:00:00,58,12,0 days 01:50:00
56965,KULEM,VASCO-DA-GAM,17:15:00,19:00:00,61,12,0 days 01:45:00
56966,VASCO-DA-GAM,KULEM,17:30:00,19:10:00,58,12,0 days 01:40:00
57121,KAZIPET JN.,BALHARSHAH,05:00:00,10:30:00,243,26,0 days 05:30:00
57122,SIRPUR TOWN,KAZIPET JN.,15:15:00,20:00:00,191,21,0 days 04:45:00
57123,BHADRACHALAM,SIRPUR TOWN,05:45:00,14:45:00,332,39,0 days 09:00:00
57124,BALHARSHAH,BHADRACHALAM,11:00:00,21:15:00,381,44,0 days 10:15:00
57129,BIJAPUR JN,BOLARUM,18:30:00,08:45:00,455,63,0 days 14:15:00
57130,HYDERABAD DE,BIJAPUR JN,19:45:00,11:10:00,445,53,0 days 15:25:00
57131,BOLARUM,HYDERABAD DE,09:05:00,10:15:00,22,12,0 days 01:10:00
57133,BIJAPUR JN,RAICHUR,12:25:00,22:10:00,366,42,0 days 09:45:00
57134,RAICHUR,BIJAPUR JN,07:00:00,17:30:00,366,38,0 days 10:30:00
57135,AJNI,KAZIPET JN.,21:20:00,09:50:00,450,47,0 days 12:30:00
57136,KAZIPET JN.,AJNI,21:15:00,11:25:00,453,48,0 days 14:10:00
57145,DORNAKAL JN.,BHADRACHALAM,08:50:00,10:10:00,56,8,0 days 01:20:00
57146,BHADRACHALAM,DORNAKAL JN.,17:30:00,18:50:00,56,8,0 days 01:20:00
57155,GULBARGA,HYDERABAD DE,03:45:00,10:50:00,223,29,0 days 07:05:00
57156,HYDERABAD DE,GULBARGA,17:25:00,23:10:00,223,29,0 days 05:45:00
57225,VIJAYWADA JN,VISAKHAPATNA,08:25:00,19:00:00,350,58,0 days 10:35:00
57226,VISAKHAPATNA,VIJAYWADA JN,09:40:00,18:55:00,350,55,0 days 09:15:00
57229,MACHILIPATNA,VISAKHAPATNA,21:10:00,08:50:00,372,35,0 days 11:40:00
57230,VISAKHAPATNA,MACHILIPATNA,20:05:00,08:15:00,371,36,0 days 12:10:00
57231,VIJAYWADA JN,KAKINADA POR,17:25:00,22:30:00,217,27,0 days 05:05:00
57232,KAKINADA POR,VIJAYWADA JN,04:45:00,10:30:00,217,27,0 days 05:45:00
57237,KAZIPET JN.,VIJAYWADA JN,04:00:00,09:15:00,225,28,0 days 05:15:00
57238,VIJAYWADA JN,KAZIPET JN.,13:00:00,19:05:00,226,29,0 days 06:05:00
57239,CHENNAI CENT,GUDUR JN.,16:00:00,22:20:00,137,21,0 days 06:20:00
57240,BITRAGUNTA,CHENNAI CENT,05:15:00,12:35:00,209,31,0 days 07:20:00
57241,BITRAGUNTA,VIJAYWADA JN,04:00:00,09:15:00,220,35,0 days 05:15:00
57242,VIJAYWADA JN,BITRAGUNTA,15:15:00,20:45:00,220,35,0 days 05:30:00
57255,KAKINADA POR,VISAKHAPATNA,04:30:00,09:45:00,168,23,0 days 05:15:00
57256,VISAKHAPATNA,KAKINADA POR,17:10:00,21:40:00,168,23,0 days 04:30:00
57257,TIRUPATI,KAKINADA POR,01:05:00,20:45:00,602,92,0 days 19:40:00
57258,KAKINADA POR,TIRUPATI,07:00:00,02:45:00,603,90,0 days 19:45:00
57264,NARASAPUR,BHIMAVARAM J,23:05:00,00:10:00,29,7,0 days 01:05:00
57265,BHIMAVARAM J,NARASAPUR,03:50:00,05:05:00,29,7,0 days 01:15:00
57271,VIJAYWADA JN,RAYAGADA JN.,21:00:00,14:25:00,535,68,0 days 17:25:00
57272,RAYAGADA JN.,VIJAYWADA JN,15:15:00,09:00:00,535,71,0 days 17:45:00
57273,HUBLI JN.,TIRUPATI,06:00:00,21:45:00,578,59,0 days 15:45:00
57274,TIRUPATI,HUBLI JN.,06:05:00,21:15:00,577,60,0 days 15:10:00
57277,GUDUR JN.,VIJAYWADA JN,06:10:00,12:55:00,292,45,0 days 06:45:00
57278,VIJAYWADA JN,BITRAGUNTA,18:15:00,23:30:00,220,34,0 days 05:15:00
57305,KACHEGUDA,GUNTUR JN.,14:40:00,08:45:00,622,78,0 days 18:05:00
57306,GUNTUR JN.,KACHEGUDA,17:30:00,09:45:00,622,56,0 days 16:15:00
57307,KACHEGUDA,MEDCHAL,10:05:00,11:30:00,32,18,0 days 01:25:00
57308,MEDCHAL,KACHEGUDA,12:40:00,14:10:00,32,18,0 days 01:30:00
57317,GUNTUR JN.,MACHERLA,08:00:00,11:45:00,130,17,0 days 03:45:00
57320,MACHERLA,GUNTUR JN.,16:30:00,19:45:00,130,17,0 days 03:15:00
57323,NADIKUDE JN.,MACHERLA,15:00:00,16:00:00,35,4,0 days 01:00:00
57324,MACHERLA,NADIKUDE JN.,13:05:00,14:05:00,35,4,0 days 01:00:00
57325,KACHEGUDA,GUNTUR JN.,05:10:00,22:30:00,622,77,0 days 17:20:00
57326,GUNTUR JN.,KACHEGUDA,05:15:00,23:15:00,622,79,0 days 18:00:00
57327,DHONE JN,GUNTUR JN.,06:30:00,15:20:00,333,36,0 days 08:50:00
57328,GUNTUR JN.,DHONE JN,12:10:00,21:25:00,333,36,0 days 09:15:00
57329,TIRUPATI,GUNTUR JN.,15:00:00,03:00:00,379,49,0 days 12:00:00
57330,GUNTUR JN.,TIRUPATI,01:00:00,11:50:00,380,49,0 days 10:50:00
57381,GUNTUR JN.,NARASAPUR,16:35:00,22:40:00,171,31,0 days 06:05:00
57382,NARASAPUR,GUNTUR JN.,06:05:00,11:40:00,171,26,0 days 05:35:00
57401,TIRUPATI,KATPADI JN,06:45:00,09:30:00,104,13,0 days 02:45:00
57402,KATPADI JN,TIRUPATI,14:40:00,18:15:00,104,13,0 days 03:35:00
57403,TIRUPATI,KATPADI JN,19:30:00,22:20:00,104,14,0 days 02:50:00
57404,KATPADI JN,TIRUPATI,06:15:00,09:10:00,104,14,0 days 02:55:00
57405,TIRUPATI,KATPADI JN,11:00:00,14:00:00,104,13,0 days 03:00:00
57406,KATPADI JN,TIRUPATI,18:15:00,22:10:00,104,13,0 days 03:55:00
57411,RENIGUNTA JN,GUDUR JN.,13:45:00,16:00:00,83,7,0 days 02:15:00
57412,GUDUR JN.,RENIGUNTA JN,10:55:00,12:30:00,83,7,0 days 01:35:00
57425,KACHEGUDA,GUNTAKAL JN.,09:40:00,19:20:00,358,50,0 days 09:40:00
57426,GUNTAKAL JN.,KACHEGUDA,05:45:00,15:50:00,356,49,0 days 10:05:00
57429,TIRUPATI,GUDUR JN.,06:30:00,09:10:00,92,12,0 days 02:40:00
57430,GUDUR JN.,TIRUPATI,17:30:00,19:50:00,93,12,0 days 02:20:00
57435,KACHEGUDA,KURNOOL TOWN,17:35:00,23:40:00,236,24,0 days 06:05:00
57436,KURNOOL TOWN,KACHEGUDA,07:00:00,12:50:00,236,41,0 days 05:50:00
57447,KACHEGUDA,MAHBUBNAGAR,13:10:00,15:45:00,105,15,0 days 02:35:00
57448,MAHBUBNAGAR,MIRZAPALI,16:10:00,22:15:00,182,43,0 days 06:05:00
57451,CHIKJAJUR JN,GUNTAKAL JN.,14:30:00,21:45:00,234,22,0 days 07:15:00
57452,GUNTAKAL JN.,CHIKJAJUR JN,07:05:00,13:10:00,234,22,0 days 06:05:00
57456,MAHBUBNAGAR,KACHEGUDA,14:10:00,16:35:00,105,20,0 days 02:25:00
57473,KACHEGUDA,BODHAN,16:10:00,22:55:00,191,40,0 days 06:45:00
57474,BODHAN,MAHBUBNAGAR,04:45:00,13:35:00,297,62,0 days 08:50:00
57475,TIRUPATI,GUNTAKAL JN.,08:15:00,20:15:00,370,39,0 days 12:00:00
57476,GUNTAKAL JN.,TIRUPATI,07:10:00,17:15:00,370,40,0 days 10:05:00
57477,TIRUPATI,RAYA DRUG,22:30:00,12:00:00,473,42,0 days 13:30:00
57478,RAYA DRUG,TIRUPATI,14:25:00,06:20:00,474,42,0 days 15:55:00
57486,MIRZAPALI,KACHEGUDA,05:50:00,08:40:00,77,27,0 days 02:50:00
57501,NIZAMABAD,BODHAN,06:35:00,07:35:00,26,5,0 days 01:00:00
57502,BODHAN,MIRZAPALI,07:55:00,11:25:00,114,16,0 days 03:30:00
57503,MIRZAPALI,BODHAN,15:30:00,19:00:00,114,16,0 days 03:30:00
57504,BODHAN,NIZAMABAD,19:40:00,20:45:00,26,5,0 days 01:05:00
57512,PARBHANI JN.,NANDED,09:40:00,11:45:00,58,8,0 days 02:05:00
57515,DAUND JN.,NANDED,13:00:00,04:25:00,581,57,0 days 15:25:00
57516,NANDED,DAUND JN.,20:50:00,11:55:00,581,58,0 days 15:05:00
57517,HYDERABAD DE,TANDUR,12:15:00,15:00:00,115,15,0 days 02:45:00
57518,TANDUR,HYDERABAD DE,16:15:00,19:10:00,114,15,0 days 02:55:00
57521,PARLI VAIJNA,PURNA  JN.,20:45:00,23:30:00,92,11,0 days 02:45:00
57522,PURNA  JN.,PARLI VAIJNA,16:15:00,19:00:00,92,11,0 days 02:45:00
57539,AKOLA JN.,PARLI VAIJNA,14:15:00,22:40:00,298,36,0 days 08:25:00
57540,PARLI VAIJNA,AKOLA JN.,13:15:00,21:10:00,299,36,0 days 07:55:00
57541,NAGARSOL,NANDED,05:20:00,15:20:00,325,34,0 days 10:00:00
57542,NANDED,MANMAD JN.,18:45:00,04:40:00,347,36,0 days 09:55:00
57547,HYDERABAD DE,PURNA  JN.,07:55:00,21:05:00,435,48,0 days 13:10:00
57548,PURNA  JN.,HYDERABAD DE,07:30:00,20:05:00,435,47,0 days 12:35:00
57549,HYDERABAD DE,AURANGABAD,21:35:00,14:15:00,583,59,0 days 16:40:00
57550,AURANGABAD,HYDERABAD DE,15:35:00,07:05:00,583,57,0 days 15:30:00
57551,PURNA  JN.,ADILABAD,18:25:00,23:50:00,223,30,0 days 05:25:00
57552,ADILABAD,PURNA  JN.,15:15:00,20:45:00,225,30,0 days 05:30:00
57553,PARLI VAIJNA,ADILABAD,04:30:00,12:55:00,316,41,0 days 08:25:00
57554,ADILABAD,PARLI VAIJNA,03:30:00,12:45:00,317,41,0 days 09:15:00
57557,NIZAMABAD,NANDED,06:05:00,09:55:00,110,16,0 days 03:50:00
57558,NANDED,NIZAMABAD,18:15:00,21:05:00,110,16,0 days 02:50:00
57561,KACHEGUDA,MANMAD JN.,04:50:00,23:00:00,623,88,0 days 18:10:00
57562,MANMAD JN.,KACHEGUDA,05:20:00,22:45:00,620,87,0 days 17:25:00
57563,HYDERABAD DE,PARBHANI JN.,22:40:00,09:15:00,340,45,0 days 10:35:00
57564,NANDED,HYDERABAD DE,23:30:00,07:45:00,279,29,0 days 08:15:00
57581,AKOLA JN.,PURNA  JN.,06:30:00,11:20:00,206,26,0 days 04:50:00
57582,PURNA  JN.,AKOLA JN.,07:00:00,12:30:00,206,26,0 days 05:30:00
57583,AKOLA JN.,PURNA  JN.,22:15:00,04:30:00,206,26,0 days 06:15:00
57584,PURNA  JN.,AKOLA JN.,22:00:00,03:00:00,206,26,0 days 05:00:00
57590,MANMAD JN.,NAGARSOL,23:15:00,00:20:00,19,3,0 days 01:05:00
57593,MEDCHAL,NANDED,15:10:00,22:20:00,243,36,0 days 07:10:00
57594,NANDED,MEDCHAL,04:55:00,12:10:00,243,36,0 days 07:15:00
57601,KACHEGUDA,NIZAMABAD,06:00:00,10:35:00,165,23,0 days 04:35:00
57602,NIZAMABAD,KACHEGUDA,18:50:00,23:00:00,165,21,0 days 04:10:00
57605,SECUNDERABAD,VIKRABAD JN.,08:10:00,10:20:00,72,11,0 days 02:10:00
57606,VIKRABAD JN.,KACHEGUDA,10:55:00,13:45:00,79,12,0 days 02:50:00
57625,SECUNDERABAD,MANUGURU,18:40:00,04:30:00,341,37,0 days 09:50:00
57626,MANUGURU,SECUNDERABAD,23:45:00,09:25:00,341,37,0 days 09:40:00
57628,GULBARGA,SOLAPUR,16:10:00,19:30:00,112,15,0 days 03:20:00
57631,SOLAPUR,GUNTAKAL JN.,03:50:00,13:00:00,377,37,0 days 09:10:00
57632,GUNTAKAL JN.,GULBARGA,15:30:00,21:40:00,265,31,0 days 06:10:00
57641,SOLAPUR,GADAG JN.,11:50:00,19:40:00,299,37,0 days 07:50:00
57642,GADAG JN.,SOLAPUR,02:00:00,09:30:00,299,25,0 days 07:30:00
57649,GULBARGA,WADI JN.,22:55:00,23:45:00,36,5,0 days 00:50:00
57650,WADI JN.,SOLAPUR,06:45:00,10:45:00,149,19,0 days 04:00:00
57651,SECUNDERABAD,REPALLE,10:50:00,20:10:00,341,40,0 days 09:20:00
57652,REPALLE,SECUNDERABAD,07:00:00,17:00:00,341,40,0 days 10:00:00
57657,MANUGURU,KAZIPET JN.,06:15:00,11:50:00,209,23,0 days 05:35:00
57658,KAZIPET JN.,MANUGURU,13:05:00,18:30:00,209,23,0 days 05:25:00
57659,SOLAPUR,FALAKNUMA,10:25:00,19:45:00,347,52,0 days 09:20:00
57660,FALAKNUMA,GULBARGA,05:00:00,12:40:00,235,38,0 days 07:40:00
57685,SOLAPUR,BIJAPUR JN,20:10:00,22:50:00,108,10,0 days 02:40:00
57686,BIJAPUR JN,SOLAPUR,00:05:00,02:40:00,108,8,0 days 02:35:00
57687,NIZAMABAD,KACHEGUDA,14:25:00,18:30:00,165,14,0 days 04:05:00
57688,KACHEGUDA,NIZAMABAD,18:55:00,23:45:00,165,11,0 days 04:50:00
57689,NIZAMABAD,KACHEGUDA,05:00:00,09:25:00,165,12,0 days 04:25:00
57690,KACHEGUDA,NIZAMABAD,09:50:00,13:55:00,165,16,0 days 04:05:00
58001,HOWRAH JN.,PURI,00:05:00,15:30:00,526,91,0 days 15:25:00
58002,PURI,SANTRAGACHI,09:40:00,01:40:00,518,90,0 days 16:00:00
58003,HOWRAH JN.,BHADRAKH,15:25:00,22:30:00,299,38,0 days 07:05:00
58004,BHADRAKH,HOWRAH JN.,04:35:00,11:30:00,298,39,0 days 06:55:00
58005,KHARAGPUR,KHURDA ROAD,04:40:00,12:15:00,366,32,0 days 07:35:00
58006,KHURDA ROAD,KHARAGPUR,16:20:00,23:50:00,366,32,0 days 07:30:00
58007,KHARAGPUR,BHADRAKH,06:35:00,11:00:00,182,28,0 days 04:25:00
58008,BHADRAKH,KHARAGPUR,16:00:00,20:00:00,182,28,0 days 04:00:00
58009,KHARAGPUR,JAJPUR KEONJ,15:55:00,22:15:00,226,36,0 days 06:20:00
58010,JAJPUR KEONJ,KHARAGPUR,05:45:00,11:10:00,226,36,0 days 05:25:00
58011,HOWRAH JN.,CHAKARADHARP,23:05:00,09:20:00,442,45,0 days 10:15:00
58012,CHAKARADHARP,HOWRAH JN.,17:10:00,04:20:00,441,45,0 days 11:10:00
58013,ADRA,BOKARO STEEL,06:05:00,09:00:00,82,12,0 days 02:55:00
58014,BOKARO STEEL,ADRA,19:15:00,21:40:00,82,12,0 days 02:25:00
58015,HOWRAH JN.,ADRA,17:45:00,23:20:00,284,28,0 days 05:35:00
58016,ADRA,HOWRAH JN.,04:30:00,10:10:00,284,28,0 days 05:40:00
58017,KHARAGPUR,ASANSOL MAIN,05:30:00,11:20:00,209,31,0 days 05:50:00
58018,ASANSOL MAIN,KHARAGPUR,17:05:00,22:25:00,210,31,0 days 05:20:00
58019,ADRA,ASANSOL MAIN,14:30:00,15:55:00,41,9,0 days 01:25:00
58020,ASANSOL MAIN,ADRA,12:10:00,13:25:00,41,9,0 days 01:15:00
58021,KHARAGPUR,TATANAGAR JN,09:15:00,13:10:00,137,18,0 days 03:55:00
58022,TATANAGAR JN,KHARAGPUR,18:20:00,21:10:00,137,19,0 days 02:50:00
58023,TATANAGAR JN,BARKAKANA,15:00:00,21:00:00,161,26,0 days 06:00:00
58024,BARKAKANA,TATANAGAR JN,04:30:00,10:30:00,162,26,0 days 06:00:00
58025,KHARAGPUR,HATIA,08:40:00,19:30:00,339,44,0 days 10:50:00
58026,HATIA,KHARAGPUR,09:00:00,17:55:00,336,44,0 days 08:55:00
58029,BALASORE,BHADRAKH,13:40:00,15:35:00,62,10,0 days 01:55:00
58030,BHADRAKH,BALASORE,11:45:00,13:10:00,62,10,0 days 01:25:00
58031,CHAKULIA,TATANAGAR JN,13:40:00,15:10:00,69,9,0 days 01:30:00
58032,TATANAGAR JN,CHAKULIA,11:20:00,12:45:00,69,9,0 days 01:25:00
58033,BOKARO STEEL,RANCHI,09:10:00,12:30:00,117,15,0 days 03:20:00
58034,RANCHI,BOKARO STEEL,15:45:00,18:55:00,114,15,0 days 03:10:00
58103,TATANAGAR JN,BARBIL,17:00:00,21:10:00,148,18,0 days 04:10:00
58104,BARBIL,TATANAGAR JN,05:20:00,09:55:00,148,18,0 days 04:35:00
58109,TATANAGAR JN,GUA,07:30:00,11:30:00,147,19,0 days 04:00:00
58110,GUA,TATANAGAR JN,13:30:00,19:15:00,147,19,0 days 05:45:00
58111,TATANAGAR JN,ITWARI JN.,06:30:00,06:35:00,885,102,1 days 00:05:00
58112,ITWARI JN.,TATANAGAR JN,21:15:00,00:05:00,883,109,1 days 02:50:00
58113,TATANAGAR JN,BILASPUR JN.,17:45:00,06:55:00,470,60,0 days 13:10:00
58114,BILASPUR JN.,TATANAGAR JN,19:20:00,09:50:00,469,61,0 days 14:30:00
58117,JHARSUGUDA J,GONDIA JN.,07:15:00,21:20:00,503,65,0 days 14:05:00
58118,GONDIA JN.,JHARSUGUDA J,05:05:00,19:00:00,496,64,0 days 13:55:00
58131,ROURKELA,PURI,08:00:00,23:30:00,520,78,0 days 15:30:00
58132,PURI,ROURKELA,04:25:00,20:25:00,526,78,0 days 16:00:00
58133,ROURKELA,JHARSUGUDA J,14:50:00,17:10:00,101,15,0 days 02:20:00
58134,JHARSUGUDA J,ROURKELA,09:10:00,12:15:00,101,15,0 days 03:05:00
58135,JHARSUGUDA J,SAMBALPUR JN,04:38:00,05:55:00,48,9,0 days 01:17:00
58136,SAMBALPUR JN,JHARSUGUDA J,07:30:00,09:00:00,48,9,0 days 01:30:00
58137,JHARSUGUDA J,SAMBALPUR JN,17:23:00,18:45:00,48,9,0 days 01:22:00
58138,SAMBALPUR JN,JHARSUGUDA J,19:15:00,20:35:00,48,9,0 days 01:20:00
58143,TATANAGAR JN,HATIA,05:30:00,11:30:00,175,26,0 days 06:00:00
58151,BIRMITRAPUR,BARSUAN,07:15:00,10:30:00,96,12,0 days 03:15:00
58152,BARSUAN,BIRMITRAPUR,14:35:00,17:50:00,96,12,0 days 03:15:00
58161,HATIA,JHARSUGUDA J,11:45:00,19:20:00,261,35,0 days 07:35:00
58162,JHARSUGUDA J,HATIA,06:20:00,14:00:00,261,34,0 days 07:40:00
58163,GARBETA,RANCHI,05:45:00,13:00:00,272,23,0 days 07:15:00
58164,RANCHI,GARBETA,15:22:00,21:20:00,269,23,0 days 05:58:00
58201,BILASPUR JN.,RAIPUR JN.,07:05:00,09:45:00,112,15,0 days 02:40:00
58202,RAIPUR JN.,BILASPUR JN.,19:25:00,22:30:00,111,15,0 days 03:05:00
58203,GEVRA-ROAD,RAIPUR JN.,07:55:00,13:00:00,209,29,0 days 05:05:00
58204,RAIPUR JN.,GEVRA-ROAD,18:20:00,23:55:00,209,29,0 days 05:35:00
58205,RAIPUR JN.,ITWARI JN.,13:30:00,21:05:00,310,42,0 days 07:35:00
58206,ITWARI JN.,RAIPUR JN.,07:30:00,17:30:00,302,43,0 days 10:00:00
58207,RAIPUR JN.,JUNAGARH ROA,15:15:00,23:25:00,305,30,0 days 08:10:00
58208,JUNAGARH ROA,RAIPUR JN.,01:55:00,10:15:00,305,30,0 days 08:20:00
58209,GEVRA-ROAD,BILASPUR JN.,11:15:00,13:50:00,96,12,0 days 02:35:00
58210,BILASPUR JN.,GEVRA-ROAD,07:35:00,10:25:00,97,15,0 days 02:50:00
58212,BILASPUR JN.,GEVRA-ROAD,14:20:00,17:00:00,97,15,0 days 02:40:00
58213,TITLA GARH J,BILASPUR JN.,08:30:00,21:50:00,431,48,0 days 13:20:00
58214,BILASPUR JN.,TITLA GARH J,06:50:00,18:50:00,433,48,0 days 12:00:00
58217,TITLA GARH J,RAIPUR JN.,19:30:00,00:30:00,204,13,0 days 05:00:00
58218,RAIPUR JN.,TITLA GARH J,02:00:00,07:25:00,204,14,0 days 05:25:00
58219,BILASPUR JN.,CHIRMIRI,23:00:00,07:50:00,237,29,0 days 08:50:00
58220,CHIRMIRI,BILASPUR JN.,20:30:00,05:30:00,237,29,0 days 09:00:00
58221,CHIRMIRI,CHANDIA ROAD,08:30:00,13:55:00,214,20,0 days 05:25:00
58222,CHANDIA ROAD,CHIRMIRI,14:15:00,19:40:00,213,20,0 days 05:25:00
58223,MANENDRAGARH,AMBIKAPUR,07:25:00,12:00:00,143,15,0 days 04:35:00
58224,AMBIKAPUR,ANUPPUR JN.,12:30:00,17:00:00,174,20,0 days 04:30:00
58227,ANUPPUR JN.,MANENDRAGARH,17:45:00,20:00:00,64,9,0 days 02:15:00
58301,SAMBALPUR JN,KORAPUT JN.,07:15:00,22:30:00,494,41,0 days 15:15:00
58302,KORAPUT JN.,SAMBALPUR JN,03:00:00,18:00:00,494,41,0 days 15:00:00
58303,LANJI GARH R,JUNAGARH ROA,13:00:00,15:05:00,54,6,0 days 02:05:00
58304,JUNAGARH ROA,LANJI GARH R,09:45:00,11:15:00,54,6,0 days 01:30:00
58401,CUTTACK JN.,PARADEEP,19:00:00,20:50:00,82,14,0 days 01:50:00
58402,PARADEEP,CUTTACK JN.,06:30:00,08:20:00,82,14,0 days 01:50:00
58403,KHURDA ROAD,PURI,07:00:00,08:30:00,43,11,0 days 01:30:00
58404,PURI,KHURDA ROAD,17:45:00,19:00:00,43,11,0 days 01:15:00
58405,CUTTACK JN.,PARADEEP,15:00:00,16:35:00,82,11,0 days 01:35:00
58406,PARADEEP,CUTTACK JN.,10:45:00,12:30:00,82,11,0 days 01:45:00
58408,BHUBANESWAR,BHADRAKH,17:50:00,21:25:00,142,30,0 days 03:35:00
58409,KHURDA ROAD,PURI,12:30:00,13:45:00,43,11,0 days 01:15:00
58410,PURI,KHURDA ROAD,23:00:00,00:15:00,43,11,0 days 01:15:00
58411,BHUBANESWAR,BERHAMPUR,09:55:00,14:15:00,165,27,0 days 04:20:00
58412,BERHAMPUR,BHUBANESWAR,14:45:00,18:35:00,165,27,0 days 03:50:00
58413,TALCHER,PURI,05:30:00,11:40:00,202,42,0 days 06:10:00
58414,PURI,TALCHER,16:30:00,22:15:00,202,43,0 days 05:45:00
58415,CUTTACK JN.,PURI,16:50:00,19:40:00,90,21,0 days 02:50:00
58416,PURI,CUTTACK JN.,08:00:00,11:05:00,90,21,0 days 03:05:00
58417,PURI,GUNUPUR,07:35:00,20:15:00,380,59,0 days 12:40:00
58418,GUNUPUR,PURI,06:25:00,17:45:00,380,59,0 days 11:20:00
58419,BHUBANESWAR,PALASA,19:00:00,01:20:00,239,36,0 days 06:20:00
58420,PALASA,BHUBANESWAR,05:45:00,11:25:00,239,36,0 days 05:40:00
58421,ANGUL,PURI,05:15:00,10:55:00,196,30,0 days 05:40:00
58422,PURI,ANGUL,16:15:00,21:40:00,196,30,0 days 05:25:00
58423,BHADRAKH,CUTTACK JN.,13:45:00,17:00:00,115,23,0 days 03:15:00
58424,CUTTACK JN.,BHADRAKH,09:05:00,12:30:00,115,23,0 days 03:25:00
58425,KENDUJHAR,BHUBANESWAR,06:30:00,11:40:00,214,22,0 days 05:10:00
58426,BHUBANESWAR,KENDUJHAR,16:00:00,21:05:00,214,22,0 days 05:05:00
58427,PALASA,GUNUPUR,03:00:00,05:55:00,88,9,0 days 02:55:00
58428,GUNUPUR,PALASA,20:45:00,00:35:00,88,8,0 days 03:50:00
58429,KHURDA ROAD,NAYAGARHTOWN,19:30:00,21:15:00,65,7,0 days 01:45:00
58430,NAYAGARHTOWN,KHURDA ROAD,05:00:00,06:45:00,65,7,0 days 01:45:00
58431,KHURDA ROAD,NAYAGARHTOWN,07:15:00,08:50:00,65,7,0 days 01:35:00
58432,NAYAGARHTOWN,KHURDA ROAD,09:20:00,11:05:00,65,7,0 days 01:45:00
58433,CUTTACK JN.,BERHAMPUR,17:30:00,21:25:00,192,18,0 days 03:55:00
58434,BERHAMPUR,CUTTACK JN.,07:30:00,11:15:00,192,17,0 days 03:45:00
58435,BHADRAKH,CUTTACK JN.,15:30:00,18:30:00,115,23,0 days 03:00:00
58436,CUTTACK JN.,BHADRAKH,11:35:00,15:10:00,115,23,0 days 03:35:00
58501,VISAKHAPATNA,KIRANDUL,06:50:00,20:45:00,471,53,0 days 13:55:00
58502,KIRANDUL,VISAKHAPATNA,06:15:00,20:10:00,471,53,0 days 13:55:00
58503,RAYAGADA JN.,VISAKHAPATNA,05:00:00,09:20:00,184,25,0 days 04:20:00
58504,VISAKHAPATNA,RAYAGADA JN.,16:55:00,21:00:00,184,25,0 days 04:05:00
58505,GUNUPUR,VISAKHAPATNA,12:35:00,21:20:00,267,28,0 days 08:45:00
58506,VISAKHAPATNA,GUNUPUR,05:20:00,12:05:00,267,28,0 days 06:45:00
58525,PALASA,VISAKHAPATNA,08:50:00,14:45:00,202,27,0 days 05:55:00
58526,VISAKHAPATNA,PALASA,11:35:00,17:15:00,202,26,0 days 05:40:00
58527,RAIPUR JN.,VISAKHAPATNA,05:30:00,21:35:00,528,56,0 days 16:05:00
58528,VISAKHAPATNA,RAIPUR JN.,02:55:00,19:30:00,528,56,0 days 16:35:00
58529,DURG,VISAKHAPATNA,18:30:00,11:55:00,570,64,0 days 17:25:00
58530,VISAKHAPATNA,DURG,21:40:00,13:25:00,571,64,0 days 15:45:00
58531,PALASA,VISAKHAPATNA,05:25:00,10:00:00,202,27,0 days 04:35:00
58532,VISAKHAPATNA,PALASA,18:35:00,23:30:00,202,27,0 days 04:55:00
58533,CUTTACK JN.,PALASA,16:15:00,23:40:00,266,43,0 days 07:25:00
58534,PALASA,CUTTACK JN.,04:25:00,10:50:00,266,43,0 days 06:25:00
58535,CUTTACK JN.,PARADEEP,11:15:00,13:05:00,82,14,0 days 01:50:00
58536,PARADEEP,CUTTACK JN.,13:30:00,15:20:00,82,14,0 days 01:50:00
58537,KORAPUT JN.,VISAKHAPATNA,05:50:00,15:45:00,357,39,0 days 09:55:00
58538,VISAKHAPATNA,KORAPUT JN.,07:05:00,16:20:00,357,39,0 days 09:15:00
58601,KHARAGPUR,ADRA,17:20:00,21:10:00,168,22,0 days 03:50:00
58602,ADRA,KHARAGPUR,05:35:00,10:30:00,168,22,0 days 04:55:00
58603,KHARAGPUR,NSC BOSE J G,14:15:00,22:00:00,248,40,0 days 07:45:00
58604,NSC BOSE J G,KHARAGPUR,06:40:00,14:00:00,249,40,0 days 07:20:00
58621,ADRA,BARKAKANA,04:45:00,10:00:00,157,22,0 days 05:15:00
58622,BARKAKANA,ADRA,14:15:00,20:40:00,157,22,0 days 06:25:00
58651,RANCHI,LOHARDAGA  B,05:00:00,06:30:00,66,10,0 days 01:30:00
58652,LOHARDAGA  B,RANCHI,07:00:00,08:30:00,67,10,0 days 01:30:00
58653,RANCHI,TORI,08:55:00,11:30:00,110,12,0 days 02:35:00
58654,TORI,RANCHI,12:00:00,14:35:00,111,12,0 days 02:35:00
58655,RANCHI,LOHARDAGA  B,15:00:00,16:30:00,66,10,0 days 01:30:00
58656,LOHARDAGA  B,RANCHI,17:00:00,18:30:00,67,10,0 days 01:30:00
58657,RANCHI,LOHARDAGA  B,18:55:00,20:25:00,66,10,0 days 01:30:00
58658,LOHARDAGA  B,RANCHI,20:55:00,22:15:00,67,7,0 days 01:20:00
58659,HATIA,ROURKELA,16:40:00,22:10:00,160,21,0 days 05:30:00
58660,ROURKELA,HATIA,04:40:00,10:40:00,160,21,0 days 06:00:00
58661,TATANAGAR JN,HATIA,11:30:00,17:45:00,222,29,0 days 06:15:00
58662,HATIA,TATANAGAR JN,04:20:00,10:40:00,219,29,0 days 06:20:00
58701,SHAHDOL,AMBIKAPUR,14:25:00,20:10:00,215,24,0 days 05:45:00
58702,AMBIKAPUR,SHAHDOL,08:25:00,14:05:00,215,24,0 days 05:40:00
58711,KENDRI,DHAMTARI,07:50:00,10:10:00,51,8,0 days 02:20:00
58712,DHAMTARI,KENDRI,06:30:00,08:40:00,50,8,0 days 02:10:00
58713,KENDRI,DHAMTARI,13:30:00,15:55:00,51,8,0 days 02:25:00
58714,DHAMTARI,KENDRI,12:15:00,14:25:00,50,8,0 days 02:10:00
58715,KENDRI,DHAMTARI,19:25:00,21:50:00,51,8,0 days 02:25:00
58716,DHAMTARI,KENDRI,18:10:00,20:20:00,50,8,0 days 02:10:00
58717,KENDRI,RAJIM,17:05:00,18:20:00,22,4,0 days 01:15:00
58718,RAJIM,KENDRI,09:35:00,10:45:00,22,4,0 days 01:10:00
58719,ABHANPUR JN.,RAJIM,08:30:00,09:20:00,17,3,0 days 00:50:00
58720,RAJIM,ABHANPUR JN.,06:55:00,07:45:00,16,3,0 days 00:50:00
58721,ABHANPUR JN.,RAJIM,20:15:00,21:05:00,17,3,0 days 00:50:00
58722,RAJIM,ABHANPUR JN.,18:35:00,19:25:00,16,3,0 days 00:50:00
58801,BALHARSHAH,GONDIA JN.,14:15:00,20:30:00,249,28,0 days 06:15:00
58802,GONDIA JN.,BALHARSHAH,07:00:00,13:45:00,249,28,0 days 06:45:00
58803,BALHARSHAH,GONDIA JN.,05:45:00,12:05:00,249,28,0 days 06:20:00
58804,GONDIA JN.,BALHARSHAH,17:15:00,23:00:00,249,28,0 days 05:45:00
58805,CHANDAFORT,GONDIA JN.,10:20:00,16:25:00,238,27,0 days 06:05:00
58806,GONDIA JN.,WADSA,19:10:00,21:40:00,103,14,0 days 02:30:00
58808,WADSA,CHANDAFORT,07:20:00,09:55:00,135,14,0 days 02:35:00
58809,RAMTEK,ITWARI JN.,07:30:00,08:45:00,38,7,0 days 01:15:00
58810,NAGPUR JN.(C,RAMTEK,05:40:00,07:10:00,42,8,0 days 01:30:00
58811,RAMTEK,NAGPUR JN.(C,21:25:00,23:10:00,43,8,0 days 01:45:00
58812,ITWARI JN.,RAMTEK,19:10:00,20:30:00,38,7,0 days 01:20:00
58813,RAMTEK,ITWARI JN.,14:00:00,15:40:00,38,7,0 days 01:40:00
58814,ITWARI JN.,RAMTEK,12:00:00,13:15:00,38,7,0 days 01:15:00
58815,ITWARI JN.,TIRODI,13:10:00,17:10:00,123,20,0 days 04:00:00
58816,TIRODI,ITWARI JN.,08:05:00,11:35:00,124,20,0 days 03:30:00
58817,TUMSAR RD,TIRODI,05:45:00,07:20:00,47,9,0 days 01:35:00
58818,TIRODI,TUMSAR RD,17:35:00,18:55:00,46,9,0 days 01:20:00
58843,ITWARI JN.,NAGBHIR JN.,06:10:00,10:50:00,104,17,0 days 04:40:00
58844,NAGBHIR JN.,ITWARI JN.,06:15:00,10:30:00,104,17,0 days 04:15:00
58845,ITWARI JN.,NAGBHIR JN.,10:40:00,15:10:00,104,17,0 days 04:30:00
58846,NAGBHIR JN.,ITWARI JN.,12:30:00,17:00:00,104,17,0 days 04:30:00
58847,ITWARI JN.,NAGBHIR JN.,18:10:00,22:35:00,104,17,0 days 04:25:00
58848,NAGBHIR JN.,ITWARI JN.,16:45:00,21:00:00,104,17,0 days 04:15:00
58877,ITWARI JN.,NAGBHIR JN.,14:00:00,19:20:00,104,17,0 days 05:20:00
58878,NAGBHIR JN.,ITWARI JN.,08:00:00,13:15:00,104,17,0 days 05:15:00
59013,SURAT,BHUSAVAL JN.,23:35:00,09:15:00,334,31,0 days 09:40:00
59014,BHUSAVAL JN.,SURAT,18:25:00,04:10:00,335,31,0 days 09:45:00
59023,MUMBAI CENTR,VALSAD,18:10:00,22:55:00,193,20,0 days 04:45:00
59024,VALSAD,MUMBAI CENTR,04:50:00,09:15:00,193,21,0 days 04:25:00
59037,VIRAR,SURAT,17:10:00,23:50:00,206,30,0 days 06:40:00
59038,SURAT,VIRAR,04:15:00,09:55:00,206,31,0 days 05:40:00
59039,VIRAR,VALSAD,11:25:00,14:30:00,138,18,0 days 03:05:00
59040,VAPI,VIRAR,13:55:00,16:15:00,114,14,0 days 02:20:00
59045,BANDRA TERMI,VAPI,09:25:00,13:15:00,158,20,0 days 03:50:00
59046,VALSAD,BANDRA TERMI,16:30:00,21:10:00,182,23,0 days 04:40:00
59048,SURAT,VALSAD,18:20:00,20:05:00,68,13,0 days 01:45:00
59049,VALSAD,VIRAMGAM JN,06:05:00,20:10:00,362,62,0 days 14:05:00
59050,VIRAMGAM JN,VALSAD,07:50:00,20:45:00,362,62,0 days 12:55:00
59075,SURAT,BHUSAVAL JN.,07:20:00,19:20:00,334,44,0 days 12:00:00
59076,BHUSAVAL JN.,SURAT,08:45:00,19:45:00,335,44,0 days 11:00:00
59077,SURAT,BHUSAVAL JN.,16:45:00,01:50:00,334,30,0 days 09:05:00
59078,BHUSAVAL JN.,SURAT,21:15:00,07:35:00,335,31,0 days 10:20:00
59101,VADODARA JN.,KATHANA,15:55:00,19:25:00,62,11,0 days 03:30:00
59102,KATHANA,VADODARA JN.,05:10:00,08:35:00,62,11,0 days 03:25:00
59103,VADODARA JN.,KATHANA,09:15:00,12:50:00,62,11,0 days 03:35:00
59104,KATHANA,VADODARA JN.,14:00:00,17:25:00,62,11,0 days 03:25:00
59117,PRATAP NAGAR,CHHOTA UDEPU,07:20:00,09:50:00,99,18,0 days 02:30:00
59118,CHHOTA UDEPU,VADODARA JN.,06:15:00,09:05:00,105,19,0 days 02:50:00
59119,VADODARA JN.,CHHOTA UDEPU,17:50:00,20:40:00,105,19,0 days 02:50:00
59120,CHHOTA UDEPU,PRATAP NAGAR,17:05:00,19:35:00,99,18,0 days 02:30:00
59121,VADODARA JN.,CHHOTA UDEPU,09:50:00,12:40:00,105,19,0 days 02:50:00
59122,CHHOTA UDEPU,VADODARA JN.,10:45:00,13:40:00,105,19,0 days 02:55:00
59151,NADIAD JN.,MODASA,18:25:00,21:45:00,104,10,0 days 03:20:00
59152,MODASA,NADIAD JN.,06:00:00,09:20:00,104,10,0 days 03:20:00
59153,NADIAD JN.,MODASA,10:00:00,13:30:00,104,10,0 days 03:30:00
59154,MODASA,NADIAD JN.,14:15:00,17:45:00,104,10,0 days 03:30:00
59161,BHARUCH JN.,ANAND JN.,05:45:00,09:00:00,105,20,0 days 03:15:00
59162,ANAND JN.,BHARUCH JN.,17:45:00,21:00:00,105,20,0 days 03:15:00
59163,ANAND JN.,VADTAL SWAMI,12:15:00,13:15:00,13,3,0 days 01:00:00
59164,VADTAL SWAMI,ANAND JN.,10:00:00,11:05:00,13,3,0 days 01:05:00
59167,ANKLESHWAR J,RAJPIPLA,16:30:00,19:15:00,62,14,0 days 02:45:00
59168,RAJPIPLA,ANKLESHWAR J,06:15:00,09:00:00,62,14,0 days 02:45:00
59169,ANAND JN.,VADTAL SWAMI,07:30:00,08:30:00,13,3,0 days 01:00:00
59170,VADTAL SWAMI,ANAND JN.,16:05:00,17:10:00,13,3,0 days 01:05:00
59201,PALITANA,BHAVNAGAR TE,11:40:00,13:00:00,47,8,0 days 01:20:00
59202,BHAVNAGAR TE,PALITANA,09:55:00,11:20:00,47,8,0 days 01:25:00
59203,SURENDRANAGA,BHAVNAGAR TE,17:05:00,21:00:00,169,22,0 days 03:55:00
59204,BHAVNAGAR TE,SURENDRANAGA,11:35:00,15:30:00,169,22,0 days 03:55:00
59205,KANALUS,PORBANDAR,14:15:00,16:50:00,114,11,0 days 02:35:00
59206,PORBANDAR,KANALUS,10:10:00,12:25:00,108,11,0 days 02:15:00
59207,BHAVNAGAR TE,OKHA,21:35:00,13:05:00,535,60,0 days 15:30:00
59208,OKHA,BHAVNAGAR TE,14:45:00,05:40:00,535,59,0 days 14:55:00
59211,RAJKOT,PORBANDAR,14:10:00,20:00:00,222,21,0 days 05:50:00
59212,PORBANDAR,RAJKOT,07:00:00,13:35:00,216,21,0 days 06:35:00
59213,BHANVAD,PORBANDAR,08:40:00,09:50:00,52,8,0 days 01:10:00
59214,PORBANDAR,BHANVAD,06:20:00,07:40:00,52,7,0 days 01:20:00
59215,BHANVAD,PORBANDAR,21:15:00,22:35:00,52,7,0 days 01:20:00
59216,PORBANDAR,BHANVAD,19:05:00,20:25:00,52,8,0 days 01:20:00
59225,BHAVNAGAR TE,MAHUVA,09:10:00,14:10:00,201,25,0 days 05:00:00
59226,MAHUVA,BHAVNAGAR TE,14:20:00,19:25:00,201,25,0 days 05:05:00
59227,BOTAD,BHAVNAGAR TE,21:20:00,23:25:00,91,12,0 days 02:05:00
59228,BHAVNAGAR TE,BOTAD,05:00:00,07:05:00,91,12,0 days 02:05:00
59229,DHRANGADHRA,BHAVNAGAR TE,03:40:00,09:00:00,206,23,0 days 05:20:00
59230,BHAVNAGAR TE,DHRANGADHRA,18:55:00,00:05:00,206,24,0 days 05:10:00
59231,SURENDRANAGA,BOTAD,18:50:00,20:35:00,78,10,0 days 01:45:00
59232,BOTAD,SURENDRANAGA,07:15:00,09:10:00,78,10,0 days 01:55:00
59233,SURENDRANAGA,BHAVNAGAR TE,09:35:00,13:55:00,169,20,0 days 04:20:00
59234,BHAVNAGAR TE,SURENDRANAGA,14:25:00,18:15:00,169,20,0 days 03:50:00
59235,DHOLA JN,MAHUVA,06:25:00,09:50:00,152,22,0 days 03:25:00
59236,MAHUVA,DHOLA JN,17:20:00,20:55:00,152,22,0 days 03:35:00
59243,RAJULA CITY,MAHUVA,11:40:00,12:55:00,38,7,0 days 01:15:00
59244,MAHUVA,RAJULA CITY,10:10:00,11:25:00,38,7,0 days 01:15:00
59267,PALITANA,BHAVNAGAR TE,08:10:00,09:40:00,47,8,0 days 01:30:00
59268,BHAVNAGAR TE,PALITANA,06:30:00,07:50:00,47,8,0 days 01:20:00
59269,PALITANA,BHAVNAGAR TE,18:50:00,20:10:00,47,8,0 days 01:20:00
59270,BHAVNAGAR TE,PALITANA,17:05:00,18:25:00,47,8,0 days 01:20:00
59271,SURENDRANAGA,BHAVNAGAR TE,13:35:00,17:55:00,169,18,0 days 04:20:00
59272,BHAVNAGAR TE,SURENDRANAGA,08:20:00,12:25:00,169,18,0 days 04:05:00
59295,PALITANA,BHAVNAGAR TE,15:20:00,16:40:00,47,8,0 days 01:20:00
59296,BHAVNAGAR TE,PALITANA,13:30:00,14:50:00,47,8,0 days 01:20:00
59297,PORBANDAR,SOMNATH,06:00:00,11:45:00,236,23,0 days 05:45:00
59298,SOMNATH,PORBANDAR,14:20:00,20:55:00,236,23,0 days 06:35:00
59306,UJJAIN JN,INDORE BG,08:05:00,10:20:00,78,10,0 days 02:15:00
59307,INDORE BG,UJJAIN JN,18:00:00,20:05:00,78,10,0 days 02:05:00
59317,NAGDA JN,UJJAIN JN,18:00:00,19:35:00,54,8,0 days 01:35:00
59318,UJJAIN JN,NAGDA JN,07:00:00,08:30:00,54,8,0 days 01:30:00
59319,UJJAIN JN,BHOPAL,17:05:00,22:15:00,183,25,0 days 05:10:00
59320,BHOPAL,UJJAIN JN,06:40:00,11:05:00,183,25,0 days 04:25:00
59341,NAGDA JN,BINA,11:35:00,23:25:00,428,44,0 days 11:50:00
59342,BINA,NAGDA JN,04:00:00,15:00:00,428,44,0 days 11:00:00
59345,RATLAM JN,NAGDA JN,10:20:00,11:20:00,44,6,0 days 01:00:00
59346,NAGDA JN,RATLAM JN,08:50:00,09:45:00,44,6,0 days 00:55:00
59353,NAGDA JN,UJJAIN JN,23:30:00,01:00:00,54,8,0 days 01:30:00
59354,UJJAIN JN,NAGDA JN,20:40:00,22:15:00,54,8,0 days 01:35:00
59355,RATLAM JN,MATHURA JN.,07:00:00,23:45:00,585,65,0 days 16:45:00
59356,MATHURA JN.,RATLAM JN,05:00:00,21:15:00,585,65,0 days 16:15:00
59357,BAYANA,YAMUNA BRIDG,09:10:00,12:05:00,86,16,0 days 02:55:00
59358,YAMUNA BRIDG,BAYANA,13:45:00,17:00:00,86,16,0 days 03:15:00
59359,BAYANA,MATHURA JN.,17:20:00,19:15:00,75,9,0 days 01:55:00
59360,MATHURA JN.,BAYANA,06:40:00,08:40:00,75,9,0 days 02:00:00
59379,INDORE BG,MAKSI JN,05:20:00,07:25:00,74,7,0 days 02:05:00
59380,MAKSI JN,INDORE BG,10:30:00,12:20:00,74,7,0 days 01:50:00
59385,INDORE BG,CHHINWARA JN,13:00:00,04:30:00,553,49,0 days 15:30:00
59386,CHHINWARA JN,INDORE BG,21:05:00,13:15:00,553,48,0 days 16:10:00
59387,NAGDA JN,INDORE BG,15:15:00,19:30:00,133,17,0 days 04:15:00
59388,INDORE BG,NAGDA JN,08:05:00,12:45:00,133,17,0 days 04:40:00
59393,DAHOD,BHOPAL,05:40:00,15:50:00,397,50,0 days 10:10:00
59394,BHOPAL,DAHOD,12:10:00,23:00:00,398,50,0 days 10:50:00
59395,BETUL,CHHINWARA JN,13:35:00,20:00:00,133,13,0 days 06:25:00
59396,CHHINWARA JN,BETUL,08:00:00,13:05:00,137,15,0 days 05:05:00
59421,RAJKOT,VERAVAL,07:50:00,12:30:00,184,21,0 days 04:40:00
59422,SOMNATH,RAJKOT,04:20:00,09:30:00,189,22,0 days 05:10:00
59423,RAJKOT,SOMNATH,18:15:00,23:40:00,189,22,0 days 05:25:00
59424,VERAVAL,RAJKOT,17:25:00,22:05:00,184,21,0 days 04:40:00
59425,NEW BHUJ,PALANPUR JN,06:25:00,15:25:00,358,38,0 days 09:00:00
59426,PALANPUR JN,NEW BHUJ,13:30:00,22:10:00,358,38,0 days 08:40:00
59439,MUMBAI CENTR,AHMEDABAD,12:15:00,04:00:00,490,72,0 days 15:45:00
59440,AHMEDABAD,MUMBAI CENTR,23:10:00,15:00:00,490,66,0 days 15:50:00
59441,MUMBAI CENTR,AHMEDABAD,22:40:00,14:55:00,490,74,0 days 16:15:00
59442,AHMEDABAD,MUMBAI CENTR,12:40:00,04:35:00,490,74,0 days 15:55:00
59473,AHMEDABAD,PATAN,03:30:00,07:10:00,111,15,0 days 03:40:00
59474,PATAN,AHMEDABAD,20:00:00,23:55:00,111,15,0 days 03:55:00
59475,MAHESANA JN,PATAN,09:45:00,10:40:00,40,6,0 days 00:55:00
59476,PATAN,MAHESANA JN,12:05:00,13:10:00,40,6,0 days 01:05:00
59477,MAHESANA JN,PATAN,15:20:00,16:15:00,40,6,0 days 00:55:00
59478,PATAN,MAHESANA JN,17:05:00,18:00:00,40,6,0 days 00:55:00
59481,MAHESANA JN,PATAN,18:30:00,19:25:00,40,6,0 days 00:55:00
59482,PATAN,MAHESANA JN,07:30:00,08:25:00,40,6,0 days 00:55:00
59483,MAHESANA JN,PATAN,06:05:00,07:10:00,40,6,0 days 01:05:00
59484,PATAN,MAHESANA JN,20:00:00,20:55:00,40,6,0 days 00:55:00
59503,VIRAMGAM JN,OKHA,12:40:00,00:50:00,429,48,0 days 12:10:00
59504,OKHA,VIRAMGAM JN,02:45:00,16:45:00,429,48,0 days 14:00:00
59507,RAJKOT,SOMNATH,05:10:00,10:05:00,189,18,0 days 04:55:00
59508,SOMNATH,RAJKOT,11:00:00,16:00:00,189,18,0 days 05:00:00
59509,MAHESANA JN,VIRAMGAM JN,08:30:00,10:10:00,64,8,0 days 01:40:00
59510,VIRAMGAM JN,MAHESANA JN,06:00:00,07:35:00,64,8,0 days 01:35:00
59511,MAHESANA JN,VIRAMGAM JN,20:00:00,21:35:00,64,8,0 days 01:35:00
59512,VIRAMGAM JN,MAHESANA JN,17:35:00,19:15:00,64,8,0 days 01:40:00
59547,AHMEDABAD,OKHA,12:00:00,05:30:00,495,49,0 days 17:30:00
59548,OKHA,AHMEDABAD,22:10:00,14:10:00,495,45,0 days 16:00:00
59549,VADODARA JN.,AHMEDABAD,08:20:00,10:40:00,99,8,0 days 02:20:00
59550,AHMEDABAD,VADODARA JN.,15:10:00,17:30:00,99,8,0 days 02:20:00
59601,MARWAR JN.,AJMER JN.,05:10:00,09:00:00,139,19,0 days 03:50:00
59602,AJMER JN.,MARWAR JN.,18:20:00,21:50:00,139,19,0 days 03:30:00
59603,MADAR JN,UDAIPUR CITY,07:00:00,17:10:00,306,39,0 days 10:10:00
59604,UDAIPUR CITY,MADAR JN,09:30:00,18:50:00,306,39,0 days 09:20:00
59605,CHITTAURGARH,UDAIPUR CITY,05:45:00,08:35:00,114,13,0 days 02:50:00
59606,UDAIPUR CITY,CHITTAURGARH,19:30:00,22:35:00,114,13,0 days 03:05:00
59607,AJMER JN.,PUSHKAR TERM,09:50:00,10:50:00,31,5,0 days 01:00:00
59608,PUSHKAR TERM,AJMER JN.,16:20:00,17:20:00,31,5,0 days 01:00:00
59705,SURATGARH JN,JAIPUR JN.,06:00:00,21:00:00,563,55,0 days 15:00:00
59706,JAIPUR JN.,SURATGARH JN,05:00:00,18:10:00,562,55,0 days 13:10:00
59707,ANUPGARH,SURATGARH JN,10:30:00,12:25:00,77,10,0 days 01:55:00
59708,SURATGARH JN,ANUPGARH,08:25:00,10:10:00,66,9,0 days 01:45:00
59709,ANUPGARH,SURATGARH JN,16:50:00,18:55:00,66,10,0 days 02:05:00
59710,SURATGARH JN,ANUPGARH,14:30:00,16:30:00,77,11,0 days 02:00:00
59711,BATHINDA JN,SURATGARH JN,14:15:00,17:55:00,142,17,0 days 03:40:00
59712,SURATGARH JN,BATHINDA JN,08:50:00,12:30:00,143,17,0 days 03:40:00
59713,PHULERA JN.,JAIPUR JN.,07:00:00,08:15:00,54,10,0 days 01:15:00
59714,JAIPUR JN.,PHULERA JN.,18:45:00,20:20:00,54,10,0 days 01:35:00
59715,PHULERA JN.,REWARI JN.,03:30:00,08:30:00,215,28,0 days 05:00:00
59716,REWARI JN.,PHULERA JN.,05:30:00,10:45:00,215,28,0 days 05:15:00
59717,PHULERA JN.,REWARI JN.,17:25:00,22:40:00,215,28,0 days 05:15:00
59718,REWARI JN.,PHULERA JN.,19:40:00,00:55:00,215,28,0 days 05:15:00
59719,PHULERA JN.,REWARI JN.,11:30:00,16:30:00,215,28,0 days 05:00:00
59720,REWARI JN.,PHULERA JN.,09:05:00,14:25:00,215,28,0 days 05:20:00
59721,JAIPUR JN.,HISAR JN,05:15:00,13:35:00,367,42,0 days 08:20:00
59722,HISAR JN,JAIPUR JN.,14:05:00,22:35:00,367,42,0 days 08:30:00
59727,SIKAR JN.,REWARI JN.,07:40:00,13:35:00,213,25,0 days 05:55:00
59728,REWARI JN.,SIKAR JN.,23:40:00,04:40:00,213,17,0 days 05:00:00
59729,SIKAR JN.,REWARI JN.,20:25:00,02:00:00,213,17,0 days 05:35:00
59730,REWARI JN.,SIKAR JN.,14:50:00,20:00:00,213,25,0 days 05:10:00
59731,ANUPGARH,SURATGARH JN,06:30:00,08:20:00,66,10,0 days 01:50:00
59732,SURATGARH JN,ANUPGARH,04:25:00,06:10:00,66,10,0 days 01:45:00
59733,ANUPGARH,SURATGARH JN,20:30:00,22:15:00,66,9,0 days 01:45:00
59734,SURATGARH JN,ANUPGARH,18:20:00,20:10:00,66,9,0 days 01:50:00
59735,FATEHPUR-SHE,SIKAR JN.,06:20:00,07:20:00,47,4,0 days 01:00:00
59736,SIKAR JN.,FATEHPUR-SHE,05:00:00,06:00:00,47,4,0 days 01:00:00
59803,RATLAM JN,KOTA,13:20:00,19:45:00,265,24,0 days 06:25:00
59804,KOTA,RATLAM JN,05:55:00,12:55:00,265,24,0 days 07:00:00
59805,JAIPUR JN.,BAYANA,06:40:00,12:55:00,268,23,0 days 06:15:00
59806,BAYANA,JAIPUR JN.,13:35:00,20:00:00,268,22,0 days 06:25:00
59811,RATLAM JN,AGRA  FORT,08:35:00,06:00:00,688,71,0 days 21:25:00
59812,YAMUNA BRIDG,RATLAM JN,18:40:00,15:35:00,691,71,0 days 20:55:00
59813,KOTA,YAMUNA BRIDG,07:15:00,17:35:00,330,42,0 days 10:20:00
59814,AGRA  FORT,KOTA,07:45:00,17:15:00,328,41,0 days 09:30:00
59821,KOTA,BHIND,22:05:00,14:40:00,499,42,0 days 16:35:00
59822,BHIND,KOTA,18:10:00,09:45:00,499,47,0 days 15:35:00
59823,GWALIOR JN,BHIND,06:20:00,08:50:00,87,14,0 days 02:30:00
59824,BHIND,GWALIOR JN,09:55:00,12:25:00,87,14,0 days 02:30:00
59825,GWALIOR JN,BHIND,14:30:00,16:55:00,87,14,0 days 02:25:00
59826,BHIND,GWALIOR JN,18:50:00,21:25:00,87,14,0 days 02:35:00
59827,BHIND,ETAWAH,15:00:00,16:05:00,36,3,0 days 01:05:00
59828,ETAWAH,BHIND,17:30:00,18:30:00,36,3,0 days 01:00:00
59831,VADODARA JN.,KOTA,07:25:00,22:30:00,527,64,0 days 15:05:00
59832,KOTA,VADODARA JN.,09:45:00,01:10:00,527,63,0 days 15:25:00
59833,KOTA,NIMACH,22:45:00,05:55:00,227,15,0 days 07:10:00
59834,NIMACH,KOTA,22:30:00,04:45:00,227,15,0 days 06:15:00
59835,NIMACH,UDAIPUR CITY,06:50:00,11:45:00,169,20,0 days 04:55:00
59836,UDAIPUR CITY,NIMACH,14:15:00,20:05:00,169,20,0 days 05:50:00
59837,JHALAWAR CIT,KOTA,09:45:00,12:10:00,85,11,0 days 02:25:00
59838,KOTA,JHALAWAR CIT,07:00:00,09:20:00,85,11,0 days 02:20:00
59839,JHALAWAR CIT,KOTA,18:30:00,20:45:00,85,11,0 days 02:15:00
59840,KOTA,JHALAWAR CIT,15:45:00,18:05:00,85,11,0 days 02:20:00
61631,BHOPAL,BINA,09:00:00,12:20:00,138,16,0 days 03:20:00
61632,BINA,BHOPAL,17:45:00,21:05:00,138,16,0 days 03:20:00
63105,SEALDAH,LALGOLA,20:20:00,01:05:00,230,31,0 days 04:45:00
63108,LALGOLA,SEALDAH,04:30:00,09:57:00,229,34,0 days 05:27:00
63141,SEALDAH,RAMPUR HAT,12:05:00,18:05:00,228,30,0 days 06:00:00
63142,RAMPUR HAT,SEALDAH,14:25:00,19:50:00,228,36,0 days 05:25:00
63151,JASIDIH JN.,BAIDYANATHDH,05:40:00,06:00:00,6,3,0 days 00:20:00
63153,JASIDIH JN.,BAIDYANATHDH,08:45:00,09:05:00,6,3,0 days 00:20:00
63154,BAIDYANATHDH,JASIDIH JN.,09:30:00,09:50:00,6,3,0 days 00:20:00
63155,JASIDIH JN.,BAIDYANATHDH,10:00:00,10:20:00,6,3,0 days 00:20:00
63156,BAIDYANATHDH,JASIDIH JN.,10:50:00,11:10:00,6,3,0 days 00:20:00
63157,JASIDIH JN.,BAIDYANATHDH,12:30:00,12:50:00,6,3,0 days 00:20:00
63158,BAIDYANATHDH,JASIDIH JN.,13:05:00,13:25:00,6,3,0 days 00:20:00
63159,JASIDIH JN.,BAIDYANATHDH,14:40:00,15:00:00,6,3,0 days 00:20:00
63160,BAIDYANATHDH,JASIDIH JN.,15:15:00,15:35:00,6,3,0 days 00:20:00
63161,JASIDIH JN.,BAIDYANATHDH,16:40:00,17:00:00,6,3,0 days 00:20:00
63162,BAIDYANATHDH,JASIDIH JN.,17:10:00,17:30:00,6,3,0 days 00:20:00
63163,JASIDIH JN.,BAIDYANATHDH,17:45:00,18:05:00,6,3,0 days 00:20:00
63164,BAIDYANATHDH,JASIDIH JN.,18:25:00,18:45:00,6,3,0 days 00:20:00
63165,JASIDIH JN.,BAIDYANATHDH,19:50:00,20:10:00,6,3,0 days 00:20:00
63166,BAIDYANATHDH,JASIDIH JN.,20:30:00,20:50:00,6,3,0 days 00:20:00
63167,JASIDIH JN.,BAIDYANATHDH,22:50:00,23:05:00,6,2,0 days 00:15:00
63168,BAIDYANATHDH,JASIDIH JN.,23:30:00,23:45:00,6,2,0 days 00:15:00
63169,JASIDIH JN.,BAIDYANATHDH,03:35:00,03:50:00,6,3,0 days 00:15:00
63203,KIUL JN.,MOKAMA JN.,04:10:00,05:55:00,34,8,0 days 01:45:00
63204,MOKAMA JN.,KIUL JN.,20:50:00,22:40:00,34,8,0 days 01:50:00
63205,KIUL JN.,PATNA JN.,02:10:00,07:00:00,123,25,0 days 04:50:00
63206,PATNA JN.,KIUL JN.,19:50:00,01:40:00,123,22,0 days 05:50:00
63207,JHAJHA,PATNA JN.,05:35:00,12:45:00,177,30,0 days 07:10:00
63208,PATNA JN.,JASIDIH JN.,08:40:00,15:55:00,221,34,0 days 07:15:00
63209,JHAJHA,PATNA JN.,08:10:00,15:00:00,177,29,0 days 06:50:00
63210,PATNA JN.,JHAJHA,11:05:00,17:20:00,177,30,0 days 06:15:00
63211,JASIDIH JN.,PATNA JN.,16:15:00,01:05:00,221,34,0 days 08:50:00
63212,PATNA JN.,JHAJHA,14:30:00,20:35:00,177,29,0 days 06:05:00
63213,PATNA JN.,ARA,17:15:00,18:50:00,49,11,0 days 01:35:00
63214,ARA,PATNA JN.,07:05:00,08:35:00,49,13,0 days 01:30:00
63217,MOKAMA JN.,DANAPUR,06:05:00,09:45:00,98,18,0 days 03:40:00
63218,DANAPUR,MOKAMA JN.,17:55:00,21:30:00,98,18,0 days 03:35:00
63219,DANAPUR,RAGHUNATHPUR,09:55:00,12:25:00,75,14,0 days 02:30:00
63220,RAGHUNATHPUR,PATNA JN.,16:15:00,19:35:00,85,17,0 days 03:20:00
63221,MOKAMA JN.,PATNA JN.,05:30:00,07:45:00,89,7,0 days 02:15:00
63222,PATNA JN.,MOKAMA JN.,18:10:00,20:40:00,89,7,0 days 02:30:00
63223,PATNA JN.,ARA,21:50:00,23:55:00,49,10,0 days 02:05:00
63224,ARA,PATNA JN.,03:30:00,05:00:00,49,10,0 days 01:30:00
63225,PATNA JN.,MUGHAL SARAI,12:05:00,19:15:00,207,34,0 days 07:10:00
63226,VARANASI JN.,PATNA JN.,13:40:00,21:05:00,225,39,0 days 07:25:00
63227,PATNA JN.,MUGHAL SARAI,08:00:00,15:15:00,207,37,0 days 07:15:00
63228,MUGHAL SARAI,PATNA JN.,15:35:00,23:30:00,207,31,0 days 07:55:00
63231,PATNA JN.,MUGHAL SARAI,19:55:00,03:50:00,207,33,0 days 07:55:00
63232,BUXAR,PATNA JN.,06:40:00,11:00:00,117,18,0 days 04:20:00
63233,PATNA JN.,VARANASI JN.,05:15:00,13:20:00,225,35,0 days 08:05:00
63234,MUGHAL SARAI,PATNA JN.,07:30:00,17:05:00,207,29,0 days 09:35:00
63235,BUXAR,MUGHAL SARAI,04:00:00,06:35:00,89,11,0 days 02:35:00
63237,MUGHAL SARAI,ALLAHABAD JN,04:30:00,09:10:00,152,21,0 days 04:40:00
63238,ALLAHABAD JN,MUGHAL SARAI,18:30:00,23:00:00,152,20,0 days 04:30:00
63240,MUGHAL SARAI,BUXAR,20:20:00,00:15:00,89,11,0 days 03:55:00
63241,PATNA JN.,GAYA JN.,05:00:00,08:05:00,94,26,0 days 03:05:00
63242,GAYA JN.,PATNA JN.,05:00:00,08:00:00,91,13,0 days 03:00:00
63243,PATNA JN.,GAYA JN.,06:15:00,09:15:00,94,26,0 days 03:00:00
63244,GAYA JN.,PATNA JN.,05:45:00,08:45:00,94,26,0 days 03:00:00
63245,PATNA JN.,GAYA JN.,08:30:00,11:30:00,91,17,0 days 03:00:00
63246,GAYA JN.,PATNA JN.,08:30:00,11:30:00,91,17,0 days 03:00:00
63247,PATNA JN.,GAYA JN.,09:15:00,12:15:00,91,13,0 days 03:00:00
63248,GAYA JN.,PATNA JN.,09:30:00,12:20:00,94,26,0 days 02:50:00
63249,PATNA JN.,GAYA JN.,12:00:00,14:45:00,91,16,0 days 02:45:00
63250,GAYA JN.,PATNA JN.,11:45:00,14:20:00,85,14,0 days 02:35:00
63251,PATNA JN.,GAYA JN.,13:00:00,16:00:00,91,18,0 days 03:00:00
63252,GAYA JN.,PATNA JN.,12:45:00,15:25:00,91,17,0 days 02:40:00
63253,PATNA JN.,GAYA JN.,15:30:00,18:30:00,91,15,0 days 03:00:00
63254,GAYA JN.,PATNA JN.,15:15:00,18:00:00,94,24,0 days 02:45:00
63255,PATNA JN.,GAYA JN.,18:30:00,21:30:00,91,13,0 days 03:00:00
63256,GAYA JN.,PATNA JN.,16:30:00,19:30:00,91,13,0 days 03:00:00
63257,PATNA JN.,GAYA JN.,20:00:00,23:00:00,94,26,0 days 03:00:00
63258,GAYA JN.,PATNA JN.,19:00:00,22:00:00,94,26,0 days 03:00:00
63259,PATNA JN.,GAYA JN.,22:30:00,01:35:00,91,18,0 days 03:05:00
63260,GAYA JN.,PATNA JN.,22:00:00,01:00:00,94,21,0 days 03:00:00
63261,FATUHA,BUXAR,16:20:00,23:50:00,139,27,0 days 07:30:00
63262,BUXAR,FATUHA,04:55:00,10:15:00,139,24,0 days 05:20:00
63263,PATNA JN.,BUXAR,14:50:00,19:05:00,117,20,0 days 04:15:00
63264,MUGHAL SARAI,PATNA JN.,05:10:00,14:50:00,207,31,0 days 09:40:00
63271,MOKAMA JN.,PATNA JN.,15:30:00,19:10:00,89,15,0 days 03:40:00
63272,PATNA JN.,MOKAMA JN.,05:05:00,09:45:00,89,15,0 days 04:40:00
63273,BARAUNI JN.,MOKAMA JN.,11:30:00,12:45:00,20,6,0 days 01:15:00
63274,MOKAMA JN.,BARAUNI JN.,09:50:00,11:00:00,18,7,0 days 01:10:00
63275,BARAUNI JN.,MOKAMA JN.,13:00:00,14:15:00,20,6,0 days 01:15:00
63276,MOKAMA JN.,BARAUNI JN.,13:00:00,14:05:00,18,7,0 days 01:05:00
63279,BARAUNI JN.,SONPUR JN.,17:30:00,20:25:00,93,20,0 days 02:55:00
63280,PATNA JN.,BARAUNI JN.,20:10:00,02:25:00,120,25,0 days 06:15:00
63283,BARAUNI JN.,PATNA JN.,15:00:00,19:45:00,120,25,0 days 04:45:00
63284,PATNA JN.,BARAUNI JN.,08:10:00,12:25:00,120,25,0 days 04:15:00
63285,BARAUNI JN.,PATNA JN.,03:30:00,08:15:00,120,24,0 days 04:45:00
63286,SONPUR JN.,BARAUNI JN.,07:05:00,10:10:00,93,20,0 days 03:05:00
63289,GAYA JN.,DEHRI-ON-SON,11:55:00,14:00:00,85,14,0 days 02:05:00
63290,DEHRI-ON-SON,GAYA JN.,15:00:00,17:05:00,85,14,0 days 02:05:00
63291,GAYA JN.,DEHRI-ON-SON,07:30:00,09:35:00,85,14,0 days 02:05:00
63292,DEHRI-ON-SON,GAYA JN.,18:16:00,20:35:00,85,14,0 days 02:19:00
63293,DEHRI-ON-SON,MUGHAL SARAI,09:45:00,12:30:00,118,18,0 days 02:45:00
63294,MUGHAL SARAI,DEHRI-ON-SON,16:00:00,18:11:00,118,18,0 days 02:11:00
63295,GAYA JN.,MUGHAL SARAI,17:55:00,23:25:00,203,28,0 days 05:30:00
63296,MUGHAL SARAI,GAYA JN.,04:00:00,10:15:00,203,28,0 days 06:15:00
63501,HOWRAH JN.,BARDDHAMAN J,01:50:00,03:40:00,106,3,0 days 01:50:00
63502,BARDDHAMAN J,HOWRAH JN.,21:58:00,00:15:00,106,34,0 days 02:17:00
63505,BARDDHAMAN J,ASANSOL MAIN,04:00:00,05:55:00,104,14,0 days 01:55:00
63506,ASANSOL MAIN,BARDDHAMAN J,04:55:00,06:40:00,105,14,0 days 01:45:00
63507,BARDDHAMAN J,ASANSOL MAIN,05:15:00,07:05:00,104,14,0 days 01:50:00
63508,ASANSOL MAIN,BARDDHAMAN J,05:45:00,07:35:00,105,14,0 days 01:50:00
63509,BARDDHAMAN J,ASANSOL MAIN,07:30:00,09:15:00,104,14,0 days 01:45:00
63510,ASANSOL MAIN,BARDDHAMAN J,06:20:00,08:06:00,105,14,0 days 01:46:00
63511,BARDDHAMAN J,ASANSOL MAIN,08:40:00,10:35:00,104,14,0 days 01:55:00
63512,ASANSOL MAIN,BARDDHAMAN J,07:42:00,09:38:00,105,14,0 days 01:56:00
63513,BARDDHAMAN J,ASANSOL MAIN,09:50:00,11:40:00,104,14,0 days 01:50:00
63514,ASANSOL MAIN,BARDDHAMAN J,09:00:00,10:50:00,105,14,0 days 01:50:00
63515,BARDDHAMAN J,ASANSOL MAIN,12:05:00,13:55:00,104,14,0 days 01:50:00
63516,ASANSOL MAIN,BARDDHAMAN J,10:20:00,12:20:00,105,14,0 days 02:00:00
63517,BARDDHAMAN J,ASANSOL MAIN,13:15:00,15:05:00,104,14,0 days 01:50:00
63518,ASANSOL MAIN,BARDDHAMAN J,12:40:00,14:30:00,105,14,0 days 01:50:00
63519,BARDDHAMAN J,ASANSOL MAIN,15:20:00,17:15:00,104,14,0 days 01:55:00
63520,ASANSOL MAIN,BARDDHAMAN J,14:05:00,16:00:00,105,14,0 days 01:55:00
63521,BARDDHAMAN J,ASANSOL MAIN,16:05:00,17:55:00,104,14,0 days 01:50:00
63522,ASANSOL MAIN,BARDDHAMAN J,16:10:00,18:05:00,105,14,0 days 01:55:00
63523,BARDDHAMAN J,ASANSOL MAIN,17:25:00,19:20:00,104,14,0 days 01:55:00
63524,ASANSOL MAIN,BARDDHAMAN J,16:55:00,18:45:00,105,14,0 days 01:50:00
63525,BARDDHAMAN J,ASANSOL MAIN,20:05:00,22:00:00,104,14,0 days 01:55:00
63526,ASANSOL MAIN,BARDDHAMAN J,21:50:00,23:50:00,105,14,0 days 02:00:00
63527,DURGAPUR,ASANSOL MAIN,22:25:00,23:08:00,42,6,0 days 00:43:00
63528,ASANSOL MAIN,DURGAPUR,20:25:00,21:10:00,42,6,0 days 00:45:00
63529,ANDAL JN.,RAMPUR HAT,05:40:00,08:05:00,100,18,0 days 02:25:00
63530,RAMPUR HAT,ANDAL JN.,08:30:00,10:55:00,101,17,0 days 02:25:00
63531,ANDAL JN.,SAINTHIA JN.,08:10:00,10:00:00,72,14,0 days 01:50:00
63532,SAINTHIA JN.,ANDAL JN.,04:00:00,05:50:00,73,14,0 days 01:50:00
63533,ANDAL JN.,SAINTHIA JN.,14:00:00,15:50:00,72,14,0 days 01:50:00
63534,SAINTHIA JN.,ANDAL JN.,10:40:00,12:30:00,73,14,0 days 01:50:00
63535,ANDAL JN.,SAINTHIA JN.,17:10:00,19:00:00,72,13,0 days 01:50:00
63536,SAINTHIA JN.,ANDAL JN.,16:40:00,18:30:00,73,14,0 days 01:50:00
63537,ANDAL JN.,SAINTHIA JN.,19:05:00,20:55:00,72,14,0 days 01:50:00
63538,SAINTHIA JN.,ANDAL JN.,20:00:00,21:50:00,73,14,0 days 01:50:00
63541,ASANSOL MAIN,NSC BOSE J G,05:10:00,07:10:00,88,18,0 days 02:00:00
63542,NSC BOSE J G,ASANSOL MAIN,07:20:00,09:20:00,88,18,0 days 02:00:00
63543,ASANSOL MAIN,NSC BOSE J G,18:10:00,20:15:00,88,18,0 days 02:05:00
63544,NSC BOSE J G,ASANSOL MAIN,20:45:00,23:05:00,88,17,0 days 02:20:00
63545,ASANSOL MAIN,DHANBAD JN.,14:00:00,15:20:00,58,13,0 days 01:20:00
63546,DHANBAD JN.,ASANSOL MAIN,09:50:00,11:10:00,58,12,0 days 01:20:00
63547,DHANBAD JN.,HAZARIBAGH R,15:30:00,17:24:00,74,15,0 days 01:54:00
63548,GAYA JN.,KODERMA,05:15:00,07:00:00,76,14,0 days 01:45:00
63549,HAZARIBAGH R,GAYA JN.,17:27:00,20:40:00,124,22,0 days 03:13:00
63550,KODERMA,DHANBAD JN.,07:20:00,09:45:00,122,23,0 days 02:25:00
63551,ASANSOL MAIN,DHANBAD JN.,23:00:00,00:20:00,58,13,0 days 01:20:00
63552,DHANBAD JN.,ASANSOL MAIN,03:12:00,04:45:00,58,13,0 days 01:33:00
63553,ASANSOL MAIN,VARANASI JN.,06:30:00,21:25:00,479,83,0 days 14:55:00
63554,VARANASI JN.,ASANSOL MAIN,04:15:00,20:20:00,479,83,0 days 16:05:00
63561,ASANSOL MAIN,JASIDIH JN.,07:30:00,09:35:00,110,16,0 days 02:05:00
63562,BAIDYANATHDH,ASANSOL MAIN,04:00:00,06:40:00,116,16,0 days 02:40:00
63563,ASANSOL MAIN,JASIDIH JN.,20:30:00,22:40:00,110,16,0 days 02:10:00
63564,JASIDIH JN.,ASANSOL MAIN,17:40:00,19:50:00,110,16,0 days 02:10:00
63565,JASIDIH JN.,JHAJHA,10:00:00,10:55:00,43,5,0 days 00:55:00
63566,JHAJHA,JASIDIH JN.,11:25:00,12:25:00,43,5,0 days 01:00:00
63567,ASANSOL MAIN,JHAJHA,09:35:00,12:55:00,154,20,0 days 03:20:00
63568,JHAJHA,ASANSOL MAIN,13:20:00,16:35:00,154,20,0 days 03:15:00
63569,ASANSOL MAIN,JASIDIH JN.,17:25:00,19:40:00,110,14,0 days 02:15:00
63570,BAIDYANATHDH,ASANSOL MAIN,06:10:00,08:50:00,116,16,0 days 02:40:00
63571,JASIDIH JN.,MOKAMA JN.,20:10:00,00:45:00,131,20,0 days 04:35:00
63572,MOKAMA JN.,JASIDIH JN.,04:30:00,08:40:00,131,20,0 days 04:10:00
63573,JASIDIH JN.,KIUL JN.,11:20:00,13:30:00,97,13,0 days 02:10:00
63574,KIUL JN.,JASIDIH JN.,14:10:00,16:45:00,97,13,0 days 02:35:00
63581,BARDDHAMAN J,RAMPUR HAT,09:10:00,11:40:00,111,19,0 days 02:30:00
63582,RAMPUR HAT,BARDDHAMAN J,06:20:00,08:47:00,111,19,0 days 02:27:00
63583,BARDDHAMAN J,RAMPUR HAT,17:40:00,20:15:00,111,19,0 days 02:35:00
63584,RAMPUR HAT,BARDDHAMAN J,13:15:00,15:45:00,111,19,0 days 02:30:00
63591,BOKARO STEEL,ASANSOL MAIN,15:40:00,18:50:00,137,21,0 days 03:10:00
63592,ASANSOL MAIN,BOKARO STEEL,07:05:00,11:05:00,137,21,0 days 04:00:00
63593,PURULIA JN.,ASANSOL MAIN,14:05:00,16:45:00,80,15,0 days 02:40:00
63594,ASANSOL MAIN,PURULIA JN.,10:52:00,13:05:00,80,15,0 days 02:13:00
63595,BOKARO STEEL,ASANSOL MAIN,03:40:00,08:50:00,193,26,0 days 05:10:00
63596,ASANSOL MAIN,BOKARO STEEL,18:00:00,23:10:00,193,26,0 days 05:10:00
63597,RANCHI,ASANSOL MAIN,12:30:00,17:40:00,198,29,0 days 05:10:00
63598,ASANSOL MAIN,RANCHI,05:20:00,11:40:00,200,29,0 days 06:20:00
64001,DELHI JN.,PANIPAT JN.,19:25:00,21:40:00,88,18,0 days 02:15:00
64002,PANIPAT JN.,DELHI JN.,06:20:00,08:38:00,88,18,0 days 02:18:00
64003,NEW DELHI,SONIPAT,05:00:00,06:10:00,44,10,0 days 01:10:00
64004,SONIPAT,SAHIBABAD,06:35:00,08:30:00,56,14,0 days 01:55:00
64011,PALWAL,SHAKUR BASTI,06:15:00,08:20:00,65,16,0 days 02:05:00
64012,SHAKUR BASTI,PALWAL,10:05:00,12:10:00,65,16,0 days 02:05:00
64013,PALWAL,SHAKUR BASTI,12:35:00,14:40:00,65,16,0 days 02:05:00
64014,SHAKUR BASTI,PALWAL,13:10:00,15:30:00,65,16,0 days 02:20:00
64015,PALWAL,SHAKUR BASTI,14:35:00,16:40:00,65,16,0 days 02:05:00
64016,SHAKUR BASTI,PALWAL,14:30:00,16:55:00,65,16,0 days 02:25:00
64017,PALWAL,SHAKUR BASTI,15:35:00,17:45:00,65,16,0 days 02:10:00
64018,SHAKUR BASTI,NEW DELHI,17:15:00,17:52:00,11,6,0 days 00:37:00
64019,PALWAL,SHAKUR BASTI,22:20:00,01:00:00,65,15,0 days 02:40:00
64031,GHAZIABAD JN,SHAKUR BASTI,09:00:00,10:30:00,36,13,0 days 01:30:00
64032,SHAKUR BASTI,GHAZIABAD JN,15:00:00,16:25:00,36,12,0 days 01:25:00
64034,SHAKUR BASTI,GHAZIABAD JN,20:25:00,21:50:00,36,12,0 days 01:25:00
64036,SHAKUR BASTI,GHAZIABAD JN,22:50:00,00:15:00,36,10,0 days 01:25:00
64051,PALWAL,GHAZIABAD JN,23:15:00,01:55:00,77,16,0 days 02:40:00
64052,GHAZIABAD JN,PALWAL,11:30:00,14:05:00,77,17,0 days 02:35:00
64053,PALWAL,GHAZIABAD JN,06:00:00,08:20:00,79,17,0 days 02:20:00
64055,PALWAL,GHAZIABAD JN,08:20:00,11:05:00,79,18,0 days 02:45:00
64057,PALWAL,GHAZIABAD JN,10:55:00,13:30:00,77,17,0 days 02:35:00
64061,PALWAL,DELHI JN.,17:30:00,19:20:00,57,13,0 days 01:50:00
64062,DELHI JN.,PALWAL,05:15:00,07:10:00,57,13,0 days 01:55:00
64064,DELHI JN.,PALWAL,19:45:00,21:25:00,57,13,0 days 01:40:00
64071,BALLABGARH,SHAKUR BASTI,08:10:00,09:45:00,44,14,0 days 01:35:00
64073,KOSI KALAN,NEW DELHI,19:45:00,22:10:00,94,16,0 days 02:25:00
64074,NEW DELHI,KOSI KALAN,04:45:00,06:50:00,96,16,0 days 02:05:00
64075,PALWAL,NEW DELHI,07:15:00,08:50:00,53,11,0 days 01:35:00
64076,NEW DELHI,PALWAL,00:15:00,01:35:00,53,11,0 days 01:20:00
64077,PALWAL,NEW DELHI,07:55:00,09:30:00,53,11,0 days 01:35:00
64078,NEW DELHI,PALWAL,08:45:00,10:15:00,53,11,0 days 01:30:00
64080,NEW DELHI,PALWAL,17:05:00,18:30:00,53,11,0 days 01:25:00
64082,NEW DELHI,PALWAL,18:00:00,19:30:00,53,11,0 days 01:30:00
64084,NEW DELHI,PALWAL,21:25:00,22:45:00,53,11,0 days 01:20:00
64087,HAZRAT NIZAM,NEW DELHI,18:27:00,19:35:00,28,17,0 days 01:08:00
64088,HAZRAT NIZAM,NEW DELHI,20:38:00,21:05:00,7,4,0 days 00:27:00
64089,HAZRAT NIZAM,HAZRAT NIZAM,16:45:00,18:25:00,35,21,0 days 01:40:00
64090,HAZRAT NIZAM,HAZRAT NIZAM,09:15:00,10:55:00,35,21,0 days 01:40:00
64091,HAZRAT NIZAM,HAZRAT NIZAM,08:00:00,09:45:00,43,23,0 days 01:45:00
64092,HAZRAT NIZAM,HAZRAT NIZAM,18:50:00,20:35:00,35,21,0 days 01:45:00
64093,HAZRAT NIZAM,SHAKUR BASTI,09:47:00,10:35:00,25,14,0 days 00:48:00
64094,SHAKUR BASTI,HAZRAT NIZAM,08:30:00,09:13:00,25,14,0 days 00:43:00
64095,NEW DELHI,SHAKUR BASTI,09:50:00,11:00:00,32,18,0 days 01:10:00
64096,SHAKUR BASTI,HAZRAT NIZAM,10:55:00,11:45:00,25,14,0 days 00:50:00
64097,NEW DELHI,SHAKUR BASTI,19:45:00,20:20:00,11,6,0 days 00:35:00
64098,SHAKUR BASTI,HAZRAT NIZAM,18:00:00,18:48:00,25,14,0 days 00:48:00
64101,ALIGARH JN.,DELHI JN.,01:55:00,05:10:00,125,21,0 days 03:15:00
64102,DELHI JN.,ALIGARH JN.,18:15:00,21:20:00,125,21,0 days 03:05:00
64103,ALIGARH JN.,DELHI JN.,06:10:00,09:10:00,125,21,0 days 03:00:00
64104,DELHI JN.,DANKAUR,05:10:00,06:45:00,54,10,0 days 01:35:00
64105,ALIGARH JN.,NEW DELHI,06:20:00,09:30:00,131,24,0 days 03:10:00
64106,DELHI JN.,KHURJA JN,17:25:00,19:45:00,82,15,0 days 02:20:00
64107,DANKAUR,DELHI JN.,15:00:00,16:35:00,54,10,0 days 01:35:00
64108,DELHI JN.,KHURJA JN,20:30:00,23:00:00,82,15,0 days 02:30:00
64109,DANKAUR,SHAKUR BASTI,07:00:00,09:20:00,71,18,0 days 02:20:00
64110,NEW DELHI,ALIGARH JN.,17:40:00,20:45:00,131,24,0 days 03:05:00
64111,KHURJA JN,SHAKUR BASTI,06:00:00,09:00:00,92,19,0 days 03:00:00
64112,SHAKUR BASTI,DANKAUR,11:20:00,13:50:00,64,14,0 days 02:30:00
64113,KHURJA JN,SHAKUR BASTI,19:50:00,22:35:00,99,22,0 days 02:45:00
64114,NEW DELHI,ALIGARH JN.,18:05:00,21:05:00,131,24,0 days 03:00:00
64151,ALIGARH JN.,DELHI JN.,14:05:00,17:00:00,125,21,0 days 02:55:00
64152,DELHI JN.,ALIGARH JN.,08:50:00,12:00:00,125,21,0 days 03:10:00
64153,KANPUR CENTR,ETAWAH,06:35:00,09:35:00,139,16,0 days 03:00:00
64154,ALIGARH JN.,TUNDLA JN,12:30:00,13:55:00,78,11,0 days 01:25:00
64155,ETAWAH,TUNDLA JN,10:05:00,12:20:00,86,11,0 days 02:15:00
64156,ETAWAH,KANPUR CENTR,16:25:00,19:25:00,139,16,0 days 03:00:00
64157,ETAWAH,AGRA CANTT,05:40:00,09:20:00,114,16,0 days 03:40:00
64158,TUNDLA JN,ETAWAH,14:25:00,15:55:00,86,11,0 days 01:30:00
64159,KANPUR CENTR,PHAPHUND,18:10:00,19:50:00,83,10,0 days 01:40:00
64160,AGRA CANTT,ETAWAH,16:20:00,20:05:00,115,18,0 days 03:45:00
64161,PHAPHUND,SHIKOHABAD J,20:20:00,22:40:00,106,13,0 days 02:20:00
64162,PHAPHUND,KANPUR CENTR,08:15:00,09:55:00,83,12,0 days 01:40:00
64163,KANPUR CENTR,PANKI,04:35:00,05:00:00,12,3,0 days 00:25:00
64164,SHIKOHABAD J,PHAPHUND,05:50:00,07:45:00,106,13,0 days 01:55:00
64165,TUNDLA JN,ALIGARH JN.,09:40:00,11:40:00,78,11,0 days 02:00:00
64167,PALWAL,ALIGARH JN.,03:50:00,09:55:00,185,32,0 days 06:05:00
64168,ALIGARH JN.,PALWAL,16:40:00,21:50:00,185,32,0 days 05:10:00
64201,LUCKNOW JN.,KANPUR CENTR,04:10:00,05:55:00,73,13,0 days 01:45:00
64202,KANPUR CENTR,LUCKNOW JN.,05:00:00,07:00:00,73,13,0 days 02:00:00
64203,LUCKNOW JN.,KANPUR CENTR,07:20:00,09:00:00,73,13,0 days 01:40:00
64204,KANPUR CENTR,LUCKNOW JN.,07:20:00,09:15:00,73,13,0 days 01:55:00
64205,LUCKNOW JN.,KANPUR CENTR,09:35:00,11:15:00,73,13,0 days 01:40:00
64206,KANPUR CENTR,LUCKNOW JN.,09:10:00,10:55:00,73,13,0 days 01:45:00
64207,LUCKNOW JN.,KANPUR CENTR,11:20:00,13:00:00,73,13,0 days 01:40:00
64208,KANPUR CENTR,LUCKNOW JN.,10:50:00,12:35:00,73,13,0 days 01:45:00
64209,LUCKNOW JN.,KANPUR CENTR,14:00:00,16:15:00,73,14,0 days 02:15:00
64210,KANPUR CENTR,LUCKNOW JN.,11:55:00,13:35:00,73,13,0 days 01:40:00
64211,LUCKNOW JN.,KANPUR CENTR,16:00:00,17:40:00,73,13,0 days 01:40:00
64212,KANPUR CENTR,LUCKNOW JN.,14:05:00,15:45:00,73,13,0 days 01:40:00
64213,LUCKNOW JN.,KANPUR CENTR,20:20:00,22:05:00,73,13,0 days 01:45:00
64214,KALIANPUR,LUCKNOW JN.,17:45:00,19:55:00,85,16,0 days 02:10:00
64216,KALIANPUR,LUCKNOW JN.,21:05:00,23:25:00,85,16,0 days 02:20:00
64221,LUCKNOW JN.,SHAHJAHANPUR,19:10:00,00:20:00,164,22,0 days 05:10:00
64222,SHAHJAHANPUR,LUCKNOW JN.,06:30:00,11:15:00,164,22,0 days 04:45:00
64231,BARA BANKI J,LUCKNOW JN.,10:10:00,11:10:00,28,5,0 days 01:00:00
64232,LUCKNOW JN.,BARA BANKI J,11:30:00,12:35:00,28,5,0 days 01:05:00
64234,LUCKNOW JN.,BARA BANKI J,13:45:00,14:35:00,28,5,0 days 00:50:00
64235,BARA BANKI J,KANPUR CENTR,06:50:00,10:10:00,101,17,0 days 03:20:00
64236,KANPUR CENTR,BARA BANKI J,18:50:00,21:25:00,101,17,0 days 02:35:00
64251,LUCKNOW JN.,KANPUR CENTR,05:40:00,07:10:00,73,13,0 days 01:30:00
64252,KANPUR CENTR,LUCKNOW JN.,16:20:00,18:05:00,73,13,0 days 01:45:00
64253,LUCKNOW JN.,KALIANPUR,15:15:00,17:35:00,84,16,0 days 02:20:00
64254,KANPUR CENTR,LUCKNOW JN.,22:15:00,00:05:00,73,13,0 days 01:50:00
64255,LUCKNOW JN.,KALIANPUR,18:30:00,20:55:00,84,16,0 days 02:25:00
64257,LUCKNOW JN.,KANPUR CENTR,22:10:00,23:55:00,73,13,0 days 01:45:00
64260,PANKI,LUCKNOW JN.,06:00:00,08:20:00,86,15,0 days 02:20:00
64271,BARA BANKI J,LUCKNOW JN.,13:20:00,14:50:00,36,10,0 days 01:30:00
64272,LUCKNOW JN.,BARA BANKI J,08:30:00,09:50:00,36,10,0 days 01:20:00
64273,BARA BANKI J,LUCKNOW JN.,16:35:00,18:10:00,36,10,0 days 01:35:00
64274,LUCKNOW JN.,BARA BANKI J,18:15:00,19:45:00,36,10,0 days 01:30:00
64275,BARA BANKI J,LUCKNOW JN.,19:55:00,21:45:00,36,10,0 days 01:50:00
64281,SULTANPUR JN,LUCKNOW JN.,07:30:00,11:00:00,139,18,0 days 03:30:00
64282,LUCKNOW JN.,SULTANPUR JN,16:45:00,21:05:00,139,18,0 days 04:20:00
64401,GHAZIABAD JN,DELHI JN.,10:25:00,11:10:00,19,5,0 days 00:45:00
64402,DELHI JN.,GHAZIABAD JN,07:10:00,08:00:00,19,5,0 days 00:50:00
64403,GHAZIABAD JN,DELHI JN.,17:15:00,18:00:00,19,5,0 days 00:45:00
64404,DELHI JN.,GHAZIABAD JN,09:40:00,10:40:00,19,5,0 days 01:00:00
64406,DELHI JN.,GHAZIABAD JN,09:20:00,10:10:00,19,5,0 days 00:50:00
64407,GHAZIABAD JN,DELHI JN.,18:20:00,19:05:00,19,5,0 days 00:45:00
64408,DELHI JN.,GHAZIABAD JN,10:10:00,11:00:00,19,5,0 days 00:50:00
64409,GHAZIABAD JN,NEW DELHI,22:40:00,23:45:00,23,7,0 days 01:05:00
64410,NEW DELHI,GHAZIABAD JN,18:25:00,19:15:00,25,8,0 days 00:50:00
64411,SAHIBABAD,DELHI JN.,09:00:00,10:00:00,21,8,0 days 01:00:00
64412,DELHI JN.,GHAZIABAD JN,20:20:00,21:05:00,19,5,0 days 00:45:00
64414,DELHI JN.,GHAZIABAD JN,08:40:00,09:30:00,19,5,0 days 00:50:00
64415,GHAZIABAD JN,NEW DELHI,23:00:00,23:45:00,25,6,0 days 00:45:00
64417,GHAZIABAD JN,DELHI JN.,07:10:00,08:25:00,28,10,0 days 01:15:00
64418,DELHI JN.,GHAZIABAD JN,18:45:00,20:00:00,28,10,0 days 01:15:00
64419,HAZRAT NIZAM,GHAZIABAD JN,15:45:00,17:10:00,30,10,0 days 01:25:00
64420,GHAZIABAD JN,HAZRAT NIZAM,00:10:00,01:35:00,30,9,0 days 01:25:00
64421,GHAZIABAD JN,NEW DELHI,04:10:00,04:55:00,25,6,0 days 00:45:00
64422,NEW DELHI,GHAZIABAD JN,00:10:00,01:00:00,25,6,0 days 00:50:00
64423,GHAZIABAD JN,NEW DELHI,09:50:00,10:35:00,25,7,0 days 00:45:00
64424,NEW DELHI,GHAZIABAD JN,09:10:00,09:55:00,25,7,0 days 00:45:00
64425,GHAZIABAD JN,NEW DELHI,12:50:00,13:40:00,25,8,0 days 00:50:00
64426,NEW DELHI,GHAZIABAD JN,09:50:00,10:50:00,25,8,0 days 01:00:00
64427,GHAZIABAD JN,NEW DELHI,15:10:00,16:00:00,25,8,0 days 00:50:00
64428,NEW DELHI,GHAZIABAD JN,09:35:00,10:30:00,25,7,0 days 00:55:00
64429,GHAZIABAD JN,NEW DELHI,16:30:00,17:20:00,25,8,0 days 00:50:00
64430,NEW DELHI,GHAZIABAD JN,10:50:00,11:40:00,25,7,0 days 00:50:00
64431,GHAZIABAD JN,NEW DELHI,16:40:00,17:30:00,25,7,0 days 00:50:00
64432,NEW DELHI,GHAZIABAD JN,14:00:00,14:50:00,25,7,0 days 00:50:00
64433,GHAZIABAD JN,NEW DELHI,16:50:00,17:45:00,25,8,0 days 00:55:00
64434,DELHI JN.,GHAZIABAD JN,11:20:00,12:30:00,28,10,0 days 01:10:00
64437,GHAZIABAD JN,DELHI JN.,06:05:00,07:08:00,28,9,0 days 01:03:00
64439,GHAZIABAD JN,DELHI JN.,08:10:00,09:18:00,28,9,0 days 01:08:00
64441,GHAZIABAD JN,NEW DELHI,17:20:00,18:10:00,25,7,0 days 00:50:00
64443,GHAZIABAD JN,DELHI JN.,18:30:00,20:00:00,28,10,0 days 01:30:00
64445,GHAZIABAD JN,DELHI JN.,19:25:00,20:05:00,19,5,0 days 00:40:00
64449,GHAZIABAD JN,NEW DELHI,08:30:00,09:20:00,25,8,0 days 00:50:00
64450,NEW DELHI,GHAZIABAD JN,17:50:00,18:40:00,25,8,0 days 00:50:00
64451,DELHI JN.,PANIPAT JN.,16:40:00,19:15:00,88,18,0 days 02:35:00
64452,KURUKSHETRA,DELHI JN.,05:55:00,09:35:00,155,28,0 days 03:40:00
64453,DELHI JN.,PANIPAT JN.,17:40:00,19:50:00,88,18,0 days 02:10:00
64454,KURUKSHETRA,DELHI JN.,12:45:00,17:10:00,155,28,0 days 04:25:00
64461,HAZRAT NIZAM,KURUKSHETRA,18:10:00,22:25:00,164,32,0 days 04:15:00
64462,KURUKSHETRA,HAZRAT NIZAM,05:35:00,09:45:00,164,32,0 days 04:10:00
64463,NEW DELHI,KURUKSHETRA,01:20:00,04:40:00,156,18,0 days 03:20:00
64464,PANIPAT JN.,NEW DELHI,05:10:00,07:30:00,89,19,0 days 02:20:00
64465,NEW DELHI,KURUKSHETRA,08:10:00,12:05:00,156,29,0 days 03:55:00
64466,PANIPAT JN.,NEW DELHI,21:10:00,00:05:00,89,19,0 days 02:55:00
64470,PANIPAT JN.,NEW DELHI,06:40:00,08:55:00,89,19,0 days 02:15:00
64471,GHAZIABAD JN,PANIPAT JN.,17:05:00,20:20:00,114,26,0 days 03:15:00
64472,PANIPAT JN.,GHAZIABAD JN,06:00:00,09:15:00,114,26,0 days 03:15:00
64481,PANIPAT JN.,AMBALA CANTT,20:00:00,22:50:00,108,17,0 days 02:50:00
64482,AMBALA CANTT,KURUKSHETRA,04:35:00,05:30:00,41,7,0 days 00:55:00
64483,KURUKSHETRA,AMBALA CANTT,22:55:00,00:00:00,41,7,0 days 01:05:00
64491,PALWAL,NEW DELHI,08:25:00,10:00:00,53,11,0 days 01:35:00
64492,NEW DELHI,PALWAL,17:50:00,19:20:00,53,11,0 days 01:30:00
64493,PALWAL,HAZRAT NIZAM,16:35:00,17:40:00,46,8,0 days 01:05:00
64494,HAZRAT NIZAM,PALWAL,10:15:00,11:30:00,46,8,0 days 01:15:00
64496,HAZRAT NIZAM,KOSI KALAN,21:15:00,23:30:00,89,14,0 days 02:15:00
64501,SAHARANPUR J,AMBALA CANTT,05:30:00,07:10:00,81,13,0 days 01:40:00
64502,AMBALA CANTT,SAHARANPUR J,12:10:00,13:55:00,81,13,0 days 01:45:00
64504,AMBALA CANTT,SAHARANPUR J,19:30:00,21:10:00,81,13,0 days 01:40:00
64511,SAHARANPUR J,NANGAL DAM,06:40:00,12:30:00,238,32,0 days 05:50:00
64512,NANGAL DAM,SAHARANPUR J,14:00:00,20:00:00,238,32,0 days 06:00:00
64513,SAHARANPUR J,NANGAL DAM,16:40:00,22:35:00,238,32,0 days 05:55:00
64514,NANGAL DAM,AMBALA CANTT,05:55:00,09:30:00,157,20,0 days 03:35:00
64515,AMBALA CANTT,NANGAL DAM,06:10:00,10:10:00,157,20,0 days 04:00:00
64516,NANGAL DAM,AMBALA CANTT,11:30:00,15:50:00,157,20,0 days 04:20:00
64517,AMBALA CANTT,NANGAL DAM,11:40:00,15:30:00,157,20,0 days 03:50:00
64518,NANGAL DAM,AMBALA CANTT,16:50:00,21:05:00,157,20,0 days 04:15:00
64521,AMBALA CANTT,LUDHIANA JN.,05:50:00,08:15:00,113,14,0 days 02:25:00
64522,LUDHIANA JN.,AMBALA CANTT,16:20:00,18:45:00,113,14,0 days 02:25:00
64523,AMBALA CANTT,LUDHIANA JN.,08:35:00,11:30:00,113,14,0 days 02:55:00
64524,LUDHIANA JN.,AMBALA CANTT,17:50:00,20:10:00,113,14,0 days 02:20:00
64531,DELHI JN.,PANIPAT JN.,05:45:00,07:55:00,88,17,0 days 02:10:00
64532,AMBALA CANTT,PANIPAT JN.,06:50:00,09:30:00,108,17,0 days 02:40:00
64533,DELHI JN.,PANIPAT JN.,12:50:00,15:05:00,88,18,0 days 02:15:00
64534,PANIPAT JN.,GHAZIABAD JN,17:30:00,21:00:00,114,26,0 days 03:30:00
64536,PANIPAT JN.,DELHI JN.,09:55:00,12:35:00,88,18,0 days 02:40:00
64541,PANIPAT JN.,AMBALA CANTT,05:45:00,08:20:00,108,17,0 days 02:35:00
64542,AMBALA CANTT,PANIPAT JN.,20:50:00,23:10:00,108,17,0 days 02:20:00
64543,PANIPAT JN.,AMBALA CANTT,17:50:00,20:40:00,108,17,0 days 02:50:00
64545,KURUKSHETRA,AMBALA CANTT,10:20:00,11:35:00,41,7,0 days 01:15:00
64546,AMBALA CANTT,KURUKSHETRA,07:45:00,08:55:00,41,7,0 days 01:10:00
64547,KURUKSHETRA,AMBALA CANTT,17:50:00,19:10:00,41,7,0 days 01:20:00
64548,AMBALA CANTT,KURUKSHETRA,16:10:00,17:05:00,41,7,0 days 00:55:00
64551,LUDHIANA JN.,AMRITSAR JN.,08:25:00,12:10:00,135,21,0 days 03:45:00
64552,AMRITSAR JN.,LUDHIANA JN.,13:25:00,17:40:00,135,19,0 days 04:15:00
64553,MORADABAD JN,ANAND VIHAR,05:35:00,09:40:00,153,24,0 days 04:05:00
64554,ANAND VIHAR,MORADABAD JN,17:45:00,22:30:00,153,24,0 days 04:45:00
64555,ANAND VIHAR,MEERUT CITY,09:55:00,11:55:00,59,11,0 days 02:00:00
64556,MEERUT CITY,ANAND VIHAR,14:15:00,16:15:00,59,11,0 days 02:00:00
64557,DELHI JN.,SAHARANPUR J,16:45:00,21:50:00,180,28,0 days 05:05:00
64558,SAHARANPUR J,DELHI JN.,04:25:00,08:55:00,180,28,0 days 04:30:00
64559,DELHI JN.,SAHARANPUR J,13:20:00,19:10:00,180,28,0 days 05:50:00
64560,SAHARANPUR J,DELHI JN.,04:55:00,09:30:00,180,28,0 days 04:35:00
64561,DELHI JN.,AMBALA CANTT,11:25:00,19:20:00,261,40,0 days 07:55:00
64562,AMBALA CANTT,DELHI JN.,06:00:00,14:50:00,261,40,0 days 08:50:00
64563,AMBALA CANTT,AMB  ANDAURA,07:35:00,12:40:00,215,23,0 days 05:05:00
64564,AMB  ANDAURA,AMBALA CANTT,13:00:00,19:40:00,215,23,0 days 06:40:00
64565,MORADABAD JN,SAHARANPUR J,17:55:00,23:10:00,192,30,0 days 05:15:00
64566,SAHARANPUR J,MORADABAD JN,04:20:00,09:35:00,192,30,0 days 05:15:00
64567,BULANDSHAHR,TILAK BRIDGE,05:45:00,09:23:00,103,20,0 days 03:38:00
64568,TILAK BRIDGE,BULANDSHAHR,18:10:00,21:50:00,103,20,0 days 03:40:00
64569,KOSI KALAN,HAZRAT NIZAM,12:55:00,16:25:00,87,13,0 days 03:30:00
64570,HAZRAT NIZAM,KOSI KALAN,09:30:00,11:45:00,89,13,0 days 02:15:00
64581,HATHRAS QILA,DELHI JN.,05:55:00,10:00:00,161,26,0 days 04:05:00
64582,DELHI JN.,HATHRAS QILA,17:45:00,21:45:00,161,26,0 days 04:00:00
64583,TUNDLA JN,DELHI JN.,06:30:00,13:00:00,203,31,0 days 06:30:00
64584,DELHI JN.,TUNDLA JN,12:55:00,18:10:00,203,32,0 days 05:15:00
64585,HATHRAS QILA,HATHRAS JN.,22:00:00,22:25:00,5,2,0 days 00:25:00
64586,HATHRAS JN.,HATHRAS QILA,05:00:00,05:25:00,5,2,0 days 00:25:00
64587,KANPUR CENTR,TUNDLA JN,14:05:00,20:25:00,225,29,0 days 06:20:00
64588,TUNDLA JN,KANPUR CENTR,06:45:00,13:05:00,225,29,0 days 06:20:00
64589,KANPUR CENTR,PHAPHUND,19:10:00,20:55:00,78,12,0 days 01:45:00
64590,PHAPHUND,KANPUR CENTR,06:00:00,08:05:00,78,12,0 days 02:05:00
64591,ALLAHABAD JN,KANPUR CENTR,06:30:00,11:30:00,194,31,0 days 05:00:00
64592,KANPUR CENTR,ALLAHABAD JN,14:40:00,19:45:00,194,31,0 days 05:05:00
64593,FATEHPUR,KANPUR CENTR,07:20:00,09:25:00,77,13,0 days 02:05:00
64594,KANPUR CENTR,FATEHPUR,18:15:00,20:45:00,77,13,0 days 02:30:00
64595,MUGHAL SARAI,ALLAHABAD JN,16:00:00,20:15:00,152,20,0 days 04:15:00
64596,ALLAHABAD JN,MUGHAL SARAI,07:25:00,11:10:00,152,20,0 days 03:45:00
64901,KOSI KALAN,GHAZIABAD JN,08:00:00,12:00:00,118,22,0 days 04:00:00
64902,GHAZIABAD JN,KOSI KALAN,15:00:00,18:25:00,119,22,0 days 03:25:00
64903,MATHURA JN.,GHAZIABAD JN,05:45:00,10:20:00,158,27,0 days 04:35:00
64904,GHAZIABAD JN,MATHURA JN.,16:05:00,20:25:00,160,27,0 days 04:20:00
64905,MATHURA JN.,NEW DELHI,05:00:00,08:20:00,134,21,0 days 03:20:00
64906,GHAZIABAD JN,PALWAL,16:50:00,19:40:00,77,17,0 days 02:50:00
64908,SHAKUR BASTI,BALLABGARH,05:50:00,07:35:00,44,14,0 days 01:45:00
64910,SHAKUR BASTI,MATHURA JN.,18:20:00,22:10:00,148,26,0 days 03:50:00
64911,NEW DELHI,ROHTAK JN.,09:25:00,11:30:00,71,17,0 days 02:05:00
64912,ROHTAK JN.,NEW DELHI,07:10:00,09:15:00,71,17,0 days 02:05:00
64913,DELHI JN.,ROHTAK JN.,05:00:00,07:00:00,69,17,0 days 02:00:00
64914,ROHTAK JN.,DELHI JN.,13:30:00,15:45:00,69,17,0 days 02:15:00
64915,DELHI JN.,ROHTAK JN.,10:10:00,12:20:00,69,17,0 days 02:10:00
64916,ROHTAK JN.,DELHI JN.,21:00:00,23:10:00,69,17,0 days 02:10:00
64931,DELHI JN.,ROHTAK JN.,18:35:00,20:55:00,69,17,0 days 02:20:00
64932,ROHTAK JN.,DELHI JN.,15:50:00,18:10:00,69,17,0 days 02:20:00
64951,BAYANA,AGRA CANTT,14:10:00,17:20:00,83,15,0 days 03:10:00
64952,AGRA CANTT,BAYANA,10:40:00,13:45:00,83,15,0 days 03:05:00
64953,AGRA CANTT,HAZRAT NIZAM,16:15:00,21:00:00,180,26,0 days 04:45:00
64955,AGRA CANTT,TUNDLA JN,07:45:00,09:30:00,28,8,0 days 01:45:00
64956,TUNDLA JN,AGRA CANTT,13:30:00,15:05:00,28,8,0 days 01:35:00
64957,AGRA CANTT,PALWAL,18:15:00,21:30:00,133,19,0 days 03:15:00
64958,PALWAL,AGRA CANTT,04:25:00,07:15:00,137,19,0 days 02:50:00
64959,KOSI KALAN,AGRA CANTT,07:30:00,10:25:00,94,14,0 days 02:55:00
66000,AVADI,MOOR MARKET,04:40:00,05:25:00,21,7,0 days 00:45:00
66001,MOOR MARKET,TIRUVALLUR,20:40:00,22:00:00,41,11,0 days 01:20:00
66002,AVADI,MOOR MARKET,06:15:00,07:00:00,21,7,0 days 00:45:00
66003,MOOR MARKET,AVADI,21:05:00,21:50:00,20,7,0 days 00:45:00
66004,AVADI,MOOR MARKET,06:40:00,07:25:00,21,7,0 days 00:45:00
66005,MOOR MARKET,AVADI,21:50:00,22:35:00,20,7,0 days 00:45:00
66006,AVADI,MOOR MARKET,18:15:00,19:00:00,21,11,0 days 00:45:00
66007,MOOR MARKET,AVADI,23:00:00,23:45:00,20,7,0 days 00:45:00
66008,ARAKKONAM JN,MOOR MARKET,10:50:00,12:55:00,68,14,0 days 02:05:00
66009,MOOR MARKET,ARAKKONAM JN,22:45:00,00:50:00,68,14,0 days 02:05:00
66010,ARAKKONAM JN,MOOR MARKET,19:55:00,21:55:00,68,14,0 days 02:00:00
66011,MOOR MARKET,ARAKKONAM JN,15:50:00,17:50:00,68,14,0 days 02:00:00
66012,TIRUVALLUR,MOOR MARKET,18:30:00,19:50:00,41,11,0 days 01:20:00
66013,MOOR MARKET,ARAKKONAM JN,17:45:00,19:20:00,68,9,0 days 01:35:00
66014,TIRUPATI,ARAKKONAM JN,16:05:00,18:35:00,77,11,0 days 02:30:00
66015,MOOR MARKET,ARAKKONAM JN,07:20:00,09:05:00,68,14,0 days 01:45:00
66016,ARAKKONAM JN,CHENNAI BEAC,06:25:00,08:20:00,70,12,0 days 01:55:00
66017,CHENNAI BEAC,VELLORE CANT,18:00:00,21:25:00,140,18,0 days 03:25:00
66018,VELLORE CANT,CHENNAI BEAC,06:00:00,09:35:00,140,18,0 days 03:35:00
66019,KATPADI JN,SALEM JN.,06:05:00,11:15:00,202,27,0 days 05:10:00
66020,SALEM JN.,KATPADI JN,15:30:00,20:45:00,204,27,0 days 05:15:00
66021,MOOR MARKET,ARAKKONAM JN,19:10:00,20:35:00,68,6,0 days 01:25:00
66022,ARAKKONAM JN,MOOR MARKET,07:20:00,09:10:00,62,13,0 days 01:50:00
66025,MOOR MARKET,SULLURUPETTA,05:30:00,07:45:00,82,16,0 days 02:15:00
66026,SULLURUPETTA,MOOR MARKET,12:00:00,14:00:00,82,21,0 days 02:00:00
66027,MOOR MARKET,SULLURUPETTA,13:40:00,15:50:00,82,16,0 days 02:10:00
66028,SULLURUPETTA,MOOR MARKET,19:55:00,21:55:00,82,21,0 days 02:00:00
66029,SULLURUPETTA,NELLORE,08:00:00,09:45:00,93,12,0 days 01:45:00
66030,NELLORE,SULLURUPETTA,10:00:00,11:45:00,93,12,0 days 01:45:00
66031,SULLURUPETTA,NELLORE,15:45:00,17:25:00,93,12,0 days 01:40:00
66032,NELLORE,SULLURUPETTA,17:50:00,19:50:00,93,12,0 days 02:00:00
66033,TIRUPATI,NELLORE,11:30:00,14:50:00,131,16,0 days 03:20:00
66034,NELLORE,TIRUPATI,12:30:00,15:55:00,131,16,0 days 03:25:00
66035,MOOR MARKET,SULLURUPETTA,07:45:00,09:55:00,82,16,0 days 02:10:00
66036,SULLURUPETTA,MOOR MARKET,18:35:00,20:45:00,82,21,0 days 02:10:00
66037,SULLURUPETTA,NELLORE,10:05:00,12:00:00,93,10,0 days 01:55:00
66038,NELLORE,SULLURUPETTA,16:00:00,18:20:00,93,12,0 days 02:20:00
66039,ARAKKONAM JN,TIRUPATI,09:15:00,11:15:00,78,12,0 days 02:00:00
66040,ARAKKONAM JN,MOOR MARKET,18:40:00,20:30:00,68,14,0 days 01:50:00
66041,CHENNAI BEAC,TIRUMALPUR,09:50:00,13:05:00,108,15,0 days 03:15:00
66042,TIRUMALPUR,CHENNAI BEAC,13:45:00,16:40:00,108,11,0 days 02:55:00
66043,CHENNAI BEAC,MELMARUVATHU,08:25:00,11:05:00,95,11,0 days 02:40:00
66044,MELMARUVATHU,CHENNAI BEAC,15:30:00,17:50:00,95,14,0 days 02:20:00
66045,MELMARUVATHU,VILLUPURAM J,11:30:00,13:05:00,67,5,0 days 01:35:00
66046,VILLUPURAM J,MELMARUVATHU,13:55:00,15:15:00,67,5,0 days 01:20:00
66047,MOOR MARKET,TIRUPATI,09:50:00,13:05:00,148,14,0 days 03:15:00
66048,TIRUPATI,MOOR MARKET,13:30:00,17:05:00,146,15,0 days 03:35:00
66049,ARAKKONAM JN,TIRUPATI,20:40:00,23:25:00,78,12,0 days 02:45:00
66050,TIRUPATI,ARAKKONAM JN,05:10:00,07:10:00,77,12,0 days 02:00:00
66051,MOOR MARKET,AVADI,14:05:00,14:45:00,20,7,0 days 00:40:00
66052,AVADI,MOOR MARKET,14:50:00,15:35:00,21,7,0 days 00:45:00
66053,CHENNAI BEAC,TIRUVALLUR,16:40:00,18:10:00,42,12,0 days 01:30:00
66054,TIRUVALLUR,AVADI,22:10:00,22:40:00,20,5,0 days 00:30:00
66300,QUILON,ERNAKULAM. J,07:45:00,12:00:00,155,25,0 days 04:15:00
66301,ERNAKULAM. J,QUILON,14:40:00,18:55:00,155,25,0 days 04:15:00
66302,QUILON,ERNAKULAM. J,08:50:00,12:20:00,140,25,0 days 03:30:00
66303,ERNAKULAM. J,QUILON,12:25:00,15:55:00,142,25,0 days 03:30:00
66304,QUILON,KANNIYAKUMAR,09:40:00,14:20:00,151,32,0 days 04:40:00
66305,KANNIYAKUMAR,QUILON,16:30:00,21:40:00,151,32,0 days 05:10:00
66307,ERNAKULAM. J,QUILON,05:50:00,09:50:00,155,25,0 days 04:00:00
66308,QUILON,ERNAKULAM. J,11:10:00,15:25:00,155,25,0 days 04:15:00
66309,ERNAKULAM. J,QUILON,19:40:00,23:20:00,142,17,0 days 03:40:00
66310,QUILON,ERNAKULAM. J,20:50:00,00:25:00,140,17,0 days 03:35:00
66511,KRANTIVIRA S,MARIKUPPAM,12:20:00,15:05:00,85,17,0 days 02:45:00
66512,MARIKUPPAM,KRANTIVIRA S,08:00:00,10:30:00,86,16,0 days 02:30:00
66513,BANGARPET JN,MARIKUPPAM,07:10:00,07:45:00,17,6,0 days 00:35:00
66514,MARIKUPPAM,BAIYYAPPANAH,15:15:00,17:10:00,73,15,0 days 01:55:00
66515,BAIYYAPPANAH,MARIKUPPAM,17:25:00,19:15:00,74,14,0 days 01:50:00
66516,MARIKUPPAM,BANGARPET JN,19:25:00,19:55:00,16,6,0 days 00:30:00
66517,MARIKUPPAM,BANGARPET JN,22:40:00,23:15:00,16,6,0 days 00:35:00
66518,BANGARPET JN,MARIKUPPAM,04:00:00,04:35:00,17,6,0 days 00:35:00
66519,MARIKUPPAM,KRANTIVIRA S,04:45:00,07:40:00,86,11,0 days 02:55:00
66520,KRANTIVIRA S,MARIKUPPAM,20:15:00,22:30:00,87,11,0 days 02:15:00
66523,KRANTIVIRA S,HINDUPUR,17:45:00,20:25:00,98,16,0 days 02:40:00
66524,HINDUPUR,KRANTIVIRA S,06:30:00,09:25:00,98,16,0 days 02:55:00
66527,KUPPAM,BANGARPET JN,21:35:00,22:20:00,34,5,0 days 00:45:00
66528,BANGARPET JN,KUPPAM,05:50:00,06:35:00,34,5,0 days 00:45:00
66529,KUPPAM,KRANTIVIRA S,06:45:00,09:40:00,102,16,0 days 02:55:00
66530,KRANTIVIRA S,BANGARPET JN,09:50:00,11:15:00,68,12,0 days 01:25:00
66531,BANGARPET JN,KRANTIVIRA S,12:40:00,14:20:00,68,12,0 days 01:40:00
66532,KRANTIVIRA S,MARIKUPPAM,14:45:00,17:10:00,85,17,0 days 02:25:00
66533,MARIKUPPAM,BAIYYAPPANAH,17:20:00,19:15:00,73,14,0 days 01:55:00
66534,BAIYYAPPANAH,KUPPAM,19:30:00,21:25:00,92,13,0 days 01:55:00
66535,KRANTIVIRA S,RAMANAGARAM,05:00:00,06:05:00,44,8,0 days 01:05:00
66536,RAMANAGARAM,KRANTIVIRA S,07:35:00,08:40:00,44,9,0 days 01:05:00
66537,KRANTIVIRA S,RAMANAGARAM,17:25:00,18:30:00,44,9,0 days 01:05:00
66538,RAMANAGARAM,KRANTIVIRA S,18:40:00,19:45:00,44,9,0 days 01:05:00
66539,KRANTIVIRA S,RAMANAGARAM,19:55:00,21:00:00,44,9,0 days 01:05:00
66540,RAMANAGARAM,KRANTIVIRA S,22:35:00,23:50:00,44,9,0 days 01:15:00
66541,WHITE FIELD,KRANTIVIRA S,10:30:00,11:10:00,21,7,0 days 00:40:00
66542,KRANTIVIRA S,WHITE FIELD,08:45:00,09:40:00,21,7,0 days 00:55:00
66543,KUPPAM,KRANTIVIRA S,14:45:00,17:15:00,102,17,0 days 02:30:00
66544,KRANTIVIRA S,KUPPAM,11:45:00,14:05:00,102,16,0 days 02:20:00
66600,COIMBATORE,ERODE JN.,18:25:00,20:50:00,100,15,0 days 02:25:00
66601,ERODE JN.,COIMBATORE,06:55:00,09:40:00,100,15,0 days 02:45:00
66602,COIMBATORE,SALEM JN.,09:05:00,13:00:00,159,22,0 days 03:55:00
66603,SALEM JN.,COIMBATORE,13:40:00,17:50:00,159,22,0 days 04:10:00
66604,SHORANUR JN.,COIMBATORE,14:55:00,17:40:00,98,14,0 days 02:45:00
66605,COIMBATORE,SHORANUR JN.,09:45:00,12:30:00,98,14,0 days 02:45:00
66606,PALGHAT TOWN,COIMBATORE,07:15:00,08:50:00,58,8,0 days 01:35:00
66607,COIMBATORE,PALGHAT TOWN,18:10:00,19:55:00,58,8,0 days 01:45:00
66608,PALGHAT TOWN,ERODE JN.,14:30:00,19:05:00,158,22,0 days 04:35:00
66609,ERODE JN.,PALGHAT TOWN,07:45:00,12:25:00,159,22,0 days 04:40:00
66611,PALAKKAD JN,ERNAKULAM. J,08:20:00,12:25:00,149,28,0 days 04:05:00
66612,ERNAKULAM. J,PALAKKAD JN,15:10:00,19:25:00,150,28,0 days 04:15:00
67247,RAVIKAMPADU,VISAKHAPATNA,13:15:00,16:40:00,121,17,0 days 03:25:00
67248,TUNI,RAJAHMUNDRY,20:45:00,23:20:00,103,18,0 days 02:35:00
67249,TANDUR,SECUNDERABAD,06:15:00,09:10:00,113,16,0 days 02:55:00
67250,SECUNDERABAD,TANDUR,18:00:00,21:00:00,113,16,0 days 03:00:00
67251,VIJAYWADA JN,TENALI JN.,05:00:00,05:50:00,31,7,0 days 00:50:00
67253,TENALI JN.,VIJAYWADA JN,06:10:00,07:05:00,31,7,0 days 00:55:00
67254,VIJAYWADA JN,GUNTUR JN.,08:20:00,09:20:00,32,6,0 days 01:00:00
67255,GUNTUR JN.,TENALI JN.,09:30:00,10:15:00,25,5,0 days 00:45:00
67256,TENALI JN.,ONGOLE,11:25:00,14:00:00,106,20,0 days 02:35:00
67257,ONGOLE,TENALI JN.,12:35:00,15:55:00,106,20,0 days 03:20:00
67258,TENALI JN.,GUNTUR JN.,16:50:00,18:00:00,25,5,0 days 01:10:00
67259,GUNTUR JN.,VIJAYWADA JN,18:30:00,19:35:00,32,6,0 days 01:05:00
67260,ONGOLE,VIJAYWADA JN,14:35:00,18:00:00,138,27,0 days 03:25:00
67261,VIJAYWADA JN,RAJAHMUNDRY,18:20:00,22:20:00,149,26,0 days 04:00:00
67262,RAJAHMUNDRY,VIJAYWADA JN,03:45:00,07:35:00,149,24,0 days 03:50:00
67263,VIJAYWADA JN,ONGOLE,08:00:00,11:40:00,138,27,0 days 03:40:00
67264,HYDERABAD DE,WARANGAL,09:40:00,13:45:00,163,18,0 days 04:05:00
67265,WARANGAL,HYDERABAD DE,05:15:00,09:10:00,163,18,0 days 03:55:00
67266,HYDERABAD DE,KAZIPET JN.,18:40:00,22:00:00,143,17,0 days 03:20:00
67267,WARANGAL,HYDERABAD DE,14:00:00,18:05:00,163,18,0 days 04:05:00
67269,KAZIPET JN.,DORNAKAL JN.,06:40:00,08:40:00,104,12,0 days 02:00:00
67270,DORNAKAL JN.,KAZIPET JN.,21:10:00,23:30:00,104,12,0 days 02:20:00
67271,DORNAKAL JN.,VIJAYWADA JN,09:00:00,12:10:00,121,16,0 days 03:10:00
67272,VIJAYWADA JN,DORNAKAL JN.,18:15:00,20:55:00,122,18,0 days 02:40:00
67273,VIJAYWADA JN,GUNTUR JN.,12:30:00,13:30:00,32,6,0 days 01:00:00
67274,GUNTUR JN.,VIJAYWADA JN,14:10:00,15:10:00,32,6,0 days 01:00:00
67275,FALAKNUMA,BHONGIR,06:15:00,08:00:00,59,16,0 days 01:45:00
67276,BHONGIR,FALAKNUMA,09:00:00,10:55:00,59,16,0 days 01:55:00
67277,FALAKNUMA,JANGAON,14:10:00,16:55:00,96,21,0 days 02:45:00
67278,JANGAON,FALAKNUMA,17:10:00,20:10:00,96,21,0 days 03:00:00
67279,GUDUR JN.,ONGOLE,15:05:00,18:15:00,154,19,0 days 03:10:00
67280,ONGOLE,GUDUR JN.,09:45:00,13:10:00,154,19,0 days 03:25:00
67282,PALASA,VIZIANAGARAM,13:00:00,15:35:00,142,18,0 days 02:35:00
67291,VIZIANAGARAM,VISAKHAPATNA,06:15:00,07:30:00,60,10,0 days 01:15:00
67292,VISAKHAPATNA,VIZIANAGARAM,18:05:00,19:25:00,60,10,0 days 01:20:00
67293,VIZIANAGARAM,VISAKHAPATNA,16:05:00,17:40:00,60,10,0 days 01:35:00
67294,VISAKHAPATNA,SRIKAKULAM R,08:05:00,10:35:00,130,18,0 days 02:30:00
67295,RAJAHMUNDRY,RAVIKAMPADU,11:15:00,13:00:00,79,15,0 days 01:45:00
67296,VISAKHAPATNA,TUNI,18:20:00,20:17:00,97,11,0 days 01:57:00
67297,ONGOLE,VIJAYWADA JN,18:35:00,22:20:00,138,25,0 days 03:45:00
67298,VIJAYWADA JN,ONGOLE,05:10:00,09:10:00,138,25,0 days 04:00:00
67299,RAJAHMUNDRY,VIJAYWADA JN,17:15:00,22:05:00,149,27,0 days 04:50:00
67300,VIJAYWADA JN,RAJAHMUNDRY,04:30:00,08:55:00,149,28,0 days 04:25:00
68001,SANTRAGACHI,JHARGRAM,06:45:00,09:35:00,148,14,0 days 02:50:00
68003,HOWRAH JN.,GHATSILA,10:00:00,13:50:00,215,23,0 days 03:50:00
68004,GHATSILA,HOWRAH JN.,14:05:00,18:22:00,214,23,0 days 04:17:00
68005,KHARAGPUR,TATANAGAR JN,15:20:00,18:35:00,137,18,0 days 03:15:00
68006,TATANAGAR JN,KHARAGPUR,08:50:00,11:50:00,137,19,0 days 03:00:00
68007,HOWRAH JN.,JALESWAR,17:00:00,21:45:00,188,43,0 days 04:45:00
68008,JHARGRAM,SANTRAGACHI,09:50:00,12:27:00,147,14,0 days 02:37:00
68009,TATANAGAR JN,CHAKARADHARP,18:45:00,20:00:00,62,9,0 days 01:15:00
68010,CHAKARADHARP,TATANAGAR JN,06:00:00,07:40:00,62,9,0 days 01:40:00
68011,KHARAGPUR,TATANAGAR JN,18:20:00,21:00:00,137,18,0 days 02:40:00
68012,TATANAGAR JN,KHARAGPUR,03:15:00,05:50:00,137,18,0 days 02:35:00
68013,KHARAGPUR,TATANAGAR JN,05:40:00,08:20:00,137,19,0 days 02:40:00
68014,TATANAGAR JN,KHARAGPUR,14:00:00,17:10:00,137,18,0 days 03:10:00
68015,KHARAGPUR,TATANAGAR JN,21:05:00,23:35:00,137,18,0 days 02:30:00
68016,TATANAGAR JN,KHARAGPUR,04:20:00,07:00:00,137,18,0 days 02:40:00
68017,NSC BOSE J G,CHAKARADHARP,14:50:00,22:25:00,238,39,0 days 07:35:00
68018,CHAKARADHARP,NSC BOSE J G,05:20:00,13:00:00,238,39,0 days 07:40:00
68019,JHARGRAM,PHULWARTANR,06:05:00,13:10:00,284,40,0 days 07:05:00
68020,PHULWARTANR,JHARGRAM,15:20:00,21:25:00,284,41,0 days 06:05:00
68021,KHARAGPUR,BALASORE,09:25:00,12:05:00,120,18,0 days 02:40:00
68022,BALASORE,KHARAGPUR,12:30:00,15:10:00,120,18,0 days 02:40:00
68023,JHARGRAM,PURULIA JN.,04:40:00,09:20:00,188,27,0 days 04:40:00
68024,PURULIA JN.,JHARGRAM,09:50:00,13:55:00,189,27,0 days 04:05:00
68047,KHARAGPUR,BELDA,21:30:00,22:20:00,40,6,0 days 00:50:00
68048,BELDA,KHARAGPUR,06:10:00,07:05:00,40,6,0 days 00:55:00
68053,ADRA,BARABHUM,15:05:00,16:35:00,71,11,0 days 01:30:00
68054,BARABHUM,ADRA,16:45:00,18:10:00,70,11,0 days 01:25:00
68055,ASANSOL MAIN,TATANAGAR JN,08:25:00,13:30:00,171,29,0 days 05:05:00
68056,TATANAGAR JN,ASANSOL MAIN,08:45:00,13:20:00,170,29,0 days 04:35:00
68057,ADRA,PURULIA JN.,05:45:00,06:35:00,39,7,0 days 00:50:00
68058,PURULIA JN.,ADRA,07:15:00,08:10:00,39,7,0 days 00:55:00
68059,BARABHUM,ASANSOL MAIN,18:45:00,21:40:00,112,19,0 days 02:55:00
68060,ASANSOL MAIN,BARABHUM,15:05:00,18:25:00,112,19,0 days 03:20:00
68063,ADRA,ASANSOL MAIN,05:05:00,06:10:00,41,9,0 days 01:05:00
68069,ADRA,ASANSOL MAIN,18:40:00,19:45:00,41,9,0 days 01:05:00
68070,ASANSOL MAIN,ADRA,22:35:00,23:35:00,41,9,0 days 01:00:00
68071,ADRA,KHANODIH,07:15:00,09:35:00,70,16,0 days 02:20:00
68072,BHAGA JN,ADRA,18:10:00,19:15:00,40,9,0 days 01:05:00
68073,BHOJUDIH JN.,BHAGA JN,16:30:00,16:55:00,11,5,0 days 00:25:00
68074,KHANODIH,BHOJUDIH JN.,09:45:00,11:15:00,40,12,0 days 01:30:00
68075,ADRA,BHOJUDIH JN.,22:30:00,23:05:00,29,5,0 days 00:35:00
68076,BHOJUDIH JN.,ADRA,03:40:00,04:20:00,29,5,0 days 00:40:00
68077,ADRA,BHAGA JN,13:35:00,14:50:00,40,9,0 days 01:15:00
68078,BHAGA JN,ADRA,15:00:00,16:05:00,40,9,0 days 01:05:00
68079,BHOJUDIH JN.,CHANDRAPURA,11:35:00,13:05:00,37,7,0 days 01:30:00
68080,CHANDRAPURA,BHOJUDIH JN.,14:35:00,16:20:00,37,7,0 days 01:45:00
68081,BANKURA,ADRA,04:00:00,04:55:00,53,8,0 days 00:55:00
68082,ADRA,BISHNUPUR,21:15:00,22:50:00,84,13,0 days 01:35:00
68088,DHANBAD JN.,BANKURA,14:00:00,17:50:00,121,19,0 days 03:50:00
68089,MIDNAPORE,ADRA,11:40:00,14:20:00,155,20,0 days 02:40:00
68090,ADRA,MIDNAPORE,08:20:00,11:20:00,155,20,0 days 03:00:00
68091,MIDNAPORE,JHARGRAM,16:37:00,18:00:00,51,9,0 days 01:23:00
68092,JHARGRAM,MIDNAPORE,06:55:00,08:15:00,51,7,0 days 01:20:00
68093,MIDNAPORE,JHARGRAM,03:00:00,04:30:00,51,10,0 days 01:30:00
68094,JHARGRAM,MIDNAPORE,14:10:00,15:45:00,51,10,0 days 01:35:00
68097,GARBETA,ADRA,20:15:00,22:05:00,108,15,0 days 01:50:00
68098,ADRA,GARBETA,17:35:00,19:30:00,108,15,0 days 01:55:00
68643,KHARAGPUR,HIJLI,06:05:00,06:20:00,8,2,0 days 00:15:00
68644,HIJLI,KHARAGPUR,06:30:00,06:45:00,8,2,0 days 00:15:00
68645,KHARAGPUR,HIJLI,17:05:00,17:17:00,8,2,0 days 00:12:00
68646,HIJLI,KHARAGPUR,17:35:00,17:50:00,8,2,0 days 00:15:00
68685,MECHEDA,DIGHA FS,07:48:00,10:55:00,130,22,0 days 03:07:00
68686,DIGHA FS,PANSKURA,05:40:00,08:05:00,117,18,0 days 02:25:00
68688,DIGHA FS,PANSKURA,06:45:00,09:20:00,117,18,0 days 02:35:00
68689,PANSKURA,DIGHA FS,19:32:00,22:05:00,117,18,0 days 02:33:00
68690,DIGHA FS,MECHEDA,11:15:00,14:08:00,130,22,0 days 02:53:00
68701,RAIPUR JN.,DURG,04:50:00,05:45:00,48,10,0 days 00:55:00
68702,DURG,RAIPUR JN.,06:25:00,07:20:00,41,11,0 days 00:55:00
68703,RAIPUR JN.,DURG,07:35:00,08:30:00,48,10,0 days 00:55:00
68704,DURG,RAIPUR JN.,09:20:00,10:20:00,41,11,0 days 01:00:00
68705,RAIPUR JN.,DONGAR GARH,08:30:00,10:40:00,109,18,0 days 02:10:00
68706,DONGAR GARH,BILASPUR JN.,11:40:00,18:15:00,214,33,0 days 06:35:00
68707,RAIPUR JN.,DURG,12:35:00,13:35:00,48,10,0 days 01:00:00
68708,DURG,RAIPUR JN.,17:00:00,18:00:00,34,11,0 days 01:00:00
68709,RAIPUR JN.,DONGAR GARH,17:20:00,19:35:00,109,18,0 days 02:15:00
68710,DONGAR GARH,RAIPUR JN.,05:40:00,07:55:00,102,19,0 days 02:15:00
68711,DONGAR GARH,GONDIA JN.,05:05:00,06:35:00,73,9,0 days 01:30:00
68712,GONDIA JN.,DONGAR GARH,22:15:00,23:40:00,73,9,0 days 01:25:00
68713,GONDIA JN.,ITWARI JN.,06:45:00,09:25:00,127,17,0 days 02:40:00
68714,ITWARI JN.,GONDIA JN.,10:35:00,13:50:00,126,17,0 days 03:15:00
68715,GONDIA JN.,ITWARI JN.,15:10:00,17:40:00,127,17,0 days 02:30:00
68716,ITWARI JN.,GONDIA JN.,18:30:00,21:15:00,126,17,0 days 02:45:00
68717,RAIPUR JN.,DURG,18:25:00,19:20:00,48,10,0 days 00:55:00
68718,DURG,RAIPUR JN.,19:50:00,20:40:00,41,7,0 days 00:50:00
68719,BILASPUR JN.,RAIPUR JN.,16:45:00,19:05:00,112,15,0 days 02:20:00
68721,RAIPUR JN.,DONGAR GARH,19:10:00,21:30:00,109,18,0 days 02:20:00
68723,DONGAR GARH,GONDIA JN.,21:40:00,23:25:00,73,9,0 days 01:45:00
68724,GONDIA JN.,RAIPUR JN.,07:00:00,11:20:00,175,27,0 days 04:20:00
68725,RAIPUR JN.,DURG,20:50:00,21:50:00,48,10,0 days 01:00:00
68726,DURG,RAIPUR JN.,22:05:00,23:10:00,41,10,0 days 01:05:00
68727,BILASPUR JN.,RAIPUR JN.,19:05:00,21:30:00,112,15,0 days 02:25:00
68728,RAIPUR JN.,BILASPUR JN.,07:15:00,09:25:00,111,15,0 days 02:10:00
68729,RAIPUR JN.,DONGAR GARH,21:50:00,23:55:00,109,18,0 days 02:05:00
68730,DONGAR GARH,RAIPUR JN.,04:00:00,06:30:00,102,19,0 days 02:30:00
68731,GEVRA-ROAD,BILASPUR JN.,21:00:00,23:15:00,97,15,0 days 02:15:00
68732,BILASPUR JN.,GEVRA-ROAD,18:30:00,20:45:00,97,15,0 days 02:15:00
68733,GEVRA-ROAD,BILASPUR JN.,13:20:00,15:40:00,97,15,0 days 02:20:00
68734,BILASPUR JN.,GEVRA-ROAD,10:20:00,12:35:00,97,15,0 days 02:15:00
68735,RAIGARH,BILASPUR JN.,07:30:00,10:00:00,135,18,0 days 02:30:00
68736,BILASPUR JN.,RAIGARH,20:50:00,23:20:00,135,17,0 days 02:30:00
68737,RAIGARH,BILASPUR JN.,15:25:00,18:20:00,135,18,0 days 02:55:00
68738,BILASPUR JN.,RAIGARH,10:40:00,13:05:00,133,15,0 days 02:25:00
68739,PENDRA ROAD,BILASPUR JN.,11:15:00,13:55:00,100,13,0 days 02:40:00
68740,BILASPUR JN.,PENDRA ROAD,07:30:00,10:25:00,100,13,0 days 02:55:00
68741,DURG,GONDIA JN.,06:45:00,09:35:00,133,17,0 days 02:50:00
68742,GONDIA JN.,DURG,17:40:00,20:40:00,133,17,0 days 03:00:00
68743,GONDIA JN.,ITWARI JN.,09:40:00,12:30:00,127,17,0 days 02:50:00
68744,ITWARI JN.,GONDIA JN.,14:25:00,17:20:00,126,17,0 days 02:55:00
68745,GEVRA-ROAD,RAIPUR JN.,05:50:00,11:05:00,209,29,0 days 05:15:00
68746,RAIPUR JN.,GEVRA-ROAD,13:10:00,18:00:00,209,28,0 days 04:50:00
68747,BILASPUR JN.,KATNI,06:00:00,14:20:00,320,37,0 days 08:20:00
68748,KATNI,BILASPUR JN.,14:50:00,22:45:00,318,37,0 days 07:55:00
68749,SHAHDOL,AMBIKAPUR,09:30:00,15:10:00,215,25,0 days 05:40:00
68750,AMBIKAPUR,SHAHDOL,16:15:00,22:00:00,215,25,0 days 05:45:00
69101,VADODARA JN.,AHMEDABAD,05:55:00,08:50:00,99,20,0 days 02:55:00
69102,AHMEDABAD,VADODARA JN.,16:50:00,20:05:00,99,20,0 days 03:15:00
69104,ANAND JN.,VADODARA JN.,04:00:00,05:30:00,35,9,0 days 01:30:00
69105,ANAND JN.,AHMEDABAD,03:05:00,05:10:00,63,13,0 days 02:05:00
69106,AHMEDABAD,ANAND JN.,00:45:00,02:20:00,63,13,0 days 01:35:00
69107,VADODARA JN.,AHMEDABAD,20:20:00,23:30:00,99,20,0 days 03:10:00
69108,AHMEDABAD,VADODARA JN.,08:10:00,10:55:00,99,20,0 days 02:45:00
69109,SURAT,VADODARA JN.,16:10:00,19:40:00,128,23,0 days 03:30:00
69110,VADODARA JN.,SURAT,11:30:00,14:40:00,128,24,0 days 03:10:00
69111,SURAT,VADODARA JN.,17:45:00,20:55:00,128,23,0 days 03:10:00
69112,VADODARA JN.,SURAT,05:45:00,09:05:00,128,23,0 days 03:20:00
69113,VADODARA JN.,AHMEDABAD,19:50:00,22:50:00,99,20,0 days 03:00:00
69114,AHMEDABAD,VADODARA JN.,05:20:00,08:20:00,99,20,0 days 03:00:00
69115,VADODARA JN.,AHMEDABAD,08:45:00,11:35:00,99,20,0 days 02:50:00
69116,AHMEDABAD,ANAND JN.,02:25:00,03:45:00,63,7,0 days 01:20:00
69117,VADODARA JN.,DAHOD,11:10:00,14:55:00,146,21,0 days 03:45:00
69118,DAHOD,VADODARA JN.,16:20:00,19:30:00,147,21,0 days 03:10:00
69119,VADODARA JN.,DAHOD,18:20:00,22:10:00,146,21,0 days 03:50:00
69120,DAHOD,VADODARA JN.,06:15:00,09:40:00,147,21,0 days 03:25:00
69121,VADODARA JN.,GODHRA JN.,20:00:00,21:55:00,72,11,0 days 01:55:00
69122,GODHRA JN.,VADODARA JN.,05:55:00,07:50:00,72,11,0 days 01:55:00
69123,ANAND JN.,GODHRA JN.,10:00:00,12:10:00,78,13,0 days 02:10:00
69124,GODHRA JN.,ANAND JN.,04:15:00,06:30:00,78,13,0 days 02:15:00
69125,ANAND JN.,GODHRA JN.,19:10:00,21:20:00,78,13,0 days 02:10:00
69126,GODHRA JN.,ANAND JN.,13:00:00,15:20:00,78,13,0 days 02:20:00
69127,ANAND JN.,AHMEDABAD,17:00:00,18:45:00,63,13,0 days 01:45:00
69128,AHMEDABAD,ANAND JN.,13:40:00,15:20:00,63,13,0 days 01:40:00
69129,ANAND JN.,AHMEDABAD,05:40:00,07:35:00,63,13,0 days 01:55:00
69130,AHMEDABAD,ANAND JN.,19:10:00,20:50:00,63,13,0 days 01:40:00
69131,AHMEDABAD,GANDHINAGAR,12:10:00,13:15:00,31,5,0 days 01:05:00
69132,GANDHINAGAR,AHMEDABAD,15:00:00,16:05:00,31,5,0 days 01:05:00
69133,ANAND JN.,DAKOR,07:30:00,08:20:00,29,6,0 days 00:50:00
69134,DAKOR,ANAND JN.,08:35:00,09:25:00,29,6,0 days 00:50:00
69135,ANAND JN.,DAKOR,16:40:00,17:30:00,29,6,0 days 00:50:00
69136,DAKOR,ANAND JN.,17:45:00,18:35:00,29,6,0 days 00:50:00
69137,VADODARA JN.,ANAND JN.,22:55:00,00:10:00,35,8,0 days 01:15:00
69138,ANAND JN.,VADODARA JN.,21:15:00,22:25:00,35,8,0 days 01:10:00
69139,BORIVLI,SURAT,06:50:00,13:00:00,232,34,0 days 06:10:00
69140,SURAT,VIRAR,18:20:00,23:10:00,206,30,0 days 04:50:00
69141,SANJAN,SURAT,06:45:00,09:45:00,117,22,0 days 03:00:00
69142,SURAT,SANJAN,17:25:00,20:25:00,117,22,0 days 03:00:00
69143,VIRAR,SANJAN,04:40:00,06:30:00,89,12,0 days 01:50:00
69144,SANJAN,VIRAR,20:40:00,22:30:00,89,12,0 days 01:50:00
69145,ANAND JN.,GODHRA JN.,05:00:00,07:10:00,78,13,0 days 02:10:00
69146,GODHRA JN.,ANAND JN.,08:30:00,10:45:00,78,13,0 days 02:15:00
69147,ANAND JN.,GODHRA JN.,14:20:00,16:40:00,78,13,0 days 02:20:00
69149,VIRAR,BHARUCH JN.,04:00:00,11:10:00,265,41,0 days 07:10:00
69150,BHARUCH JN.,VIRAR,14:05:00,21:30:00,265,42,0 days 07:25:00
69151,VALSAD,SURAT,15:25:00,17:15:00,68,13,0 days 01:50:00
69152,SURAT,VALSAD,09:20:00,11:25:00,68,13,0 days 02:05:00
69153,UMBERGAON RO,VALSAD,13:50:00,15:15:00,54,9,0 days 01:25:00
69154,VALSAD,UMBERGAON RO,11:40:00,12:55:00,54,9,0 days 01:15:00
69161,PANVEL,DAHANU ROAD,18:50:00,22:25:00,137,20,0 days 03:35:00
69164,DAHANU ROAD,PANVEL,05:30:00,08:55:00,137,19,0 days 03:25:00
69165,PANVEL,VASAI ROAD,09:20:00,11:05:00,65,11,0 days 01:45:00
69166,VASAI ROAD,PANVEL,16:45:00,18:25:00,65,11,0 days 01:40:00
69167,PANVEL,VASAI ROAD,14:35:00,16:10:00,65,9,0 days 01:35:00
69168,VASAI ROAD,PANVEL,12:10:00,13:45:00,65,11,0 days 01:35:00
69169,SURAT,NANDURBAR,18:30:00,22:55:00,160,23,0 days 04:25:00
69171,SURAT,BHARUCH JN.,18:30:00,20:05:00,58,11,0 days 01:35:00
69172,BHARUCH JN.,SURAT,06:35:00,08:25:00,58,12,0 days 01:50:00
69173,VIRAR,DAHANU ROAD,22:55:00,00:11:00,63,8,0 days 01:16:00
69174,DAHANU ROAD,BORIVLI,04:55:00,06:35:00,89,10,0 days 01:40:00
69181,DAHOD,RATLAM JN,16:35:00,18:45:00,114,14,0 days 02:10:00
69182,RATLAM JN,DAHOD,08:25:00,10:50:00,114,14,0 days 02:25:00
69183,RATLAM JN,NAGDA JN,18:55:00,19:50:00,44,6,0 days 00:55:00
69184,NAGDA JN,RATLAM JN,07:10:00,08:10:00,44,6,0 days 01:00:00
69185,NAGDA JN,UJJAIN JN,20:05:00,21:30:00,54,8,0 days 01:25:00
69186,UJJAIN JN,NAGDA JN,05:30:00,06:55:00,54,8,0 days 01:25:00
69187,DAHOD,RATLAM JN,22:20:00,01:25:00,114,14,0 days 03:05:00
69188,RATLAM JN,DAHOD,01:35:00,04:25:00,114,14,0 days 02:50:00
69189,ANAND JN.,DAHOD,11:30:00,15:35:00,152,23,0 days 04:05:00
69190,DAHOD,ANAND JN.,13:00:00,17:25:00,153,23,0 days 04:25:00
69191,ANAND JN.,GANDHINAGAR,18:10:00,21:25:00,95,17,0 days 03:15:00
69192,GANDHINAGAR,ANAND JN.,07:30:00,10:25:00,95,17,0 days 02:55:00
69195,BHARUCH JN.,DAHEJ,06:35:00,08:10:00,61,6,0 days 01:35:00
69196,DAHEJ,BHARUCH JN.,18:00:00,19:35:00,61,6,0 days 01:35:00
70101,PERNEM,KAWR,17:35:00,20:25:00,115,12,0 days 02:50:00
70102,KAWR,PERNEM,06:00:00,08:15:00,119,12,0 days 02:15:00
70103,PERNEM,KAWR,09:30:00,12:50:00,115,12,0 days 03:20:00
70104,KAWR,PERNEM,14:25:00,17:10:00,119,12,0 days 02:45:00
70105,MADGOAN JN.,MANGALORE CE,05:00:00,12:05:00,324,30,0 days 07:05:00
70106,MANGALORE CE,MADGOAN JN.,15:00:00,22:00:00,326,30,0 days 07:00:00
71081,VASAI ROAD,DIVA JN,12:50:00,13:50:00,41,6,0 days 01:00:00
71082,DOMBIVLI CTL,BOISAR,05:44:00,08:10:00,86,13,0 days 02:26:00
71083,VASAI ROAD,DIVA JN,15:35:00,16:35:00,41,6,0 days 01:00:00
71084,DIVA JN,VASAI ROAD,14:33:00,15:25:00,41,6,0 days 00:52:00
71085,VASAI ROAD,DIVA JN,19:15:00,20:07:00,41,6,0 days 00:52:00
71086,DIVA JN,VASAI ROAD,17:55:00,18:55:00,41,6,0 days 01:00:00
71088,BOISAR,VASAI ROAD,08:35:00,09:45:00,51,8,0 days 01:10:00
71089,DIVA JN,ROHA,09:10:00,12:15:00,105,13,0 days 03:05:00
71092,ROHA,DIVA JN,05:15:00,07:55:00,105,17,0 days 02:40:00
71093,VASAI ROAD,DIVA JN,09:50:00,10:50:00,41,6,0 days 01:00:00
71094,DIVA JN,VASAI ROAD,11:30:00,12:30:00,41,6,0 days 01:00:00
71095,DIVA JN,ROHA,20:00:00,22:35:00,105,13,0 days 02:35:00
71096,ROHA,DIVA JN,15:40:00,18:45:00,105,13,0 days 03:05:00
71401,DAUND JN.,BARAMATI,05:25:00,06:45:00,43,6,0 days 01:20:00
71402,BARAMATI,PUNE JN.,07:05:00,10:15:00,121,16,0 days 03:10:00
71403,PUNE JN.,DAUND JN.,09:40:00,11:30:00,77,11,0 days 01:50:00
71404,BARAMATI,PUNE JN.,16:20:00,19:40:00,121,16,0 days 03:20:00
71405,DAUND JN.,BARAMATI,14:35:00,15:55:00,43,6,0 days 01:20:00
71407,PUNE JN.,DAUND JN.,10:32:00,12:35:00,77,11,0 days 02:03:00
71408,DAUND JN.,PUNE JN.,12:45:00,14:23:00,77,11,0 days 01:38:00
71409,PUNE JN.,DAUND JN.,14:40:00,16:58:00,77,11,0 days 02:18:00
71410,DAUND JN.,PUNE JN.,17:10:00,18:50:00,77,11,0 days 01:40:00
71411,PUNE JN.,DAUND JN.,20:05:00,21:53:00,77,11,0 days 01:48:00
71413,PUNE JN.,SOLAPUR,22:50:00,08:05:00,265,32,0 days 09:15:00
71414,SOLAPUR,PUNE JN.,11:40:00,20:15:00,265,33,0 days 08:35:00
71415,PUNE JN.,SOLAPUR,08:15:00,15:50:00,265,33,0 days 07:35:00
71416,SOLAPUR,PUNE JN.,23:00:00,06:35:00,265,31,0 days 07:35:00
71901,IDGAH,BHARATPUR JN,05:50:00,06:55:00,51,8,0 days 01:05:00
71902,BHARATPUR JN,IDGAH,07:30:00,08:45:00,51,8,0 days 01:15:00
71903,IDGAH,BANDIKUI JN.,09:25:00,13:05:00,148,22,0 days 03:40:00
71904,BANDIKUI JN.,IDGAH,13:50:00,17:05:00,148,22,0 days 03:15:00
71905,IDGAH,BHARATPUR JN,20:05:00,21:45:00,51,8,0 days 01:40:00
71906,BHARATPUR JN,IDGAH,22:15:00,23:35:00,51,8,0 days 01:20:00
71907,IDGAH,BANDIKUI JN.,17:10:00,21:00:00,148,22,0 days 03:50:00
71908,BANDIKUI JN.,IDGAH,06:05:00,09:20:00,148,22,0 days 03:15:00
71909,AGRA CANTT,ETAWAH,17:10:00,20:35:00,136,15,0 days 03:25:00
71910,ETAWAH,AGRA CANTT,06:10:00,09:55:00,136,15,0 days 03:45:00
72171,MATHURA JN.,VRINDAVAN,06:35:00,07:10:00,18,4,0 days 00:35:00
72172,VRINDAVAN,MATHURA JN.,07:25:00,08:00:00,18,4,0 days 00:35:00
72173,MATHURA JN.,VRINDAVAN,08:55:00,09:30:00,18,4,0 days 00:35:00
72174,VRINDAVAN,MATHURA JN.,09:40:00,10:15:00,18,4,0 days 00:35:00
72175,MATHURA JN.,VRINDAVAN,15:20:00,15:55:00,18,4,0 days 00:35:00
72176,VRINDAVAN,MATHURA JN.,16:10:00,16:45:00,18,4,0 days 00:35:00
72177,MATHURA JN.,VRINDAVAN,16:55:00,17:30:00,18,4,0 days 00:35:00
72178,VRINDAVAN,MATHURA JN.,17:40:00,18:15:00,18,4,0 days 00:35:00
72179,MATHURA JN.,VRINDAVAN,19:25:00,20:00:00,18,4,0 days 00:35:00
72180,VRINDAVAN,MATHURA JN.,20:30:00,21:05:00,18,4,0 days 00:35:00
72203,INDARA JN.,DOHRIGHAT,06:15:00,07:40:00,34,6,0 days 01:25:00
72204,DOHRIGHAT,INDARA JN.,07:50:00,09:15:00,35,6,0 days 01:25:00
72205,INDARA JN.,DOHRIGHAT,10:10:00,11:40:00,34,6,0 days 01:30:00
72206,DOHRIGHAT,INDARA JN.,11:50:00,13:20:00,35,6,0 days 01:30:00
72207,INDARA JN.,DOHRIGHAT,14:30:00,16:00:00,34,6,0 days 01:30:00
72208,DOHRIGHAT,INDARA JN.,16:15:00,17:40:00,35,6,0 days 01:25:00
72209,INDARA JN.,DOHRIGHAT,18:45:00,20:05:00,34,6,0 days 01:20:00
72210,DOHRIGHAT,INDARA JN.,20:15:00,21:35:00,35,6,0 days 01:20:00
72451,KALKA,SHIMLA,05:00:00,09:20:00,95,3,0 days 04:20:00
72452,SHIMLA,KALKA,16:55:00,21:25:00,95,3,0 days 04:30:00
73011,BARDDHAMAN J,RAMPUR HAT,16:15:00,18:45:00,111,19,0 days 02:30:00
73012,RAMPUR HAT,BARDDHAMAN J,07:25:00,09:55:00,111,19,0 days 02:30:00
73021,AZIMGANJ JN.,RAMPUR HAT,05:25:00,07:15:00,59,11,0 days 01:50:00
73022,RAMPUR HAT,AZIMGANJ JN.,19:30:00,21:10:00,59,11,0 days 01:40:00
73031,KATWA JN.,AZIMGANJ JN.,14:45:00,16:35:00,65,13,0 days 01:50:00
73032,AZIMGANJ JN.,KATWA JN.,10:40:00,12:40:00,65,13,0 days 02:00:00
73033,AZIMGANJ JN.,NALHATI JN.,22:30:00,23:45:00,44,9,0 days 01:15:00
73034,NALHATI JN.,AZIMGANJ JN.,05:24:00,06:50:00,44,9,0 days 01:26:00
73035,KATWA JN.,NIMTITA,13:00:00,16:40:00,127,23,0 days 03:40:00
73036,NIMTITA,KATWA JN.,04:30:00,08:04:00,127,23,0 days 03:34:00
73037,AZIMGANJ JN.,NIMTITA,03:00:00,04:10:00,54,10,0 days 01:10:00
73038,NIMTITA,AZIMGANJ JN.,18:15:00,19:45:00,54,10,0 days 01:30:00
73151,SEALDAH,JANGIPUR ROA,05:35:00,12:35:00,261,48,0 days 07:00:00
73152,JANGIPUR ROA,SEALDAH,13:30:00,20:20:00,261,48,0 days 06:50:00
73211,PATNA GHAT,PATNA JN.,21:50:00,22:55:00,10,5,0 days 01:05:00
73212,PATNA JN.,PATNA GHAT,04:55:00,05:50:00,10,5,0 days 00:55:00
73213,PATNA GHAT,DIGHA GHAT,06:35:00,08:30:00,19,12,0 days 01:55:00
73214,DIGHA GHAT,PATNA GHAT,19:20:00,21:45:00,19,12,0 days 02:25:00
73215,DIGHA GHAT,R BLOCK HALT,11:30:00,12:20:00,6,7,0 days 00:50:00
73216,R BLOCK HALT,DIGHA GHAT,15:00:00,15:45:00,6,7,0 days 00:45:00
73261,ISLAMPUR,PATNA JN.,06:30:00,09:30:00,64,12,0 days 03:00:00
73262,PATNA JN.,ISLAMPUR,12:10:00,15:40:00,64,12,0 days 03:30:00
73263,ISLAMPUR,PATNA JN.,16:45:00,19:20:00,64,12,0 days 02:35:00
73264,PATNA JN.,ISLAMPUR,19:40:00,23:05:00,64,12,0 days 03:25:00
73421,JAMALPUR JN.,KIUL JN.,07:30:00,08:52:00,45,13,0 days 01:22:00
73422,KIUL JN.,JAMALPUR JN.,09:15:00,10:30:00,44,13,0 days 01:15:00
73425,JAMALPUR JN.,KIUL JN.,20:00:00,21:25:00,45,10,0 days 01:25:00
73426,KIUL JN.,JAMALPUR JN.,22:05:00,23:15:00,45,10,0 days 01:10:00
73427,JAMALPUR JN.,KIUL JN.,03:10:00,04:40:00,45,11,0 days 01:30:00
73428,KIUL JN.,JAMALPUR JN.,05:30:00,06:48:00,45,11,0 days 01:18:00
73429,BHAGALPUR,JAMALPUR JN.,12:25:00,13:50:00,47,13,0 days 01:25:00
73430,JAMALPUR JN.,BHAGALPUR,10:38:00,12:05:00,47,14,0 days 01:27:00
73451,TILRATH,JAMALPUR JN.,07:05:00,08:50:00,56,10,0 days 01:45:00
73452,JAMALPUR JN.,TILRATH,05:00:00,06:45:00,56,10,0 days 01:45:00
73453,TILRATH,JAMALPUR JN.,15:12:00,16:45:00,56,10,0 days 01:33:00
73454,JAMALPUR JN.,TILRATH,13:00:00,14:45:00,56,10,0 days 01:45:00
73461,KHAGARIA JN.,JAMALPUR JN.,10:35:00,11:35:00,28,5,0 days 01:00:00
73462,JAMALPUR JN.,KHAGARIA JN.,09:15:00,10:15:00,28,5,0 days 01:00:00
73463,KHAGARIA JN.,JAMALPUR JN.,18:30:00,19:30:00,28,5,0 days 01:00:00
73464,JAMALPUR JN.,KHAGARIA JN.,17:10:00,18:10:00,28,5,0 days 01:00:00
73538,JASIDIH JN.,ANDAL JN.,14:25:00,18:10:00,132,18,0 days 03:45:00
73539,ANDAL JN.,JASIDIH JN.,06:35:00,10:15:00,132,18,0 days 03:40:00
73581,JASIDIH JN.,BANKA,10:25:00,12:15:00,61,9,0 days 01:50:00
73582,BANKA,JASIDIH JN.,12:25:00,14:15:00,61,9,0 days 01:50:00
73901,JAMALPUR JN.,DHANAURI,03:40:00,04:50:00,39,2,0 days 01:10:00
73902,DHANAURI,JAMALPUR JN.,05:10:00,06:30:00,39,2,0 days 01:20:00
73903,JAMALPUR JN.,DHANAURI,16:20:00,17:25:00,39,2,0 days 01:05:00
73904,DHANAURI,JAMALPUR JN.,18:10:00,19:25:00,39,2,0 days 01:15:00
73905,JAMALPUR JN.,DHANAURI,12:15:00,13:10:00,39,2,0 days 00:55:00
73911,SULTANGANJ,JAMALPUR JN.,05:15:00,06:25:00,28,6,0 days 01:10:00
73912,JAMALPUR JN.,SULTANGANJ,03:44:00,04:58:00,28,2,0 days 01:14:00
73913,SULTANGANJ,JAMALPUR JN.,18:05:00,19:25:00,28,2,0 days 01:20:00
73914,JAMALPUR JN.,SULTANGANJ,16:20:00,17:30:00,28,6,0 days 01:10:00
73916,JAMALPUR JN.,SULTANGANJ,12:33:00,13:45:00,28,2,0 days 01:12:00
74001,DELHI JN.,REWARI JN.,20:05:00,22:35:00,82,18,0 days 02:30:00
74002,REWARI JN.,DELHI JN.,17:00:00,19:35:00,82,18,0 days 02:35:00
74003,DELHI JN.,REWARI JN.,13:50:00,16:30:00,82,18,0 days 02:40:00
74004,REWARI JN.,DELHI JN.,05:30:00,08:15:00,82,18,0 days 02:45:00
74011,DELHI JN.,ROHTAK JN.,20:20:00,22:35:00,69,17,0 days 02:15:00
74012,ROHTAK JN.,DELHI JN.,04:15:00,06:50:00,69,17,0 days 02:35:00
74013,DELHI JN.,KURUKSHETRA,16:35:00,23:20:00,246,41,0 days 06:45:00
74014,KURUKSHETRA,DELHI JN.,04:30:00,11:20:00,247,41,0 days 06:50:00
74015,REWARI JN.,JIND JN,07:10:00,10:10:00,138,16,0 days 03:00:00
74016,JIND JN,REWARI JN.,16:15:00,19:20:00,138,16,0 days 03:05:00
74017,REWARI JN.,ROHTAK JN.,19:50:00,21:35:00,81,8,0 days 01:45:00
74018,ROHTAK JN.,REWARI JN.,05:05:00,06:50:00,81,8,0 days 01:45:00
74019,SONIPAT,JIND JN,13:30:00,16:00:00,89,14,0 days 02:30:00
74020,JIND JN,SONIPAT,10:30:00,13:05:00,89,14,0 days 02:35:00
74021,DELHI JN.,SAHARANPUR J,07:35:00,12:45:00,163,36,0 days 05:10:00
74022,SHAMLI,DELHI JN.,05:40:00,09:20:00,93,24,0 days 03:40:00
74023,DELHI JN.,SHAMLI,20:00:00,23:00:00,93,24,0 days 03:00:00
74024,SAHARANPUR J,DELHI JN.,13:15:00,18:30:00,163,36,0 days 05:15:00
74025,DELHI JN.,SHAMLI,04:05:00,07:35:00,93,24,0 days 03:30:00
74026,SHAMLI,DELHI JN.,10:00:00,13:25:00,93,24,0 days 03:25:00
74027,DELHI JN.,BARAUT,15:30:00,17:45:00,54,15,0 days 02:15:00
74028,BARAUT,DELHI JN.,18:55:00,21:20:00,54,15,0 days 02:25:00
74029,SONIPAT,JIND JN,10:45:00,13:30:00,89,14,0 days 02:45:00
74030,JIND JN,SONIPAT,06:30:00,09:05:00,89,14,0 days 02:35:00
74031,GARHI HARSAR,FARUKHNAGAR,06:20:00,06:45:00,11,3,0 days 00:25:00
74032,FARUKHNAGAR,DELHI-SARAI,07:00:00,08:40:00,47,11,0 days 01:40:00
74033,DELHI-SARAI,FARUKHNAGAR,08:50:00,10:25:00,47,11,0 days 01:35:00
74034,FARUKHNAGAR,GARHI HARSAR,10:40:00,11:05:00,11,3,0 days 00:25:00
74035,GARHI HARSAR,FARUKHNAGAR,15:15:00,15:40:00,11,3,0 days 00:25:00
74036,FARUKHNAGAR,DELHI-SARAI,16:15:00,17:50:00,47,11,0 days 01:35:00
74037,DELHI-SARAI,FARUKHNAGAR,18:00:00,19:35:00,47,11,0 days 01:35:00
74038,FARUKHNAGAR,GARHI HARSAR,19:50:00,20:15:00,11,3,0 days 00:25:00
74201,PARTAPGARH J,LUCKNOW JN.,05:00:00,10:45:00,172,25,0 days 05:45:00
74202,LUCKNOW JN.,PARTAPGARH J,16:30:00,21:25:00,172,25,0 days 04:55:00
74301,SAMBAHAL HAT,MORADABAD JN,08:15:00,10:30:00,47,9,0 days 02:15:00
74302,MORADABAD JN,SAMBAHAL HAT,05:35:00,07:35:00,47,8,0 days 02:00:00
74303,SAMBAHAL HAT,MORADABAD JN,13:20:00,15:20:00,47,9,0 days 02:00:00
74304,MORADABAD JN,SAMBAHAL HAT,11:00:00,13:00:00,47,9,0 days 02:00:00
74305,SAMBAHAL HAT,MORADABAD JN,19:20:00,21:35:00,47,9,0 days 02:15:00
74306,MORADABAD JN,SAMBAHAL HAT,16:00:00,18:30:00,47,9,0 days 02:30:00
74601,BEAS JN,TARN TARAN,06:10:00,07:45:00,49,6,0 days 01:35:00
74602,TARN TARAN,BEAS JN,07:55:00,09:30:00,49,6,0 days 01:35:00
74603,BEAS JN,TARN TARAN,09:40:00,11:15:00,49,6,0 days 01:35:00
74604,TARN TARAN,BEAS JN,11:30:00,13:05:00,49,6,0 days 01:35:00
74605,BEAS JN,TARN TARAN,13:15:00,14:50:00,49,6,0 days 01:35:00
74606,TARN TARAN,BEAS JN,15:05:00,16:40:00,49,6,0 days 01:35:00
74607,BEAS JN,TARN TARAN,16:50:00,18:25:00,49,6,0 days 01:35:00
74608,TARN TARAN,BEAS JN,18:35:00,20:10:00,49,6,0 days 01:35:00
74611,BANIHAL,BUDGAM,19:00:00,21:00:00,89,12,0 days 02:00:00
74612,BUDGAM,BANIHAL,16:20:00,18:20:00,89,12,0 days 02:00:00
74613,BUDGAM,BARAMULLA,07:20:00,08:20:00,45,6,0 days 01:00:00
74614,BARAMULLA,BANIHAL,08:30:00,11:35:00,134,17,0 days 03:05:00
74615,BANIHAL,BARAMULLA,11:45:00,15:05:00,134,17,0 days 03:20:00
74616,BARAMULLA,BUDGAM,15:15:00,16:10:00,45,6,0 days 00:55:00
74617,BUDGAM,BARAMULLA,15:15:00,16:20:00,45,6,0 days 01:05:00
74618,BARAMULLA,BUDGAM,10:30:00,11:30:00,45,6,0 days 01:00:00
74619,BANIHAL,BARAMULLA,07:25:00,10:20:00,134,9,0 days 02:55:00
74620,BARAMULLA,BANIHAL,16:35:00,18:55:00,134,9,0 days 02:20:00
74621,BUDGAM,BARAMULLA,18:15:00,19:15:00,45,6,0 days 01:00:00
74622,BARAMULLA,BUDGAM,17:55:00,18:50:00,45,6,0 days 00:55:00
74623,BUDGAM,BARAMULLA,10:40:00,11:35:00,45,6,0 days 00:55:00
74624,BARAMULLA,BUDGAM,19:35:00,20:40:00,45,6,0 days 01:05:00
74625,BANIHAL,BARAMULLA,06:30:00,09:20:00,134,17,0 days 02:50:00
74626,BARAMULLA,BANIHAL,07:20:00,10:40:00,134,17,0 days 03:20:00
74627,BANIHAL,BARAMULLA,14:45:00,17:45:00,134,17,0 days 03:00:00
74628,BARAMULLA,BANIHAL,09:30:00,12:40:00,134,17,0 days 03:10:00
74629,BANIHAL,BARAMULLA,17:25:00,20:25:00,134,17,0 days 03:00:00
74630,BARAMULLA,BANIHAL,11:45:00,14:35:00,134,17,0 days 02:50:00
74631,BANIHAL,BUDGAM,10:50:00,13:10:00,89,12,0 days 02:20:00
74632,BUDGAM,BANIHAL,15:05:00,17:15:00,89,12,0 days 02:10:00
74633,BANIHAL,BUDGAM,12:55:00,15:00:00,89,12,0 days 02:05:00
74634,BUDGAM,BANIHAL,19:00:00,21:05:00,89,12,0 days 02:05:00
74635,BANIHAL,BUDGAM,08:15:00,10:15:00,89,12,0 days 02:00:00
74636,BUDGAM,BANIHAL,06:00:00,08:05:00,89,12,0 days 02:05:00
74637,BANIHAL,BUDGAM,09:35:00,11:55:00,89,12,0 days 02:20:00
74638,BUDGAM,BANIHAL,07:05:00,09:25:00,89,12,0 days 02:20:00
74639,BANIHAL,BUDGAM,16:05:00,18:10:00,89,12,0 days 02:05:00
74640,BUDGAM,BANIHAL,13:50:00,15:55:00,89,12,0 days 02:05:00
74641,JALANDHAR CI,MANANWALA,09:20:00,10:55:00,68,10,0 days 01:35:00
74642,AMRITSAR JN.,JALANDHAR CI,19:20:00,21:20:00,78,12,0 days 02:00:00
74643,JALANDHAR CI,AMRITSAR JN.,17:10:00,19:00:00,78,12,0 days 01:50:00
74644,AMRITSAR JN.,JALANDHAR CI,21:45:00,23:55:00,78,11,0 days 02:10:00
74645,AMBALA CANTT,JALANDHAR CI,14:40:00,19:10:00,170,22,0 days 04:30:00
74646,JALANDHAR CI,AMBALA CANTT,05:00:00,10:15:00,170,21,0 days 05:15:00
74647,LUDHIANA JN.,JALANDHAR CI,20:55:00,22:20:00,56,8,0 days 01:25:00
74648,JALANDHAR CI,LUDHIANA JN.,19:40:00,22:25:00,77,10,0 days 02:45:00
74651,AMRITSAR JN.,DERABABA NAN,04:20:00,05:50:00,53,9,0 days 01:30:00
74652,DERABABA NAN,VERKA JN.,06:05:00,07:30:00,45,8,0 days 01:25:00
74653,VERKA JN.,DERABABA NAN,09:57:00,11:15:00,45,8,0 days 01:18:00
74654,DERABABA NAN,VERKA JN.,11:20:00,12:45:00,45,8,0 days 01:25:00
74655,VERKA JN.,DERABABA NAN,13:43:00,15:05:00,45,8,0 days 01:22:00
74656,DERABABA NAN,VERKA JN.,15:20:00,16:45:00,45,8,0 days 01:25:00
74657,VERKA JN.,DERABABA NAN,17:32:00,18:50:00,45,8,0 days 01:18:00
74658,DERABABA NAN,AMRITSAR JN.,19:15:00,21:05:00,53,9,0 days 01:50:00
74661,AMRITSAR JN.,ATARI JN,07:30:00,08:10:00,25,4,0 days 00:40:00
74662,ATARI JN,AMRITSAR JN.,08:20:00,09:05:00,25,4,0 days 00:45:00
74663,AMRITSAR JN.,ATARI JN,18:20:00,19:00:00,25,4,0 days 00:40:00
74664,ATARI JN,AMRITSAR JN.,19:10:00,20:00:00,25,4,0 days 00:50:00
74671,AMRITSAR JN.,PATHANKOT JN,12:15:00,15:40:00,106,17,0 days 03:25:00
74672,PATHANKOT JN,AMRITSAR JN.,04:15:00,07:20:00,106,17,0 days 03:05:00
74673,VERKA JN.,PATHANKOT JN,15:12:00,18:10:00,98,16,0 days 02:58:00
74674,PATHANKOT JN,VERKA JN.,12:05:00,14:35:00,98,16,0 days 02:30:00
74675,AMRITSAR JN.,PATHANKOT JN,20:25:00,23:10:00,106,16,0 days 02:45:00
74676,PATHANKOT JN,AMRITSAR JN.,18:40:00,21:35:00,106,16,0 days 02:55:00
74681,KHEM KARAN,AMRITSAR JN.,06:40:00,08:55:00,77,5,0 days 02:15:00
74682,AMRITSAR JN.,KHEM KARAN,04:20:00,06:30:00,77,5,0 days 02:10:00
74683,KHEM KARAN,BHAGTANWALA,11:20:00,13:20:00,72,4,0 days 02:00:00
74684,AMRITSAR JN.,KHEM KARAN,09:10:00,11:15:00,77,5,0 days 02:05:00
74685,KHEM KARAN,BHAGTANWALA,15:45:00,17:50:00,72,4,0 days 02:05:00
74686,BHAGTANWALA,KHEM KARAN,13:47:00,15:40:00,72,4,0 days 01:53:00
74687,KHEM KARAN,AMRITSAR JN.,20:15:00,22:25:00,77,5,0 days 02:10:00
74688,BHAGTANWALA,KHEM KARAN,18:17:00,20:10:00,72,4,0 days 01:53:00
74691,AMRITSAR JN.,QADIAN,13:10:00,15:00:00,58,6,0 days 01:50:00
74692,QADIAN,AMRITSAR JN.,15:35:00,18:10:00,58,6,0 days 02:35:00
74801,MERTA CITY,MERTA ROAD J,05:45:00,06:20:00,14,2,0 days 00:35:00
74802,MERTA ROAD J,MERTA CITY,05:00:00,05:35:00,14,2,0 days 00:35:00
74803,MERTA CITY,MERTA ROAD J,08:20:00,08:50:00,14,2,0 days 00:30:00
74804,MERTA ROAD J,MERTA CITY,07:40:00,08:10:00,14,2,0 days 00:30:00
74805,MERTA CITY,MERTA ROAD J,09:45:00,10:15:00,14,2,0 days 00:30:00
74806,MERTA ROAD J,MERTA CITY,09:10:00,09:40:00,14,2,0 days 00:30:00
74807,MERTA CITY,MERTA ROAD J,11:40:00,12:10:00,14,2,0 days 00:30:00
74808,MERTA ROAD J,MERTA CITY,11:00:00,11:30:00,14,2,0 days 00:30:00
74809,MERTA CITY,MERTA ROAD J,14:55:00,15:25:00,14,2,0 days 00:30:00
74810,MERTA ROAD J,MERTA CITY,14:15:00,14:45:00,14,2,0 days 00:30:00
74811,MERTA CITY,MERTA ROAD J,16:45:00,17:15:00,14,2,0 days 00:30:00
74812,MERTA ROAD J,MERTA CITY,16:10:00,16:40:00,14,2,0 days 00:30:00
74813,MERTA CITY,MERTA ROAD J,18:45:00,19:15:00,14,2,0 days 00:30:00
74814,MERTA ROAD J,MERTA CITY,18:05:00,18:35:00,14,2,0 days 00:30:00
74815,MERTA CITY,MERTA ROAD J,20:30:00,21:00:00,14,2,0 days 00:30:00
74816,MERTA ROAD J,MERTA CITY,19:50:00,20:20:00,14,2,0 days 00:30:00
74817,MERTA CITY,MERTA ROAD J,22:25:00,22:55:00,14,2,0 days 00:30:00
74818,MERTA ROAD J,MERTA CITY,21:45:00,22:15:00,14,2,0 days 00:30:00
74831,BIKANER JN.,CHURU,10:00:00,14:25:00,185,19,0 days 04:25:00
74832,CHURU,BIKANER JN.,13:55:00,17:35:00,185,19,0 days 03:40:00
74833,BIKANER JN.,HISAR JN,18:30:00,01:00:00,313,29,0 days 06:30:00
74834,HISAR JN,BIKANER JN.,02:50:00,09:10:00,313,29,0 days 06:20:00
74835,JODHPUR JN.,HISAR JN,11:30:00,22:35:00,471,49,0 days 11:05:00
74836,HISAR JN,JODHPUR JN.,05:15:00,16:30:00,471,49,0 days 11:15:00
74837,JODHPUR JN.,PALANPUR JN,17:15:00,03:50:00,348,39,0 days 10:35:00
74838,PALANPUR JN,JODHPUR JN.,04:15:00,13:00:00,348,39,0 days 08:45:00
74839,JODHPUR JN.,BARMER,13:45:00,18:30:00,208,24,0 days 04:45:00
74840,BARMER,JODHPUR JN.,00:30:00,05:15:00,209,24,0 days 04:45:00
74841,JODHPUR JN.,BHILDI JN,06:20:00,13:45:00,302,35,0 days 07:25:00
74842,BHILDI JN,JODHPUR JN.,14:35:00,22:00:00,303,35,0 days 07:25:00
74843,JODHPUR JN.,BARMER,22:30:00,03:30:00,208,24,0 days 05:00:00
74844,BARMER,JODHPUR JN.,04:15:00,09:05:00,209,24,0 days 04:50:00
74845,REWARI JN.,HISAR JN,07:30:00,12:35:00,211,28,0 days 05:05:00
74846,HISAR JN,REWARI JN.,13:50:00,19:05:00,211,28,0 days 05:15:00
74847,REWARI JN.,HISAR JN,19:20:00,00:20:00,211,28,0 days 05:00:00
74848,HISAR JN,REWARI JN.,01:35:00,06:55:00,211,28,0 days 05:20:00
74849,RATANAGARH J,SARDARSAHAR,08:45:00,10:00:00,48,8,0 days 01:15:00
74850,SARDARSAHAR,RATANAGARH J,10:15:00,11:25:00,47,8,0 days 01:10:00
74851,RATANAGARH J,SARDARSAHAR,13:05:00,14:20:00,48,8,0 days 01:15:00
74852,SARDARSAHAR,RATANAGARH J,14:40:00,15:50:00,47,8,0 days 01:10:00
74853,RATANAGARH J,SARDARSAHAR,16:55:00,18:10:00,48,8,0 days 01:15:00
74854,SARDARSAHAR,RATANAGARH J,18:25:00,19:35:00,47,8,0 days 01:10:00
74855,BIKANER JN.,RATANAGARH J,05:40:00,08:15:00,142,14,0 days 02:35:00
74856,RATANAGARH J,BIKANER JN.,19:55:00,23:00:00,142,14,0 days 03:05:00
74857,SIKAR JN.,CHURU,07:30:00,09:35:00,90,9,0 days 02:05:00
74858,CHURU,SIKAR JN.,17:40:00,19:45:00,90,9,0 days 02:05:00
74901,JALANDHAR CI,PATHANKOT JN,08:50:00,11:45:00,115,18,0 days 02:55:00
74902,PATHANKOT JN,JALANDHAR CI,05:35:00,08:35:00,115,18,0 days 03:00:00
74903,JALANDHAR CI,PATHANKOT JN,18:35:00,21:25:00,115,18,0 days 02:50:00
74904,PATHANKOT JN,JALANDHAR CI,17:25:00,20:35:00,115,18,0 days 03:10:00
74906,UDHAMPUR,JAMMU TAWI,08:15:00,09:45:00,53,6,0 days 01:30:00
74907,JAMMU TAWI,UDHAMPUR,17:30:00,19:05:00,53,6,0 days 01:35:00
74909,PATHANKOT JN,UDHAMPUR,04:45:00,09:30:00,152,19,0 days 04:45:00
74910,UDHAMPUR,PATHANKOT JN,15:35:00,19:40:00,152,19,0 days 04:05:00
74911,HOSHIARPUR,JALANDHAR CI,04:00:00,05:20:00,42,7,0 days 01:20:00
74912,JALANDHAR CI,HOSHIARPUR,03:20:00,04:35:00,42,7,0 days 01:15:00
74913,HOSHIARPUR,JALANDHAR CI,07:55:00,09:10:00,42,7,0 days 01:15:00
74914,JALANDHAR CI,HOSHIARPUR,06:35:00,07:45:00,42,7,0 days 01:10:00
74915,HOSHIARPUR,JALANDHAR CI,14:45:00,15:55:00,42,7,0 days 01:10:00
74916,JALANDHAR CI,HOSHIARPUR,16:30:00,17:30:00,42,7,0 days 01:00:00
74917,HOSHIARPUR,JALANDHAR CI,17:35:00,18:40:00,42,7,0 days 01:05:00
74918,JALANDHAR CI,HOSHIARPUR,18:55:00,20:10:00,42,7,0 days 01:15:00
74919,HOSHIARPUR,JALANDHAR CI,20:20:00,21:30:00,42,7,0 days 01:10:00
74920,JALANDHAR CI,HOSHIARPUR,21:20:00,22:45:00,42,7,0 days 01:25:00
74923,HOSHIARPUR,AMRITSAR JN.,04:50:00,08:35:00,121,18,0 days 03:45:00
74924,MANANWALA,HOSHIARPUR,11:40:00,14:35:00,111,16,0 days 02:55:00
74931,JALANDHAR CI,FIROZPUR CAN,05:00:00,08:20:00,117,18,0 days 03:20:00
74932,FIROZPUR CAN,JALANDHAR CI,03:05:00,06:00:00,117,15,0 days 02:55:00
74933,JALANDHAR CI,FIROZPUR CAN,06:40:00,09:45:00,117,18,0 days 03:05:00
74934,FIROZPUR CAN,JALANDHAR CI,04:55:00,08:30:00,117,18,0 days 03:35:00
74935,JALANDHAR CI,FIROZPUR CAN,08:55:00,12:35:00,117,18,0 days 03:40:00
74936,FIROZPUR CAN,JALANDHAR CI,13:20:00,16:40:00,117,18,0 days 03:20:00
74937,JALANDHAR CI,FIROZPUR CAN,17:35:00,20:45:00,117,18,0 days 03:10:00
74938,FIROZPUR CAN,JALANDHAR CI,15:10:00,18:25:00,117,18,0 days 03:15:00
74939,JALANDHAR CI,FIROZPUR CAN,21:40:00,00:35:00,117,14,0 days 02:55:00
74940,FIROZPUR CAN,JALANDHAR CI,17:40:00,20:40:00,117,18,0 days 03:00:00
74941,NAKODAR JN.,JALANDHAR CI,07:10:00,08:10:00,31,2,0 days 01:00:00
74942,JALANDHAR CI,NAKODAR JN.,06:00:00,07:00:00,31,2,0 days 01:00:00
74943,NAKODAR JN.,JALANDHAR CI,10:00:00,11:00:00,31,2,0 days 01:00:00
74944,JALANDHAR CI,NAKODAR JN.,08:50:00,09:50:00,31,2,0 days 01:00:00
74945,NAKODAR JN.,JALANDHAR CI,16:00:00,17:00:00,31,2,0 days 01:00:00
74946,JALANDHAR CI,NAKODAR JN.,14:50:00,15:50:00,31,2,0 days 01:00:00
74947,NAKODAR JN.,JALANDHAR CI,18:25:00,19:25:00,31,2,0 days 01:00:00
74948,JALANDHAR CI,NAKODAR JN.,17:15:00,18:15:00,31,2,0 days 01:00:00
74951,JAIJON DOABA,JALANDHAR CI,10:25:00,13:45:00,87,17,0 days 03:20:00
74952,JALANDHAR CI,JAIJON DOABA,06:55:00,10:10:00,87,17,0 days 03:15:00
74953,JAIJON DOABA,JALANDHAR CI,17:05:00,20:10:00,87,17,0 days 03:05:00
74954,JALANDHAR CI,JAIJON DOABA,14:00:00,16:55:00,87,17,0 days 02:55:00
74961,LUDHIANA JN.,FIROZPUR CAN,05:00:00,08:20:00,123,20,0 days 03:20:00
74962,FIROZPUR CAN,LUDHIANA JN.,08:45:00,12:15:00,123,20,0 days 03:30:00
74963,LUDHIANA JN.,FIROZPUR CAN,13:20:00,16:50:00,123,20,0 days 03:30:00
74964,FIROZPUR CAN,LUDHIANA JN.,18:20:00,21:45:00,123,20,0 days 03:25:00
74965,LUDHIANA JN.,LOHIAN KHAS,05:25:00,07:35:00,77,15,0 days 02:10:00
74966,LOHIAN KHAS,LUDHIANA JN.,08:10:00,10:10:00,77,15,0 days 02:00:00
74967,LUDHIANA JN.,LOHIAN KHAS,10:20:00,12:30:00,77,15,0 days 02:10:00
74968,LOHIAN KHAS,LUDHIANA JN.,12:40:00,14:40:00,77,15,0 days 02:00:00
74969,LUDHIANA JN.,LOHIAN KHAS,15:00:00,17:10:00,77,15,0 days 02:10:00
74970,LOHIAN KHAS,LUDHIANA JN.,17:20:00,19:35:00,77,15,0 days 02:15:00
74971,FIROZPUR CAN,FAZILKA JN.,08:40:00,10:45:00,88,14,0 days 02:05:00
74972,FAZILKA JN.,FIROZPUR CAN,06:10:00,08:30:00,88,14,0 days 02:20:00
74973,FIROZPUR CAN,FAZILKA JN.,10:15:00,12:35:00,88,14,0 days 02:20:00
74974,FAZILKA JN.,FIROZPUR CAN,10:55:00,13:05:00,88,14,0 days 02:10:00
74975,FIROZPUR CAN,FAZILKA JN.,13:15:00,15:55:00,88,14,0 days 02:40:00
74976,FAZILKA JN.,FIROZPUR CAN,12:45:00,14:55:00,88,14,0 days 02:10:00
74977,FIROZPUR CAN,FAZILKA JN.,17:40:00,19:55:00,88,14,0 days 02:15:00
74978,FAZILKA JN.,FIROZPUR CAN,15:00:00,17:25:00,88,14,0 days 02:25:00
74981,KOT KAPURA J,FAZILKA JN.,04:00:00,06:00:00,80,13,0 days 02:00:00
74982,FAZILKA JN.,KOT KAPURA J,10:30:00,12:30:00,80,13,0 days 02:00:00
74983,KOT KAPURA J,FAZILKA JN.,12:50:00,14:45:00,80,13,0 days 01:55:00
74984,FAZILKA JN.,KOT KAPURA J,20:05:00,22:00:00,80,13,0 days 01:55:00
74985,BATHINDA JN,FAZILKA JN.,07:10:00,10:15:00,122,19,0 days 03:05:00
74986,FAZILKA JN.,BATHINDA JN,03:00:00,05:45:00,122,18,0 days 02:45:00
74987,BATHINDA JN,FAZILKA JN.,21:20:00,23:55:00,122,14,0 days 02:35:00
74988,FAZILKA JN.,BATHINDA JN,16:10:00,19:30:00,122,19,0 days 03:20:00
74991,AMBALA CANTT,AMB  ANDAURA,14:20:00,19:50:00,215,23,0 days 05:30:00
74992,AMB  ANDAURA,AMBALA CANTT,06:00:00,13:10:00,215,23,0 days 07:10:00
74993,KURUKSHETRA,AMBALA CANTT,12:25:00,13:35:00,41,7,0 days 01:10:00
74994,AMBALA CANTT,KURUKSHETRA,10:30:00,11:25:00,41,7,0 days 00:55:00
75002,GONDA JN.,GORAKHPUR JN,02:40:00,08:55:00,220,36,0 days 06:15:00
75003,GORAKHPUR JN,BARHNI,09:50:00,12:55:00,112,22,0 days 03:05:00
75004,BARHNI,GORAKHPUR JN,13:15:00,16:55:00,112,22,0 days 03:40:00
75005,GORAKHPUR JN,GONDA JN.,17:45:00,00:45:00,221,36,0 days 07:00:00
75007,GORAKHPUR JN,GONDA JN.,16:00:00,22:00:00,220,24,0 days 06:00:00
75008,GONDA JN.,GORAKHPUR JN,08:20:00,14:50:00,220,24,0 days 06:30:00
75009,SIWAN JN.,KAPTANGANJ J,11:00:00,14:20:00,127,22,0 days 03:20:00
75010,KAPTANGANJ J,THAWE JN.,14:50:00,17:10:00,98,18,0 days 02:20:00
75011,THAWE JN.,GORAKHPUR JN,18:00:00,22:10:00,138,24,0 days 04:10:00
75012,GORAKHPUR JN,SIWAN JN.,05:10:00,10:15:00,166,27,0 days 05:05:00
75013,GORAKHPUR JN,NAUTANWA,06:15:00,09:15:00,81,19,0 days 03:00:00
75014,NAUTANWA,GORAKHPUR JN,09:45:00,12:55:00,81,19,0 days 03:10:00
75015,GORAKHPUR JN,NAUTANWA,13:50:00,17:15:00,81,19,0 days 03:25:00
75016,NAUTANWA,GORAKHPUR JN,18:40:00,21:45:00,81,19,0 days 03:05:00
75101,BALLIA,VARANASI CIT,04:45:00,08:20:00,136,22,0 days 03:35:00
75102,VARANASI CIT,BALLIA,17:40:00,21:30:00,136,22,0 days 03:50:00
75103,PHEPHNA JN.,VARANASI CIT,13:25:00,16:40:00,126,20,0 days 03:15:00
75104,VARANASI CIT,PHEPHNA JN.,09:00:00,13:05:00,117,20,0 days 04:05:00
75105,MAU JN.,ALLAHABAD CI,13:25:00,20:25:00,214,37,0 days 07:00:00
75106,ALLAHABAD CI,MAU JN.,05:45:00,12:30:00,214,37,0 days 06:45:00
75107,MANDUADIH,ALLAHABAD CI,16:40:00,20:25:00,118,22,0 days 03:45:00
75109,MAU JN.,VARANASI CIT,13:25:00,15:55:00,88,14,0 days 02:30:00
75111,GHAZIPUR CIT,VARANASI JN.,08:05:00,13:20:00,154,25,0 days 05:15:00
75112,VARANASI JN.,GHAZIPUR CIT,13:35:00,19:10:00,156,25,0 days 05:35:00
75113,BHATNI JN.,VARANASI CIT,05:35:00,10:25:00,156,24,0 days 04:50:00
75114,VARANASI CIT,BHATNI JN.,13:50:00,19:55:00,156,24,0 days 06:05:00
75115,GHAZIPUR CIT,PRAYAG JN.,04:15:00,10:20:00,203,30,0 days 06:05:00
75116,PRAYAG JN.,GHAZIPUR CIT,17:30:00,00:25:00,203,30,0 days 06:55:00
75201,SONPUR JN.,CHHAPRA JN.,07:20:00,08:55:00,53,13,0 days 01:35:00
75202,CHHAPRA JN.,SONPUR JN.,09:25:00,11:30:00,53,12,0 days 02:05:00
75207,SAMASTIPUR J,MUZAFFARPUR,04:45:00,11:00:00,169,23,0 days 06:15:00
75208,MUZAFFARPUR,SAMASTIPUR J,12:00:00,17:40:00,169,22,0 days 05:40:00
75209,SAMASTIPUR J,JAYNAGAR,13:45:00,18:15:00,105,16,0 days 04:30:00
75210,JAYNAGAR,SAMASTIPUR J,21:15:00,01:00:00,105,16,0 days 03:45:00
75211,SAMASTIPUR J,SONPUR JN.,19:30:00,23:40:00,111,19,0 days 04:10:00
75212,SONPUR JN.,SAMASTIPUR J,03:20:00,07:55:00,111,19,0 days 04:35:00
75213,RAXAUL JN.,SAGAULI JN.,23:55:00,01:30:00,29,5,0 days 01:35:00
75214,SAGAULI JN.,RAXAUL JN.,02:45:00,03:45:00,29,5,0 days 01:00:00
75221,SONPUR JN.,CHHAPRA JN.,15:00:00,17:45:00,53,12,0 days 02:45:00
75222,CHHAPRA JN.,SONPUR JN.,18:15:00,20:20:00,53,13,0 days 02:05:00
75225,SAMASTIPUR J,RAXAUL JN.,03:40:00,10:15:00,187,23,0 days 06:35:00
75226,RAXAUL JN.,SAMASTIPUR J,17:30:00,23:30:00,187,23,0 days 06:00:00
75227,SAMASTIPUR J,RAXAUL JN.,17:11:00,23:30:00,187,29,0 days 06:19:00
75228,RAXAUL JN.,DARBHANGA JN,04:05:00,09:05:00,150,16,0 days 05:00:00
75229,DARBHANGA JN,RAXAUL JN.,10:15:00,15:15:00,150,16,0 days 05:00:00
75230,RAXAUL JN.,SAMASTIPUR J,09:30:00,16:05:00,187,31,0 days 06:35:00
75231,MUZAFFARPUR,RAXAUL JN.,09:35:00,13:50:00,129,18,0 days 04:15:00
75232,RAXAUL JN.,MUZAFFARPUR,15:35:00,21:00:00,129,20,0 days 05:25:00
75233,RAXAUL JN.,SITAMARHI,10:45:00,13:15:00,82,9,0 days 02:30:00
75234,SITAMARHI,RAXAUL JN.,13:55:00,16:30:00,82,9,0 days 02:35:00
75235,RAXAUL JN.,NARKATIAGANJ,17:05:00,19:40:00,87,13,0 days 02:35:00
75236,NARKATIAGANJ,RAXAUL JN.,05:40:00,09:20:00,87,13,0 days 03:40:00
75237,MUZAFFARPUR,NARKATIAGANJ,21:55:00,01:45:00,159,20,0 days 03:50:00
75238,NARKATIAGANJ,MUZAFFARPUR,03:00:00,07:40:00,159,19,0 days 04:40:00
75253,SAMASTIPUR J,DARBHANGA JN,08:35:00,09:50:00,37,8,0 days 01:15:00
75254,DARBHANGA JN,SAMASTIPUR J,08:05:00,09:40:00,37,8,0 days 01:35:00
75255,DARBHANGA JN,MUZAFFARPUR,11:50:00,16:00:00,132,14,0 days 04:10:00
75256,MUZAFFARPUR,DARBHANGA JN,16:45:00,21:00:00,132,14,0 days 04:15:00
75271,ARA,SASARAM,07:30:00,10:30:00,97,17,0 days 03:00:00
75272,SASARAM,ARA,11:00:00,13:45:00,97,17,0 days 02:45:00
75273,ARA,SASARAM,14:15:00,17:15:00,97,17,0 days 03:00:00
75274,SASARAM,ARA,17:45:00,20:45:00,97,17,0 days 03:00:00
75279,DARBHANGA JN,BIRAUL,22:25:00,23:45:00,54,7,0 days 01:20:00
75280,BIRAUL,DARBHANGA JN,05:15:00,07:57:00,54,5,0 days 02:42:00
75707,RADHIKAPUR,SILIGURI JN.,06:15:00,12:05:00,217,28,0 days 05:50:00
75708,SILIGURI JN.,RADHIKAPUR,17:00:00,22:45:00,217,28,0 days 05:45:00
75713,SILIGURI JN.,NEW COOCH BE,15:45:00,20:45:00,181,20,0 days 05:00:00
75714,NEW COOCH BE,SILIGURI JN.,06:30:00,11:30:00,181,20,0 days 05:00:00
75715,SILIGURI JN.,DINHATA,05:00:00,11:15:00,210,30,0 days 06:15:00
75716,DINHATA,SILIGURI JN.,12:30:00,19:10:00,210,30,0 days 06:40:00
75717,SILIGURI JN.,BAMANHAT,16:15:00,22:00:00,183,29,0 days 05:45:00
75718,BAMANHAT,SILIGURI JN.,05:00:00,11:05:00,183,29,0 days 06:05:00
75719,MALDA COURT,SILIGURI JN.,08:45:00,15:45:00,251,45,0 days 07:00:00
75720,SILIGURI JN.,MALDA COURT,10:15:00,17:15:00,251,44,0 days 07:00:00
75721,SILIGURI JN.,HALDIBARI,17:15:00,19:20:00,63,12,0 days 02:05:00
75722,HALDIBARI,SILIGURI JN.,07:45:00,10:00:00,64,12,0 days 02:15:00
75723,NEW BONGAIGA,GUWAHATI,05:15:00,09:25:00,208,19,0 days 04:10:00
75724,GUWAHATI,NEW BONGAIGA,17:00:00,21:25:00,208,19,0 days 04:25:00
75727,GUWAHATI,HAIBARGAON,09:45:00,12:10:00,100,8,0 days 02:25:00
75728,HAIBARGAON,GUWAHATI,13:20:00,16:00:00,100,7,0 days 02:40:00
75729,GUWAHATI,SILGHAT TOWN,16:30:00,21:00:00,167,16,0 days 04:30:00
75730,SILGHAT TOWN,GUWAHATI,06:00:00,10:25:00,166,16,0 days 04:25:00
75733,TEZNARAYANPU,KATIHAR JN.,08:20:00,09:50:00,33,8,0 days 01:30:00
75734,KATIHAR JN.,TEZNARAYANPU,06:30:00,07:55:00,33,8,0 days 01:25:00
75735,TEZNARAYANPU,KATIHAR JN.,12:15:00,13:45:00,33,8,0 days 01:30:00
75736,KATIHAR JN.,TEZNARAYANPU,10:20:00,11:50:00,33,8,0 days 01:30:00
75737,TEZNARAYANPU,KATIHAR JN.,16:15:00,17:45:00,33,8,0 days 01:30:00
75738,KATIHAR JN.,TEZNARAYANPU,14:15:00,15:45:00,33,8,0 days 01:30:00
75739,TEZNARAYANPU,KATIHAR JN.,20:25:00,21:55:00,33,8,0 days 01:30:00
75740,KATIHAR JN.,TEZNARAYANPU,18:30:00,19:55:00,33,8,0 days 01:25:00
75743,KATIHAR JN.,SILIGURI JN.,18:15:00,00:10:00,204,33,0 days 05:55:00
75744,SILIGURI JN.,KATIHAR JN.,04:00:00,10:05:00,204,33,0 days 06:05:00
75745,KATIHAR JN.,JOGBANI,11:30:00,14:25:00,107,19,0 days 02:55:00
75746,JOGBANI,KATIHAR JN.,15:20:00,18:20:00,108,19,0 days 03:00:00
75747,KATIHAR JN.,BARSOI JN.,21:15:00,22:45:00,40,11,0 days 01:30:00
75748,BARSOI JN.,KATIHAR JN.,03:45:00,05:05:00,40,11,0 days 01:20:00
75749,KATIHAR JN.,TELTA,08:20:00,10:45:00,61,15,0 days 02:25:00
75750,TELTA,KATIHAR JN.,15:00:00,17:10:00,61,15,0 days 02:10:00
75901,TINSUKIA JN.,LEDO,05:00:00,06:30:00,54,4,0 days 01:30:00
75902,LEDO,DIBRUGARH TO,07:00:00,10:15:00,101,14,0 days 03:15:00
75903,DIBRUGARH TO,LEDO,17:45:00,21:00:00,101,14,0 days 03:15:00
75904,LEDO,TINSUKIA JN.,21:20:00,22:35:00,54,4,0 days 01:15:00
75905,TINSUKIA JN.,DIBRUGARH TO,05:20:00,06:40:00,47,4,0 days 01:20:00
75906,DIBRUGARH TO,LEDO,07:05:00,10:20:00,101,14,0 days 03:15:00
75907,LEDO,DIBRUGARH TO,17:45:00,21:10:00,101,14,0 days 03:25:00
75908,DIBRUGARH TO,TINSUKIA JN.,21:30:00,22:45:00,47,4,0 days 01:15:00
75911,TINSUKIA JN.,DANGARI,06:35:00,08:00:00,40,8,0 days 01:25:00
75912,DANGARI,TINSUKIA JN.,08:20:00,09:45:00,39,8,0 days 01:25:00
76501,BANGARPET JN,KOLAR,06:35:00,07:05:00,17,2,0 days 00:30:00
76502,KOLAR,BANGARPET JN,06:00:00,06:30:00,17,2,0 days 00:30:00
76503,BANGARPET JN,KOLAR,13:10:00,13:40:00,17,2,0 days 00:30:00
76504,KOLAR,BANGARPET JN,13:45:00,14:30:00,17,2,0 days 00:45:00
76505,BANGALORE CA,KOLAR,17:55:00,20:15:00,81,12,0 days 02:20:00
76506,KOLAR,BANGALORE CA,07:15:00,09:40:00,81,10,0 days 02:25:00
76507,BANGALORE CA,BANGARPET JN,11:40:00,13:05:00,64,10,0 days 01:25:00
76508,BANGARPET JN,KRANTIVIRA S,15:30:00,17:35:00,68,11,0 days 02:05:00
76523,YESVANTPUR J,HOSUR,14:55:00,16:30:00,62,9,0 days 01:35:00
76524,HOSUR,YESVANTPUR J,17:50:00,19:20:00,61,9,0 days 01:30:00
76525,CHANNA PATNA,KOLAR,16:15:00,21:00:00,201,31,0 days 04:45:00
76526,KOLAR,CHANNA PATNA,06:00:00,11:05:00,201,31,0 days 05:05:00
76551,KRANTIVIRA S,KOLAR,08:30:00,13:00:00,157,22,0 days 04:30:00
76552,KOLAR,KRANTIVIRA S,13:45:00,18:00:00,157,22,0 days 04:15:00
76553,KRANTIVIRA S,DHARMAPURI,18:30:00,21:40:00,150,15,0 days 03:10:00
76554,DHARMAPURI,KRANTIVIRA S,05:00:00,08:10:00,150,15,0 days 03:10:00
76800,TIRUCHIRAPPA,LALGUDI,11:55:00,12:50:00,26,9,0 days 00:55:00
76803,LALGUDI,TIRUCHIRAPPA,05:45:00,06:40:00,26,9,0 days 00:55:00
76804,TIRUCHIRAPPA,LALGUDI,16:50:00,17:45:00,26,9,0 days 00:55:00
76805,MANNARGUDI,TIRUCHIRAPPA,06:30:00,09:10:00,93,12,0 days 02:40:00
76806,TIRUCHIRAPPA,MANNARGUDI,17:30:00,20:00:00,93,12,0 days 02:30:00
76807,TIRUCHIRAPPA,MANAMADURAI,10:05:00,13:20:00,150,14,0 days 03:15:00
76808,MANAMADURAI,TIRUCHIRAPPA,14:00:00,17:15:00,150,14,0 days 03:15:00
76812,THANJAVUR JN,KARAIKAL,06:00:00,09:15:00,94,19,0 days 03:15:00
76813,KARAIKAL,VELANKANNI,09:30:00,10:35:00,28,4,0 days 01:05:00
76814,VELANKANNI,NAGAPPATTINA,10:50:00,11:15:00,10,2,0 days 00:25:00
76815,KARAIKAL,THANJAVUR JN,17:50:00,20:50:00,94,19,0 days 03:00:00
76817,NAGAPPATTINA,VELANKANNI,11:25:00,11:50:00,10,2,0 days 00:25:00
76818,VELANKANNI,KARAIKAL,16:00:00,17:30:00,27,6,0 days 01:30:00
76820,TIRUCHIRAPPA,THANJAVUR JN,01:10:00,02:30:00,49,8,0 days 01:20:00
76821,THANJAVUR JN,TIRUCHIRAPPA,06:40:00,08:10:00,49,9,0 days 01:30:00
76822,TIRUCHIRAPPA,THANJAVUR JN,08:30:00,09:50:00,49,9,0 days 01:20:00
76823,THANJAVUR JN,TIRUCHIRAPPA,05:40:00,07:05:00,49,9,0 days 01:25:00
76824,TIRUCHIRAPPA,THANJAVUR JN,12:10:00,13:30:00,49,9,0 days 01:20:00
76825,MAYILADUTURA,THANJAVUR JN,18:00:00,19:50:00,70,16,0 days 01:50:00
76826,THANJAVUR JN,MAYILADUTURA,11:15:00,13:10:00,70,16,0 days 01:55:00
76827,THANJAVUR JN,TIRUCHIRAPPA,14:05:00,15:35:00,49,9,0 days 01:30:00
76828,TIRUCHIRAPPA,THANJAVUR JN,20:30:00,21:55:00,49,9,0 days 01:25:00
76829,THANJAVUR JN,TIRUCHIRAPPA,19:55:00,21:20:00,49,9,0 days 01:25:00
76830,KARAIKKUDI,TIRUCHIRAPPA,06:50:00,09:10:00,89,10,0 days 02:20:00
76831,TIRUCHIRAPPA,KARAIKKUDI,18:15:00,20:20:00,89,10,0 days 02:05:00
76833,TIRUCHIRAPPA,KARUR JN.,09:35:00,11:35:00,75,15,0 days 02:00:00
76834,KARUR JN.,TIRUCHIRAPPA,15:30:00,17:35:00,75,15,0 days 02:05:00
76835,TIRUCHIRAPPA,KARUR JN.,18:15:00,20:25:00,75,18,0 days 02:10:00
76836,KARUR JN.,TIRUCHIRAPPA,07:00:00,09:15:00,75,18,0 days 02:15:00
76837,KARAIKKUDI,VIRUDUNAGAR,18:00:00,21:35:00,127,11,0 days 03:35:00
76838,VIRUDUNAGAR,KARAIKKUDI,06:40:00,09:35:00,127,11,0 days 02:55:00
76839,TIRUCHIRAPPA,KARAIKKUDI,15:45:00,17:55:00,89,10,0 days 02:10:00
76840,KARAIKKUDI,TIRUCHIRAPPA,09:50:00,11:50:00,89,10,0 days 02:00:00
76841,CUDDALORE PO,TIRUCHIRAPPA,06:15:00,11:00:00,180,26,0 days 04:45:00
76842,TIRUCHIRAPPA,CUDDALORE PO,15:40:00,20:30:00,180,27,0 days 04:50:00
76845,VRIDHA CHALA,TIRUCHIRAPPA,06:00:00,09:00:00,122,23,0 days 03:00:00
76846,TIRUCHIRAPPA,VRIDHA CHALA,18:15:00,21:40:00,122,23,0 days 03:25:00
76847,VRIDHA CHALA,SALEM JN.,06:00:00,09:05:00,139,17,0 days 03:05:00
76848,SALEM JN.,VRIDHA CHALA,18:40:00,22:00:00,139,17,0 days 03:20:00
76849,VRIDHA CHALA,SALEM JN.,13:40:00,16:50:00,139,17,0 days 03:10:00
76850,SALEM JN.,VRIDHA CHALA,09:50:00,12:50:00,139,17,0 days 03:00:00
76851,KARAIKAL,TIRUCHIRAPPA,06:35:00,11:40:00,145,26,0 days 05:05:00
76852,TIRUCHIRAPPA,KARAIKAL,16:30:00,20:50:00,145,25,0 days 04:20:00
76853,NAGORE,TIRUCHIRAPPA,15:10:00,19:30:00,134,25,0 days 04:20:00
76854,TIRUCHIRAPPA,NAGORE,10:10:00,14:10:00,134,25,0 days 04:00:00
77201,VIJAYWADA JN,GUDIVADA JN.,02:50:00,03:55:00,44,4,0 days 01:05:00
77202,GUDIVADA JN.,NARASAPUR,04:30:00,07:25:00,94,15,0 days 02:55:00
77203,NARASAPUR,GUDIVADA JN.,07:50:00,11:15:00,94,21,0 days 03:25:00
77204,GUDIVADA JN.,NARASAPUR,15:45:00,18:55:00,94,21,0 days 03:10:00
77205,NARASAPUR,BHIMAVARAM T,15:55:00,17:05:00,30,8,0 days 01:10:00
77206,BHIMAVARAM J,VIJAYWADA JN,21:15:00,01:15:00,109,20,0 days 04:00:00
77207,VIJAYWADA JN,MACHILIPATNA,03:35:00,05:55:00,81,14,0 days 02:20:00
77208,MACHILIPATNA,VIJAYWADA JN,02:55:00,05:50:00,80,12,0 days 02:55:00
77209,GUDIVADA JN.,MACHILIPATNA,08:50:00,09:55:00,36,8,0 days 01:05:00
77211,GUDIVADA JN.,MACHILIPATNA,12:55:00,13:50:00,36,8,0 days 00:55:00
77212,MACHILIPATNA,VIJAYWADA JN,07:15:00,09:45:00,81,18,0 days 02:30:00
77213,VIJAYWADA JN,GUDIVADA JN.,14:05:00,15:30:00,44,11,0 days 01:25:00
77214,GUDIVADA JN.,VIJAYWADA JN,11:25:00,12:50:00,44,11,0 days 01:25:00
77215,VIJAYWADA JN,MACHILIPATNA,16:10:00,18:40:00,81,18,0 days 02:30:00
77216,MACHILIPATNA,GUDIVADA JN.,14:30:00,15:35:00,36,8,0 days 01:05:00
77218,MACHILIPATNA,VIJAYWADA JN,17:20:00,20:05:00,81,18,0 days 02:45:00
77219,GUDIVADA JN.,MACHILIPATNA,20:35:00,22:00:00,36,8,0 days 01:25:00
77220,MACHILIPATNA,GUDIVADA JN.,19:20:00,20:25:00,36,7,0 days 01:05:00
77221,VIJAYWADA JN,GUNTUR JN.,06:15:00,07:15:00,32,6,0 days 01:00:00
77222,GUNTUR JN.,REPALLE,07:25:00,09:05:00,59,12,0 days 01:40:00
77223,REPALLE,GUNTUR JN.,09:15:00,10:55:00,59,12,0 days 01:40:00
77224,GUNTUR JN.,REPALLE,11:05:00,12:50:00,59,12,0 days 01:45:00
77225,REPALLE,TENALI JN.,13:00:00,14:00:00,33,8,0 days 01:00:00
77226,TENALI JN.,REPALLE,14:15:00,15:15:00,33,8,0 days 01:00:00
77227,REPALLE,TENALI JN.,15:25:00,16:25:00,33,8,0 days 01:00:00
77228,TENALI JN.,REPALLE,16:35:00,17:35:00,33,8,0 days 01:00:00
77229,REPALLE,GUNTUR JN.,17:45:00,19:50:00,59,12,0 days 02:05:00
77230,GUNTUR JN.,VIJAYWADA JN,20:10:00,21:35:00,32,6,0 days 01:25:00
77231,VIJAYWADA JN,BHIMAVARAM J,07:15:00,10:50:00,109,24,0 days 03:35:00
77232,BHIMAVARAM J,GUDIVADA JN.,05:25:00,07:45:00,65,14,0 days 02:20:00
77233,BHIMAVARAM J,NARASAPUR,11:20:00,12:20:00,29,6,0 days 01:00:00
77234,MACHILIPATNA,GUDIVADA JN.,10:15:00,11:20:00,36,8,0 days 01:05:00
77235,GUDIVADA JN.,MACHILIPATNA,16:00:00,17:05:00,36,8,0 days 01:05:00
77237,BHIMAVARAM J,RAJAHMUNDRY,07:30:00,09:55:00,70,18,0 days 02:25:00
77238,RAJAHMUNDRY,BHIMAVARAM J,12:15:00,14:35:00,68,18,0 days 02:20:00
77239,BHIMAVARAM J,NIDADAVOLU J,15:50:00,17:25:00,47,10,0 days 01:35:00
77240,NIDADAVOLU J,BHIMAVARAM J,18:25:00,19:50:00,46,12,0 days 01:25:00
77241,NARASAPUR,RAJAHMUNDRY,19:45:00,23:05:00,99,21,0 days 03:20:00
77242,RAJAHMUNDRY,BHIMAVARAM J,04:25:00,07:10:00,68,15,0 days 02:45:00
77243,BHIMAVARAM T,NIDADAVOLU J,17:15:00,19:40:00,49,12,0 days 02:25:00
77244,NIDADAVOLU J,BHIMAVARAM J,21:45:00,23:15:00,46,9,0 days 01:30:00
77245,GUNTUR JN.,TENALI JN.,21:10:00,21:55:00,25,5,0 days 00:45:00
77246,TENALI JN.,REPALLE,22:40:00,23:40:00,33,7,0 days 01:00:00
77247,REPALLE,TENALI JN.,04:00:00,05:00:00,33,6,0 days 01:00:00
77248,TENALI JN.,MARKAPUR ROA,05:10:00,09:45:00,169,23,0 days 04:35:00
77249,MARKAPUR ROA,GUNTUR JN.,10:05:00,13:40:00,143,19,0 days 03:35:00
77250,GUNTUR JN.,TENALI JN.,14:00:00,14:45:00,25,5,0 days 00:45:00
77251,PEDDAPALLI,MAHBUBABAD,08:00:00,11:45:00,141,14,0 days 03:45:00
77252,MAHBUBABAD,PEDDAPALLI,15:15:00,18:55:00,144,14,0 days 03:40:00
77253,MAHBUBABAD,VIJAYWADA JN,12:10:00,16:45:00,145,13,0 days 04:35:00
77254,VIJAYWADA JN,MAHBUBABAD,10:00:00,13:50:00,146,14,0 days 03:50:00
77255,KARIM NAGAR,SIRPUR TOWN,08:00:00,11:10:00,142,14,0 days 03:10:00
77256,SIRPUR TOWN,KARIM NAGAR,11:30:00,14:30:00,144,14,0 days 03:00:00
77257,JAGITYAL,PEDDAPALLI,18:00:00,22:00:00,83,5,0 days 04:00:00
77258,PEDDAPALLI,JAGITYAL,19:10:00,22:40:00,83,5,0 days 03:30:00
77259,NIZAMABAD,KARIM NAGAR,04:45:00,07:55:00,148,8,0 days 03:10:00
77260,KARIM NAGAR,NIZAMABAD,14:35:00,19:30:00,148,8,0 days 04:55:00
77261,VIJAYWADA JN,MACHILIPATNA,08:30:00,11:35:00,81,18,0 days 03:05:00
77262,MACHILIPATNA,VIJAYWADA JN,11:50:00,14:10:00,81,18,0 days 02:20:00
77263,VIJAYWADA JN,GUDIVADA JN.,17:00:00,18:25:00,44,9,0 days 01:25:00
77264,GUDIVADA JN.,NARASAPUR,18:40:00,22:00:00,94,19,0 days 03:20:00
77265,NARASAPUR,NIDADAVOLU J,04:20:00,06:45:00,76,11,0 days 02:25:00
77266,NIDADAVOLU J,BHIMAVARAM J,07:30:00,08:50:00,46,12,0 days 01:20:00
77267,BHIMAVARAM J,GUDIVADA JN.,15:40:00,17:35:00,65,13,0 days 01:55:00
77268,GUDIVADA JN.,VIJAYWADA JN,19:00:00,20:30:00,44,9,0 days 01:30:00
77269,VIJAYWADA JN,MACHILIPATNA,21:40:00,00:10:00,81,18,0 days 02:30:00
77270,MACHILIPATNA,VIJAYWADA JN,04:30:00,07:15:00,81,18,0 days 02:45:00
77271,KAKINADA TOW,KOTIPALLI,09:30:00,11:30:00,44,12,0 days 02:00:00
77272,KOTIPALLI,KAKINADA TOW,12:00:00,14:00:00,44,12,0 days 02:00:00
77273,JAGITYAL,KARIM NAGAR,06:45:00,07:55:00,47,3,0 days 01:10:00
77274,KARIM NAGAR,JAGITYAL,14:35:00,16:30:00,47,3,0 days 01:55:00
77281,VIJAYWADA JN,TENALI JN.,09:45:00,10:35:00,31,8,0 days 00:50:00
77282,TENALI JN.,GUNTUR JN.,10:40:00,11:50:00,25,5,0 days 01:10:00
77283,GUNTUR JN.,VIJAYWADA JN,12:10:00,13:15:00,32,6,0 days 01:05:00
77284,VIJAYWADA JN,GUNTUR JN.,15:50:00,16:50:00,32,6,0 days 01:00:00
77285,GUNTUR JN.,TENALI JN.,17:00:00,17:55:00,25,5,0 days 00:55:00
77286,TENALI JN.,VIJAYWADA JN,18:00:00,19:00:00,31,8,0 days 01:00:00
77287,VIJAYWADA JN,TENALI JN.,19:25:00,20:15:00,31,8,0 days 00:50:00
77288,TENALI JN.,GUNTUR JN.,20:20:00,21:00:00,25,5,0 days 00:40:00
77289,GUNTUR JN.,VIJAYWADA JN,21:10:00,22:15:00,32,6,0 days 01:05:00
77290,TENALI JN.,GUNTUR JN.,15:15:00,16:00:00,25,5,0 days 00:45:00
77291,BHADRACHALAM,VIJAYWADA JN,13:45:00,18:55:00,177,23,0 days 05:10:00
77292,VIJAYWADA JN,BHADRACHALAM,08:00:00,12:50:00,178,25,0 days 04:50:00
77293,BHIMAVARAM J,RAJAHMUNDRY,14:45:00,17:10:00,70,17,0 days 02:25:00
77294,RAJAHMUNDRY,NARASAPUR,08:00:00,11:45:00,98,25,0 days 03:45:00
77295,NARASAPUR,GUNTUR JN.,12:40:00,19:15:00,171,36,0 days 06:35:00
77297,GUNTUR JN.,MACHERLA,17:50:00,21:45:00,130,17,0 days 03:55:00
77298,MACHERLA,BHIMAVARAM J,05:30:00,14:40:00,272,45,0 days 09:10:00
77401,NANDYAL,CUDDAPAH,06:00:00,10:00:00,161,12,0 days 04:00:00
77402,CUDDAPAH,NANDYAL,12:00:00,15:50:00,161,12,0 days 03:50:00
77403,NANDYAL,CUDDAPAH,16:00:00,19:55:00,161,12,0 days 03:55:00
77404,CUDDAPAH,NANDYAL,20:05:00,23:50:00,161,12,0 days 03:45:00
77405,CUDDAPAH,PENDLIMARRI,10:10:00,10:55:00,14,3,0 days 00:45:00
77406,PENDLIMARRI,CUDDAPAH,11:05:00,11:50:00,14,3,0 days 00:45:00
77414,GUNTAKAL JN.,KURNOOL TOWN,04:40:00,07:30:00,121,13,0 days 02:50:00
77415,KURNOOL TOWN,GUNTAKAL JN.,08:10:00,11:00:00,122,15,0 days 02:50:00
77416,GUNTAKAL JN.,BELLARY JN.,12:00:00,13:25:00,49,9,0 days 01:25:00
77417,BELLARY JN.,GUNTAKAL JN.,14:05:00,15:25:00,50,9,0 days 01:20:00
77418,GUNTAKAL JN.,HINDUPUR,15:45:00,21:00:00,197,22,0 days 05:15:00
77419,HINDUPUR,GUNTAKAL JN.,06:30:00,11:35:00,197,21,0 days 05:05:00
77601,SECUNDERABAD,MEDCHAL,04:05:00,05:25:00,26,14,0 days 01:20:00
77602,MEDCHAL,FALAKNUMA,05:35:00,07:25:00,39,23,0 days 01:50:00
77603,SECUNDERABAD,MANOHARABAD,06:10:00,07:35:00,40,17,0 days 01:25:00
77604,BOLARUM,FALAKNUMA,07:55:00,08:55:00,25,20,0 days 01:00:00
77605,FALAKNUMA,BOLARUM,06:30:00,07:40:00,27,21,0 days 01:10:00
77606,MANOHARABAD,SECUNDERABAD,08:45:00,10:00:00,40,17,0 days 01:15:00
77607,SECUNDERABAD,MEDCHAL,10:10:00,11:15:00,26,14,0 days 01:05:00
77608,MEDCHAL,SECUNDERABAD,11:35:00,12:35:00,26,14,0 days 01:00:00
77609,FALAKNUMA,MANOHARABAD,10:10:00,12:25:00,53,26,0 days 02:15:00
77610,MANOHARABAD,SECUNDERABAD,13:15:00,14:40:00,40,17,0 days 01:25:00
77611,SECUNDERABAD,BOLARUM,12:50:00,13:25:00,13,11,0 days 00:35:00
77612,BOLARUM,SECUNDERABAD,15:30:00,16:15:00,13,11,0 days 00:45:00
77613,SECUNDERABAD,MANOHARABAD,14:50:00,16:00:00,40,17,0 days 01:10:00
77614,MANOHARABAD,SECUNDERABAD,16:55:00,18:17:00,40,17,0 days 01:22:00
77615,SECUNDERABAD,MEDCHAL,16:45:00,17:55:00,26,14,0 days 01:10:00
77616,MEDCHAL,SECUNDERABAD,18:50:00,20:25:00,26,14,0 days 01:35:00
77617,SECUNDERABAD,MANOHARABAD,18:22:00,19:35:00,40,17,0 days 01:13:00
77618,MANOHARABAD,SECUNDERABAD,19:55:00,21:20:00,40,17,0 days 01:25:00
77619,SECUNDERABAD,MEDCHAL,20:45:00,21:55:00,26,14,0 days 01:10:00
77622,MAHBUBNAGAR,JAKLAIR,00:40:00,02:00:00,52,7,0 days 01:20:00
77623,JAKLAIR,MAHBUBNAGAR,05:00:00,06:25:00,52,7,0 days 01:25:00
77630,SECUNDERABAD,UMDANAGAR,04:10:00,05:10:00,27,14,0 days 01:00:00
77631,FALAKNUMA,UMDANAGAR,09:00:00,09:25:00,13,4,0 days 00:25:00
77632,FALAKNUMA,UMDANAGAR,12:10:00,12:35:00,13,4,0 days 00:25:00
77633,FALAKNUMA,UMDANAGAR,14:40:00,14:58:00,13,4,0 days 00:18:00
77634,FALAKNUMA,UMDANAGAR,16:55:00,17:15:00,13,4,0 days 00:20:00
77635,FALAKNUMA,UMDANAGAR,18:45:00,19:20:00,13,4,0 days 00:35:00
77638,FALAKNUMA,UMDANAGAR,20:45:00,21:05:00,13,4,0 days 00:20:00
77640,UMDANAGAR,FALAKNUMA,06:07:00,06:26:00,13,4,0 days 00:19:00
77641,UMDANAGAR,FALAKNUMA,09:30:00,09:48:00,13,4,0 days 00:18:00
77642,UMDANAGAR,FALAKNUMA,13:55:00,14:15:00,13,4,0 days 00:20:00
77643,UMDANAGAR,FALAKNUMA,15:25:00,15:45:00,13,4,0 days 00:20:00
77645,UMDANAGAR,SECUNDERABAD,17:20:00,18:17:00,27,14,0 days 00:57:00
77647,UMDANAGAR,FALAKNUMA,20:00:00,20:40:00,13,4,0 days 00:40:00
77649,UMDANAGAR,SECUNDERABAD,23:20:00,00:10:00,27,14,0 days 00:50:00
77651,BIDAR,GULBARGA,06:15:00,10:00:00,108,8,0 days 03:45:00
77652,GULBARGA,BIDAR,10:30:00,14:15:00,108,8,0 days 03:45:00
77653,BIDAR,HUMNABAD,13:30:00,15:00:00,52,4,0 days 01:30:00
77654,HUMNABAD,BIDAR,15:15:00,16:45:00,52,4,0 days 01:30:00
77655,BIDAR,GULBARGA,14:45:00,18:30:00,108,8,0 days 03:45:00
77656,GULBARGA,BIDAR,19:00:00,22:45:00,108,8,0 days 03:45:00
77657,JALNA,SAI NAGAR SH,05:45:00,12:30:00,253,19,0 days 06:45:00
77658,SAI NAGAR SH,JALNA,13:40:00,21:00:00,253,19,0 days 07:20:00
77671,KACHEGUDA,MAHBUBNAGAR,21:50:00,00:10:00,105,17,0 days 02:20:00
77672,MAHBUBNAGAR,KACHEGUDA,06:45:00,09:10:00,105,21,0 days 02:25:00
77673,MIRYALAGUDA,KACHEGUDA,17:00:00,21:15:00,154,18,0 days 04:15:00
77674,KACHEGUDA,MIRYALAGUDA,09:20:00,13:25:00,154,18,0 days 04:05:00
77675,KACHEGUDA,MIRYALAGUDA,19:15:00,22:55:00,154,17,0 days 03:40:00
77676,MIRYALAGUDA,PIDUGURALLA,23:25:00,02:50:00,59,6,0 days 03:25:00
77677,PIDUGURALLA,MIRYALAGUDA,04:15:00,05:30:00,59,6,0 days 01:15:00
77678,MIRYALAGUDA,KACHEGUDA,05:40:00,09:20:00,154,17,0 days 03:40:00
77679,FALAKNUMA,MEDCHAL,08:35:00,10:25:00,39,23,0 days 01:50:00
77680,MEDCHAL,FALAKNUMA,10:35:00,11:50:00,39,23,0 days 01:15:00
77681,FALAKNUMA,MEDCHAL,13:15:00,14:45:00,39,23,0 days 01:30:00
77682,MEDCHAL,FALAKNUMA,16:50:00,18:05:00,39,23,0 days 01:15:00
77683,JALNA,NAGARSOL,05:45:00,09:30:00,151,14,0 days 03:45:00
77684,NAGARSOL,JALNA,17:45:00,21:00:00,151,14,0 days 03:15:00
77689,GADWAL,RAICHUR,14:50:00,16:30:00,57,5,0 days 01:40:00
77690,RAICHUR,GADWAL,12:55:00,14:30:00,57,5,0 days 01:35:00
77691,JALNA,NAGARSOL,14:35:00,17:15:00,151,14,0 days 02:40:00
77693,KACHEGUDA,RAICHUR,06:20:00,12:25:00,237,22,0 days 06:05:00
77694,RAICHUR,KACHEGUDA,17:00:00,23:00:00,237,21,0 days 06:00:00
77695,NANDYAL,KURNOOL TOWN,06:15:00,10:15:00,129,14,0 days 04:00:00
77696,KURNOOL TOWN,NANDYAL,17:40:00,22:10:00,129,14,0 days 04:30:00
78009,RUPSA JN.,BHANJPUR,22:15:00,23:40:00,55,8,0 days 01:25:00
78010,BHANJPUR,RUPSA JN.,03:15:00,04:40:00,55,8,0 days 01:25:00
78011,RUPSA JN.,BHANJPUR,06:35:00,07:55:00,55,8,0 days 01:20:00
78012,BHANJPUR,BALASORE,08:05:00,09:55:00,72,11,0 days 01:50:00
78013,BALASORE,BARIPADA PH,10:10:00,11:45:00,69,10,0 days 01:35:00
78014,BANGRIPOSI,BARIPADA PH,12:45:00,13:32:00,17,5,0 days 00:47:00
78015,BARIPADA PH,BANGRIPOSI,11:47:00,12:35:00,17,5,0 days 00:48:00
78016,BARIPADA PH,BALASORE,13:34:00,15:10:00,69,10,0 days 01:36:00
78017,BALASORE,BARIPADA PH,15:20:00,17:00:00,69,10,0 days 01:40:00
78018,BANGRIPOSI,BARIPADA PH,18:05:00,19:00:00,17,5,0 days 00:55:00
78019,BARIPADA PH,BANGRIPOSI,17:02:00,17:55:00,17,5,0 days 00:53:00
78020,BARIPADA PH,RUPSA JN.,19:03:00,20:20:00,51,7,0 days 01:17:00
78031,TATANAGAR JN,BADAMPAHAR,06:00:00,10:25:00,116,9,0 days 04:25:00
78032,BADAMPAHAR,TATANAGAR JN,10:40:00,15:05:00,116,9,0 days 04:25:00
78033,TATANAGAR JN,GUA,15:15:00,18:45:00,147,19,0 days 03:30:00
78034,GUA,TATANAGAR JN,19:00:00,22:40:00,147,19,0 days 03:40:00
78051,GRAM MASAGRA,BANKURA,04:04:00,06:55:00,113,26,0 days 02:51:00
78052,BANKURA,GRAM MASAGRA,05:00:00,07:45:00,113,26,0 days 02:45:00
78053,GRAM MASAGRA,BANKURA,08:04:00,10:50:00,113,26,0 days 02:46:00
78054,BANKURA,GRAM MASAGRA,08:50:00,11:40:00,113,26,0 days 02:50:00
78055,GRAM MASAGRA,BANKURA,12:24:00,15:15:00,113,26,0 days 02:51:00
78056,BANKURA,GRAM MASAGRA,13:20:00,16:05:00,113,26,0 days 02:45:00
78057,SONAMUKHI PH,BANKURA,16:50:00,17:50:00,40,8,0 days 01:00:00
78058,BANKURA,SONAMUKHI PH,15:45:00,16:40:00,40,8,0 days 00:55:00
78059,GRAM MASAGRA,BANKURA,17:04:00,19:55:00,113,26,0 days 02:51:00
78060,BANKURA,GRAM MASAGRA,18:00:00,20:44:00,113,26,0 days 02:44:00
78061,GRAM MASAGRA,BANKURA,21:04:00,23:45:00,113,26,0 days 02:41:00
78101,CHAKARADHARP,ROURKELA,05:10:00,07:15:00,96,15,0 days 02:05:00
78102,ROURKELA,CHAKARADHARP,17:15:00,19:25:00,96,15,0 days 02:10:00
78103,ROURKELA,SAMBALPUR JN,07:20:00,11:15:00,150,23,0 days 03:55:00
78104,SAMBALPUR JN,ROURKELA,11:40:00,16:05:00,150,23,0 days 04:25:00
78502,BHUBANESWAR,CUTTACK JN.,09:50:00,10:50:00,27,8,0 days 01:00:00
78503,BHUBANESWAR,BERHAMPUR,17:35:00,21:50:00,165,28,0 days 04:15:00
78504,BERHAMPUR,BHUBANESWAR,05:45:00,09:25:00,165,28,0 days 03:40:00
78505,BERHAMPUR,PALASA,22:05:00,23:45:00,73,10,0 days 01:40:00
78511,BOBBILI JN.,SALUR,06:05:00,06:45:00,16,4,0 days 00:40:00
78512,SALUR,BOBBILI JN.,06:50:00,07:30:00,16,4,0 days 00:40:00
78513,BOBBILI JN.,SALUR,07:40:00,08:20:00,16,4,0 days 00:40:00
78514,SALUR,BOBBILI JN.,08:25:00,09:05:00,16,4,0 days 00:40:00
78515,BOBBILI JN.,SALUR,10:30:00,11:10:00,16,4,0 days 00:40:00
78516,SALUR,BOBBILI JN.,11:20:00,12:00:00,16,4,0 days 00:40:00
78517,BOBBILI JN.,SALUR,15:30:00,16:10:00,16,4,0 days 00:40:00
78518,SALUR,BOBBILI JN.,16:20:00,17:00:00,16,4,0 days 00:40:00
78519,BOBBILI JN.,SALUR,17:10:00,17:50:00,16,4,0 days 00:40:00
78520,SALUR,BOBBILI JN.,18:00:00,18:40:00,16,4,0 days 00:40:00
78531,VIZIANAGARAM,VISAKHAPATNA,08:30:00,09:55:00,60,10,0 days 01:25:00
78534,VIZIANAGARAM,PALASA,20:25:00,23:30:00,142,18,0 days 03:05:00
78801,GONDIA JN.,KATANGI,04:30:00,07:00:00,89,16,0 days 02:30:00
78802,KATANGI,GONDIA JN.,07:50:00,10:10:00,87,16,0 days 02:20:00
78803,GONDIA JN.,KATANGI,09:00:00,11:35:00,89,16,0 days 02:35:00
78804,KATANGI,GONDIA JN.,11:45:00,14:05:00,87,16,0 days 02:20:00
78805,GONDIA JN.,KATANGI,14:45:00,17:05:00,89,16,0 days 02:20:00
78806,KATANGI,GONDIA JN.,17:30:00,20:05:00,87,16,0 days 02:35:00
78807,GONDIA JN.,WARASEONI,18:30:00,20:15:00,60,12,0 days 01:45:00
78808,WARASEONI,GONDIA JN.,20:30:00,22:05:00,58,12,0 days 01:35:00
78809,GONDIA JN.,KATANGI,22:30:00,00:50:00,89,16,0 days 02:20:00
78810,KATANGI,GONDIA JN.,05:30:00,07:50:00,87,16,0 days 02:20:00
78811,TUMSAR RD,TIRODI,04:15:00,05:35:00,47,9,0 days 01:20:00
78812,TIRODI,TUMSAR RD,05:55:00,07:15:00,46,9,0 days 01:20:00
78813,TUMSAR RD,TIRODI,10:35:00,11:55:00,47,9,0 days 01:20:00
78814,TIRODI,TUMSAR RD,12:15:00,13:35:00,46,9,0 days 01:20:00
78815,RAIPUR JN.,GUDUM,09:20:00,13:05:00,149,19,0 days 03:45:00
78816,DALLI-RAJHAR,RAIPUR JN.,05:50:00,09:05:00,129,18,0 days 03:15:00
78817,DURG,DALLI-RAJHAR,21:00:00,23:05:00,89,10,0 days 02:05:00
78818,GUDUM,DURG,13:15:00,15:50:00,104,11,0 days 02:35:00
78819,BALHARSHAH,GONDIA JN.,16:40:00,00:20:00,249,28,0 days 07:40:00
78820,GONDIA JN.,BALHARSHAH,10:20:00,16:15:00,249,28,0 days 05:55:00
78821,GONDIA JN.,KATANGI,12:15:00,15:00:00,89,16,0 days 02:45:00
78822,KATANGI,GONDIA JN.,15:30:00,18:05:00,87,16,0 days 02:35:00
78824,DURG,DALLI-RAJHAR,16:00:00,18:00:00,89,10,0 days 02:00:00
78825,DALLI-RAJHAR,DURG,18:10:00,20:10:00,87,10,0 days 02:00:00
78826,DALLI-RAJHAR,DURG,07:00:00,09:00:00,87,10,0 days 02:00:00
78827,DURG,DALLI-RAJHAR,09:10:00,11:10:00,89,10,0 days 02:00:00
79301,RATLAM JN,BHILWARA,18:30:00,00:55:00,242,26,0 days 06:25:00
79302,BHILWARA,RATLAM JN,02:35:00,09:40:00,242,26,0 days 07:05:00
79303,RATLAM JN,CHITTAURGARH,09:45:00,14:00:00,188,19,0 days 04:15:00
79304,CHITTAURGARH,RATLAM JN,14:10:00,18:10:00,188,18,0 days 04:00:00
79305,MHOW,RATLAM JN,07:45:00,11:35:00,139,20,0 days 03:50:00
79306,RATLAM JN,MHOW,13:00:00,16:40:00,139,20,0 days 03:40:00
79307,MHOW,INDORE BG,16:50:00,17:50:00,21,6,0 days 01:00:00
79308,INDORE BG,MHOW,18:00:00,18:55:00,21,6,0 days 00:55:00
79309,MHOW,RATLAM JN,19:10:00,23:10:00,139,20,0 days 04:00:00
79310,RATLAM JN,MHOW,06:00:00,09:50:00,139,20,0 days 03:50:00
79311,MHOW,INDORE BG,10:10:00,11:05:00,21,6,0 days 00:55:00
79312,INDORE BG,MHOW,11:15:00,12:10:00,21,6,0 days 00:55:00
79313,MHOW,RATLAM JN,14:00:00,18:05:00,139,20,0 days 04:05:00
79314,RATLAM JN,MHOW,10:00:00,13:50:00,139,20,0 days 03:50:00
79315,MHOW,INDORE BG,21:05:00,22:00:00,21,6,0 days 00:55:00
79316,INDORE BG,MHOW,22:10:00,23:05:00,21,6,0 days 00:55:00
79317,MHOW,RATLAM JN,05:30:00,09:25:00,139,20,0 days 03:55:00
79318,RATLAM JN,MHOW,18:20:00,22:00:00,139,20,0 days 03:40:00
79319,INDORE BG,MHOW,14:40:00,15:35:00,21,6,0 days 00:55:00
79320,MHOW,INDORE BG,13:20:00,14:15:00,21,6,0 days 00:55:00
79321,INDORE BG,MHOW,18:00:00,18:55:00,21,6,0 days 00:55:00
79322,MHOW,INDORE BG,16:50:00,17:45:00,21,6,0 days 00:55:00
79323,INDORE BG,MHOW,20:20:00,21:15:00,21,6,0 days 00:55:00
79324,MHOW,INDORE BG,19:10:00,20:05:00,21,6,0 days 00:55:00
79325,INDORE BG,MHOW,22:45:00,23:40:00,21,6,0 days 00:55:00
79326,MHOW,INDORE BG,21:35:00,22:30:00,21,6,0 days 00:55:00
79413,ANAND JN.,KHAMBHAT,13:35:00,15:20:00,51,13,0 days 01:45:00
79414,KHAMBHAT,ANAND JN.,13:30:00,15:00:00,51,13,0 days 01:30:00
79415,ANAND JN.,KHAMBHAT,11:15:00,13:00:00,51,13,0 days 01:45:00
79416,KHAMBHAT,ANAND JN.,11:10:00,12:40:00,51,13,0 days 01:30:00
79417,ANAND JN.,KHAMBHAT,07:05:00,08:45:00,51,13,0 days 01:40:00
79418,KHAMBHAT,ANAND JN.,06:50:00,08:30:00,51,13,0 days 01:40:00
79419,ANAND JN.,KHAMBHAT,18:00:00,19:40:00,51,13,0 days 01:40:00
79420,KHAMBHAT,ANAND JN.,17:45:00,19:25:00,51,13,0 days 01:40:00
79421,ANAND JN.,KHAMBHAT,05:00:00,06:40:00,51,13,0 days 01:40:00
79422,KHAMBHAT,ANAND JN.,09:05:00,10:45:00,51,13,0 days 01:40:00
79423,ANAND JN.,KHAMBHAT,15:35:00,17:20:00,51,13,0 days 01:45:00
79424,KHAMBHAT,ANAND JN.,19:55:00,21:35:00,51,13,0 days 01:40:00
79425,ANAND JN.,KHAMBHAT,09:20:00,11:00:00,51,13,0 days 01:40:00
79426,KHAMBHAT,ANAND JN.,15:30:00,17:00:00,51,13,0 days 01:30:00
79427,ANAND JN.,KHAMBHAT,20:10:00,21:50:00,51,13,0 days 01:40:00
79428,KHAMBHAT,ANAND JN.,04:45:00,06:25:00,51,13,0 days 01:40:00
79429,ANAND JN.,AHMEDABAD,22:35:00,00:30:00,63,5,0 days 01:55:00
79430,AHMEDABAD,ANAND JN.,01:50:00,03:20:00,63,5,0 days 01:30:00
79431,AHMEDABAD,MAHESANA JN,15:15:00,16:55:00,68,10,0 days 01:40:00
79432,MAHESANA JN,AHMEDABAD,07:55:00,10:10:00,68,10,0 days 02:15:00
79433,AHMEDABAD,PATAN,18:50:00,21:55:00,109,15,0 days 03:05:00
79434,PATAN,AHMEDABAD,06:00:00,08:55:00,109,15,0 days 02:55:00
79435,AHMEDABAD,PATAN,10:25:00,13:25:00,109,15,0 days 03:00:00
79436,PATAN,AHMEDABAD,13:50:00,16:40:00,109,15,0 days 02:50:00
79437,MAHESANA JN,ABU ROAD,17:15:00,20:30:00,118,17,0 days 03:15:00
79438,ABU ROAD,MAHESANA JN,05:00:00,07:50:00,117,17,0 days 02:50:00
79441,WANKANER,MORVI,07:10:00,07:55:00,28,5,0 days 00:45:00
79442,MORVI,WANKANER,08:10:00,08:55:00,28,5,0 days 00:45:00
79443,WANKANER,MORVI,09:30:00,10:20:00,28,5,0 days 00:50:00
79444,MORVI,WANKANER,13:05:00,13:50:00,28,5,0 days 00:45:00
79445,WANKANER,RAJKOT,16:35:00,20:10:00,98,14,0 days 03:35:00
79446,MORVI,WANKANER,17:30:00,18:15:00,28,5,0 days 00:45:00
79447,WANKANER,MORVI,19:20:00,20:05:00,28,5,0 days 00:45:00
79448,MORVI,WANKANER,20:20:00,21:05:00,28,6,0 days 00:45:00
79449,MORVI,MALIYA MIYAN,10:30:00,12:00:00,47,7,0 days 01:30:00
79450,MALIYA MIYAN,MORVI,12:15:00,13:45:00,47,7,0 days 01:30:00
79451,WANKANER,MORVI,22:00:00,22:45:00,28,5,0 days 00:45:00
79452,MORVI,WANKANER,06:00:00,06:45:00,28,5,0 days 00:45:00
79453,WANKANER,MORVI,12:10:00,12:55:00,28,5,0 days 00:45:00
79454,RAJKOT,WANKANER,07:10:00,11:10:00,98,16,0 days 04:00:00
79455,VADODARA JN.,CHHOTA UDEPU,11:35:00,14:25:00,105,19,0 days 02:50:00
79456,CHHOTA UDEPU,VADODARA JN.,15:35:00,18:30:00,105,19,0 days 02:55:00
79457,SURENDRANAGA,DHRANGADHRA,08:20:00,09:20:00,36,2,0 days 01:00:00
79458,DHRANGADHRA,SURENDRANAGA,09:30:00,10:30:00,36,2,0 days 01:00:00
79459,SURENDRANAGA,DHRANGADHRA,17:45:00,18:45:00,36,2,0 days 01:00:00
79460,DHRANGADHRA,SURENDRANAGA,19:00:00,20:00:00,36,2,0 days 01:00:00
79481,VIJAPUR,ADRAJ MOTI,08:20:00,10:15:00,39,2,0 days 01:55:00
79482,ADRAJ MOTI,VIJAPUR,10:25:00,12:10:00,39,2,0 days 01:45:00
79483,VIJAPUR,ADRAJ MOTI,16:20:00,18:05:00,39,2,0 days 01:45:00
79484,ADRAJ MOTI,VIJAPUR,18:10:00,20:00:00,39,2,0 days 01:50:00
79485,VIJAPUR,AMBLIYASAN J,06:30:00,08:20:00,1,2,0 days 01:50:00
79486,AMBLIYASAN J,VIJAPUR,09:35:00,11:25:00,1,2,0 days 01:50:00
79487,VIJAPUR,AMBLIYASAN J,12:20:00,14:10:00,1,2,0 days 01:50:00
79488,AMBLIYASAN J,VIJAPUR,14:20:00,16:10:00,1,2,0 days 01:50:00
79489,VIJAPUR,AMBLIYASAN J,16:20:00,18:10:00,1,2,0 days 01:50:00
79490,AMBLIYASAN J,VIJAPUR,18:20:00,20:10:00,1,2,0 days 01:50:00
82355,PATNA JN.,CST-MUMBAI,13:00:00,16:05:00,1712,7,1 days 03:05:00
82601,CHENNAI EGMO,TIRUNELVELI,21:50:00,10:45:00,649,11,0 days 12:55:00
82606,TIRUNELVELI,CHENNAI EGMO,15:30:00,03:30:00,649,15,0 days 12:00:00
82631,CHENNAI CENT,ERNAKULAM. J,20:00:00,08:45:00,695,13,0 days 12:45:00
82635,CHENNAI CENT,QUILON,22:30:00,14:30:00,849,18,0 days 16:00:00
82651,YESVANTPUR J,SHRI MATA VA,11:30:00,20:25:00,3211,22,2 days 08:55:00
82652,SHRI MATA VA,YESVANTPUR J,05:40:00,15:00:00,3212,22,2 days 09:20:00
82653,YESVANTPUR J,JAIPUR JN.,11:30:00,06:35:00,2440,22,1 days 19:05:00
82654,JAIPUR JN.,YESVANTPUR J,22:15:00,18:05:00,2440,18,1 days 19:50:00
82665,YESVANTPUR J,VASCO-DA-GAM,20:15:00,02:24:00,668,15,0 days 06:09:00
82666,VASCO-DA-GAM,YESVANTPUR J,20:45:00,02:53:00,663,15,0 days 06:08:00
90540,VIRAR,CHURCHGATE,12:27:00,14:10:00,60,2,0 days 01:43:00
90981,CHURCHGATE,VIRAR,19:40:00,21:06:00,59,2,0 days 01:26:00
91392,RAVLI JN,CST-MUMBAI,12:08:00,12:29:00,10,2,0 days 00:21:00
91393,CST-MUMBAI,RAVLI JN,12:35:00,12:55:00,10,2,0 days 00:20:00
91394,RAVLI JN,CST-MUMBAI,13:50:00,14:10:00,10,2,0 days 00:20:00
91395,CST-MUMBAI,RAVLI JN,14:16:00,14:36:00,10,2,0 days 00:20:00
91396,RAVLI JN,CST-MUMBAI,20:18:00,20:39:00,10,2,0 days 00:21:00
91491,CST-MUMBAI,RAVLI JN,20:45:00,21:05:00,10,2,0 days 00:20:00
93001,VIRAR,DAHANU ROAD,05:00:00,06:15:00,63,2,0 days 01:15:00
93002,DAHANU ROAD,ANDHERI,05:40:00,07:34:00,101,2,0 days 01:54:00
93003,VIRAR,DAHANU ROAD,05:35:00,06:53:00,63,2,0 days 01:18:00
93004,DAHANU ROAD,VIRAR,07:05:00,08:25:00,63,2,0 days 01:20:00
93005,CHURCHGATE,DAHANU ROAD,04:58:00,07:30:00,123,2,0 days 02:32:00
93006,DAHANU ROAD,CHURCHGATE,07:15:00,09:59:00,123,2,0 days 02:44:00
93007,CHURCHGATE,DAHANU ROAD,05:24:00,08:20:00,123,2,0 days 02:56:00
93008,DAHANU ROAD,BORIVLI,08:30:00,10:23:00,89,2,0 days 01:53:00
93009,ANDHERI,DAHANU ROAD,07:38:00,09:50:00,101,2,0 days 02:12:00
93010,DAHANU ROAD,VIRAR,09:35:00,10:50:00,63,2,0 days 01:15:00
93011,VIRAR,DAHANU ROAD,09:10:00,10:35:00,63,2,0 days 01:25:00
93012,DAHANU ROAD,VIRAR,10:05:00,11:20:00,63,2,0 days 01:15:00
93013,BORIVLI,DAHANU ROAD,10:31:00,12:20:00,89,2,0 days 01:49:00
93014,DAHANU ROAD,VIRAR,11:10:00,12:25:00,63,2,0 days 01:15:00
93015,CHURCHGATE,DAHANU ROAD,10:03:00,12:55:00,123,2,0 days 02:52:00
93016,DAHANU ROAD,CHURCHGATE,12:42:00,15:17:00,123,2,0 days 02:35:00
93017,VIRAR,DAHANU ROAD,11:55:00,13:15:00,63,2,0 days 01:20:00
93018,DAHANU ROAD,VIRAR,13:20:00,14:35:00,63,2,0 days 01:15:00
93019,VIRAR,DAHANU ROAD,12:15:00,13:35:00,63,2,0 days 01:20:00
93020,DAHANU ROAD,DADAR,14:15:00,16:28:00,113,2,0 days 02:13:00
93021,VIRAR,DAHANU ROAD,13:20:00,14:40:00,63,2,0 days 01:20:00
93022,DAHANU ROAD,DADAR,15:20:00,17:47:00,113,2,0 days 02:27:00
93023,VIRAR,DAHANU ROAD,15:05:00,16:45:00,63,2,0 days 01:40:00
93024,DAHANU ROAD,VIRAR,17:20:00,18:35:00,63,2,0 days 01:15:00
93025,CHURCHGATE,DAHANU ROAD,15:22:00,18:05:00,123,2,0 days 02:43:00
93026,DAHANU ROAD,CHURCHGATE,17:35:00,20:14:00,123,2,0 days 02:39:00
93027,DADAR,DAHANU ROAD,16:47:00,19:15:00,113,2,0 days 02:28:00
93028,DAHANU ROAD,CHURCHGATE,18:55:00,21:41:00,123,2,0 days 02:46:00
93029,DADAR,DAHANU ROAD,18:00:00,20:25:00,113,2,0 days 02:25:00
93030,DAHANU ROAD,CHURCHGATE,19:45:00,22:17:00,123,2,0 days 02:32:00
93031,VIRAR,DAHANU ROAD,20:35:00,21:50:00,63,8,0 days 01:15:00
93032,DAHANU ROAD,VIRAR,20:45:00,22:00:00,63,2,0 days 01:15:00
93033,CHURCHGATE,DAHANU ROAD,20:27:00,23:05:00,123,2,0 days 02:38:00
93034,DAHANU ROAD,VIRAR,22:35:00,23:50:00,63,9,0 days 01:15:00
93101,VIRAR,DAHANU ROAD,05:35:00,06:53:00,63,9,0 days 01:18:00
93102,DAHANU ROAD,VIRAR,07:05:00,08:25:00,63,9,0 days 01:20:00
93103,CHURCHGATE,DAHANU ROAD,04:58:00,07:30:00,123,17,0 days 02:32:00
93104,DAHANU ROAD,VIRAR,09:35:00,10:50:00,63,9,0 days 01:15:00
93105,VIRAR,DAHANU ROAD,09:10:00,10:35:00,63,9,0 days 01:25:00
93109,VIRAR,DAHANU ROAD,13:20:00,14:40:00,63,9,0 days 01:20:00
95001,KALYAN JN,PALASDARI,08:31:00,09:27:00,49,10,0 days 00:56:00
95002,PALASDARI,KALYAN JN,06:34:00,07:32:00,49,8,0 days 00:58:00
95003,KALYAN JN,PALASDARI,13:22:00,14:20:00,49,10,0 days 00:58:00
95004,PALASDARI,KALYAN JN,05:08:00,06:10:00,49,8,0 days 01:02:00
95005,KALYAN JN,PALASDARI,16:24:00,17:22:00,49,10,0 days 00:58:00
95006,PALASDARI,KALYAN JN,08:58:00,09:56:00,49,8,0 days 00:58:00
95007,KALYAN JN,PALASDARI,18:36:00,19:33:00,49,10,0 days 00:57:00
95008,PALASDARI,KALYAN JN,14:06:00,15:04:00,49,8,0 days 00:58:00
95009,KALYAN JN,PALASDARI,21:48:00,22:45:00,49,10,0 days 00:57:00
95010,PALASDARI,KALYAN JN,16:46:00,17:44:00,49,8,0 days 00:58:00
95011,KALYAN JN,PALASDARI,23:02:00,23:58:00,49,10,0 days 00:56:00
95012,PALASDARI,KALYAN JN,18:20:00,19:19:00,49,8,0 days 00:59:00
95013,KALYAN JN,PALASDARI,00:18:00,01:15:00,49,8,0 days 00:57:00
95101,KALYAN JN,KARJAT,07:13:00,08:05:00,46,9,0 days 00:52:00
95102,KARJAT,KALYAN JN,04:47:00,05:37:00,46,7,0 days 00:50:00
95103,KALYAN JN,KARJAT,07:50:00,08:43:00,46,9,0 days 00:53:00
95104,KARJAT,KALYAN JN,05:53:00,06:43:00,46,7,0 days 00:50:00
95105,KALYAN JN,KARJAT,09:18:00,10:09:00,46,9,0 days 00:51:00
95106,KARJAT,KALYAN JN,06:33:00,07:24:00,46,7,0 days 00:51:00
95107,KALYAN JN,KARJAT,10:01:00,10:51:00,46,9,0 days 00:50:00
95108,KARJAT,KALYAN JN,07:00:00,07:51:00,46,7,0 days 00:51:00
95109,KALYAN JN,KARJAT,10:38:00,11:28:00,46,9,0 days 00:50:00
95110,KARJAT,KALYAN JN,07:19:00,08:09:00,46,7,0 days 00:50:00
95111,KALYAN JN,KARJAT,11:40:00,12:30:00,46,9,0 days 00:50:00
95112,KARJAT,KALYAN JN,07:54:00,08:44:00,46,7,0 days 00:50:00
95113,KALYAN JN,KARJAT,12:15:00,13:06:00,46,9,0 days 00:51:00
95114,KARJAT,KALYAN JN,08:27:00,09:17:00,46,7,0 days 00:50:00
95115,KALYAN JN,KARJAT,14:15:00,15:05:00,46,9,0 days 00:50:00
95116,KARJAT,KALYAN JN,09:45:00,10:35:00,46,7,0 days 00:50:00
95117,KALYAN JN,KARJAT,14:40:00,15:30:00,46,9,0 days 00:50:00
95118,KARJAT,KALYAN JN,10:45:00,11:36:00,46,7,0 days 00:51:00
95119,KALYAN JN,KARJAT,15:54:00,16:44:00,46,9,0 days 00:50:00
95120,KARJAT,KALYAN JN,11:19:00,12:09:00,46,7,0 days 00:50:00
95121,KALYAN JN,KARJAT,16:53:00,17:45:00,46,9,0 days 00:52:00
95122,KARJAT,KALYAN JN,12:01:00,12:51:00,46,7,0 days 00:50:00
95123,KALYAN JN,KARJAT,17:31:00,18:21:00,46,9,0 days 00:50:00
95124,KARJAT,KALYAN JN,13:00:00,13:51:00,46,7,0 days 00:51:00
95125,KALYAN JN,KARJAT,19:22:00,20:12:00,46,9,0 days 00:50:00
95126,KARJAT,KALYAN JN,13:57:00,14:47:00,46,7,0 days 00:50:00
95127,KALYAN JN,KARJAT,20:02:00,20:53:00,46,9,0 days 00:51:00
95128,KARJAT,KALYAN JN,15:27:00,16:17:00,46,7,0 days 00:50:00
95129,KALYAN JN,KARJAT,20:53:00,21:45:00,46,9,0 days 00:52:00
95130,KARJAT,KALYAN JN,16:11:00,17:01:00,46,7,0 days 00:50:00
95131,KALYAN JN,KARJAT,22:29:00,23:19:00,46,9,0 days 00:50:00
95132,KARJAT,KALYAN JN,17:33:00,18:23:00,46,7,0 days 00:50:00
95134,KARJAT,KALYAN JN,17:56:00,18:47:00,46,7,0 days 00:51:00
95136,KARJAT,KALYAN JN,18:42:00,19:32:00,46,7,0 days 00:50:00
95138,KARJAT,KALYAN JN,19:45:00,20:35:00,46,7,0 days 00:50:00
95140,KARJAT,KALYAN JN,20:40:00,21:32:00,46,7,0 days 00:52:00
95142,KARJAT,KALYAN JN,21:15:00,22:05:00,46,7,0 days 00:50:00
95144,KARJAT,KALYAN JN,22:03:00,22:53:00,46,7,0 days 00:50:00
95201,KALYAN JN,BADLAPUR,07:26:00,07:44:00,14,5,0 days 00:18:00
95202,BADLAPUR,KALYAN JN,06:55:00,07:14:00,14,3,0 days 00:19:00
95203,KALYAN JN,BADLAPUR,08:07:00,08:29:00,14,5,0 days 00:22:00
95204,BADLAPUR,KALYAN JN,08:11:00,08:29:00,14,3,0 days 00:18:00
95205,KALYAN JN,BADLAPUR,09:00:00,09:19:00,14,5,0 days 00:19:00
95206,BADLAPUR,KALYAN JN,09:29:00,09:48:00,14,3,0 days 00:19:00
95207,KALYAN JN,BADLAPUR,09:54:00,10:14:00,14,5,0 days 00:20:00
95208,BADLAPUR,KALYAN JN,10:42:00,11:02:00,14,3,0 days 00:20:00
95209,KALYAN JN,BADLAPUR,10:16:00,10:35:00,14,5,0 days 00:19:00
95210,BADLAPUR,KALYAN JN,18:55:00,19:14:00,14,3,0 days 00:19:00
95211,KALYAN JN,BADLAPUR,10:29:00,10:48:00,14,5,0 days 00:19:00
95212,BADLAPUR,KALYAN JN,19:35:00,19:55:00,14,3,0 days 00:20:00
95213,KALYAN JN,BADLAPUR,10:45:00,11:04:00,14,5,0 days 00:19:00
95214,BADLAPUR,KALYAN JN,08:45:00,09:05:00,14,3,0 days 00:20:00
95215,KALYAN JN,BADLAPUR,11:06:00,11:28:00,14,5,0 days 00:22:00
95216,BADLAPUR,KALYAN JN,13:22:00,13:42:00,14,3,0 days 00:20:00
95217,KALYAN JN,BADLAPUR,11:27:00,11:48:00,14,5,0 days 00:21:00
95218,BADLAPUR,KALYAN JN,14:11:00,14:30:00,14,3,0 days 00:19:00
95219,KALYAN JN,BADLAPUR,11:48:00,12:07:00,14,5,0 days 00:19:00
95220,BADLAPUR,KALYAN JN,15:23:00,15:42:00,14,3,0 days 00:19:00
95221,KALYAN JN,BADLAPUR,12:51:00,13:09:00,14,5,0 days 00:18:00
95222,BADLAPUR,KALYAN JN,15:42:00,16:01:00,14,3,0 days 00:19:00
95223,KALYAN JN,BADLAPUR,14:54:00,15:15:00,14,5,0 days 00:21:00
95224,BADLAPUR,KALYAN JN,16:21:00,16:40:00,14,3,0 days 00:19:00
95225,KALYAN JN,BADLAPUR,15:09:00,15:29:00,14,5,0 days 00:20:00
95226,BADLAPUR,KALYAN JN,17:04:00,17:23:00,14,3,0 days 00:19:00
95227,KALYAN JN,BADLAPUR,17:01:00,17:20:00,14,5,0 days 00:19:00
95228,BADLAPUR,KALYAN JN,17:31:00,17:50:00,14,3,0 days 00:19:00
95229,KALYAN JN,BADLAPUR,17:46:00,18:06:00,14,5,0 days 00:20:00
95230,BADLAPUR,KALYAN JN,18:15:00,18:35:00,14,3,0 days 00:20:00
95231,KALYAN JN,BADLAPUR,18:28:00,18:48:00,14,5,0 days 00:20:00
95232,BADLAPUR,KALYAN JN,20:03:00,20:22:00,14,3,0 days 00:19:00
95233,KALYAN JN,BADLAPUR,19:02:00,19:22:00,14,5,0 days 00:20:00
95234,BADLAPUR,KALYAN JN,20:46:00,21:07:00,14,3,0 days 00:21:00
95235,KALYAN JN,BADLAPUR,19:42:00,20:01:00,14,5,0 days 00:19:00
95236,BADLAPUR,KALYAN JN,21:00:00,21:19:00,14,3,0 days 00:19:00
95237,KALYAN JN,BADLAPUR,20:13:00,20:32:00,14,5,0 days 00:19:00
95239,KALYAN JN,BADLAPUR,20:24:00,20:45:00,14,5,0 days 00:21:00
95241,KALYAN JN,BADLAPUR,23:32:00,23:53:00,14,5,0 days 00:21:00
95301,KALYAN JN,AMBERNATH,09:27:00,09:39:00,6,4,0 days 00:12:00
95302,AMBERNATH,KALYAN JN,07:17:00,07:29:00,6,2,0 days 00:12:00
95303,KALYAN JN,AMBERNATH,09:49:00,10:02:00,6,4,0 days 00:13:00
95304,AMBERNATH,KALYAN JN,07:36:00,07:48:00,6,2,0 days 00:12:00
95305,KALYAN JN,AMBERNATH,10:22:00,10:34:00,6,4,0 days 00:12:00
95306,AMBERNATH,KALYAN JN,07:51:00,08:03:00,6,2,0 days 00:12:00
95307,KALYAN JN,AMBERNATH,10:53:00,11:05:00,6,4,0 days 00:12:00
95308,AMBERNATH,KALYAN JN,08:10:00,08:22:00,6,2,0 days 00:12:00
95309,KALYAN JN,AMBERNATH,11:11:00,11:24:00,6,4,0 days 00:13:00
95310,AMBERNATH,KALYAN JN,08:27:00,08:39:00,6,2,0 days 00:12:00
95311,KALYAN JN,AMBERNATH,11:32:00,11:46:00,6,4,0 days 00:14:00
95312,AMBERNATH,KALYAN JN,08:44:00,08:56:00,6,2,0 days 00:12:00
95313,KALYAN JN,AMBERNATH,11:52:00,12:04:00,6,4,0 days 00:12:00
95314,AMBERNATH,KALYAN JN,09:50:00,10:02:00,6,2,0 days 00:12:00
95315,KALYAN JN,AMBERNATH,12:25:00,12:37:00,6,4,0 days 00:12:00
95316,AMBERNATH,KALYAN JN,10:13:00,10:25:00,6,2,0 days 00:12:00
95317,KALYAN JN,AMBERNATH,17:06:00,17:17:00,6,4,0 days 00:11:00
95318,AMBERNATH,KALYAN JN,11:35:00,11:48:00,6,2,0 days 00:13:00
95319,KALYAN JN,AMBERNATH,18:09:00,18:22:00,6,4,0 days 00:13:00
95320,AMBERNATH,KALYAN JN,19:13:00,19:25:00,6,2,0 days 00:12:00
95321,KALYAN JN,AMBERNATH,18:47:00,18:58:00,6,4,0 days 00:11:00
95322,AMBERNATH,KALYAN JN,15:06:00,15:18:00,6,2,0 days 00:12:00
95323,KALYAN JN,AMBERNATH,19:07:00,19:19:00,6,4,0 days 00:12:00
95324,AMBERNATH,KALYAN JN,14:45:00,14:57:00,6,2,0 days 00:12:00
95325,KALYAN JN,AMBERNATH,19:32:00,19:44:00,6,4,0 days 00:12:00
95326,AMBERNATH,KALYAN JN,15:39:00,15:51:00,6,2,0 days 00:12:00
95327,KALYAN JN,AMBERNATH,19:56:00,20:10:00,6,4,0 days 00:14:00
95328,AMBERNATH,KALYAN JN,16:24:00,16:36:00,6,2,0 days 00:12:00
95329,KALYAN JN,AMBERNATH,20:28:00,20:40:00,6,4,0 days 00:12:00
95330,AMBERNATH,KALYAN JN,16:45:00,16:57:00,6,2,0 days 00:12:00
95331,KALYAN JN,AMBERNATH,20:45:00,20:57:00,6,4,0 days 00:12:00
95332,AMBERNATH,KALYAN JN,17:25:00,17:37:00,6,2,0 days 00:12:00
95334,AMBERNATH,KALYAN JN,17:50:00,18:04:00,6,2,0 days 00:14:00
95336,AMBERNATH,KALYAN JN,20:05:00,20:18:00,6,2,0 days 00:13:00
95338,AMBERNATH,KALYAN JN,20:50:00,21:03:00,6,2,0 days 00:13:00
95340,AMBERNATH,KALYAN JN,18:04:00,18:17:00,6,2,0 days 00:13:00
95342,AMBERNATH,KALYAN JN,18:32:00,18:44:00,6,2,0 days 00:12:00
95401,KALYAN JN,KASARA,07:55:00,09:11:00,67,12,0 days 01:16:00
95402,KASARA,KALYAN JN,06:10:00,07:20:00,67,10,0 days 01:10:00
95403,KALYAN JN,KASARA,09:35:00,10:45:00,67,12,0 days 01:10:00
95404,KASARA,KALYAN JN,06:45:00,07:56:00,67,10,0 days 01:11:00
95405,KALYAN JN,KASARA,10:43:00,11:54:00,67,12,0 days 01:11:00
95406,KASARA,KALYAN JN,07:22:00,08:35:00,67,10,0 days 01:13:00
95407,KALYAN JN,KASARA,11:19:00,12:32:00,67,12,0 days 01:13:00
95408,KASARA,KALYAN JN,08:18:00,09:30:00,67,10,0 days 01:12:00
95409,KALYAN JN,KASARA,12:48:00,13:58:00,67,12,0 days 01:10:00
95410,KASARA,KALYAN JN,10:10:00,11:21:00,67,10,0 days 01:11:00
95411,KALYAN JN,KASARA,13:37:00,14:47:00,67,12,0 days 01:10:00
95412,KASARA,KALYAN JN,11:12:00,12:22:00,67,10,0 days 01:10:00
95413,KALYAN JN,KASARA,15:24:00,16:34:00,67,12,0 days 01:10:00
95414,KASARA,KALYAN JN,12:19:00,13:30:00,67,10,0 days 01:11:00
95415,KALYAN JN,KASARA,16:53:00,18:03:00,67,12,0 days 01:10:00
95416,KASARA,KALYAN JN,13:31:00,14:42:00,67,10,0 days 01:11:00
95417,KALYAN JN,KASARA,18:08:00,19:18:00,67,12,0 days 01:10:00
95418,KASARA,KALYAN JN,14:44:00,15:54:00,67,10,0 days 01:10:00
95419,KALYAN JN,KASARA,19:28:00,20:40:00,67,12,0 days 01:12:00
95420,KASARA,KALYAN JN,15:37:00,16:48:00,67,10,0 days 01:11:00
95421,KALYAN JN,KASARA,20:21:00,21:32:00,67,12,0 days 01:11:00
95422,KASARA,KALYAN JN,16:24:00,17:35:00,67,10,0 days 01:11:00
95423,KALYAN JN,KASARA,21:54:00,23:05:00,67,12,0 days 01:11:00
95424,KASARA,KALYAN JN,17:17:00,18:27:00,67,10,0 days 01:10:00
95425,KALYAN JN,KASARA,00:07:00,01:18:00,67,12,0 days 01:11:00
95426,KASARA,KALYAN JN,18:18:00,19:28:00,67,10,0 days 01:10:00
95428,KASARA,KALYAN JN,20:15:00,21:25:00,67,10,0 days 01:10:00
95430,KASARA,KALYAN JN,21:21:00,22:31:00,67,10,0 days 01:10:00
95501,KALYAN JN,ASANGAON,08:34:00,09:09:00,32,7,0 days 00:35:00
95502,ASANGAON,KALYAN JN,07:35:00,08:11:00,32,5,0 days 00:36:00
95503,KALYAN JN,ASANGAON,10:26:00,11:05:00,32,7,0 days 00:39:00
95504,ASANGAON,KALYAN JN,08:30:00,09:07:00,32,5,0 days 00:37:00
95505,KALYAN JN,ASANGAON,14:19:00,14:54:00,32,7,0 days 00:35:00
95506,ASANGAON,KALYAN JN,15:02:00,15:39:00,32,5,0 days 00:37:00
95507,KALYAN JN,ASANGAON,15:57:00,16:32:00,32,7,0 days 00:35:00
95508,ASANGAON,KALYAN JN,15:44:00,16:19:00,32,5,0 days 00:35:00
95509,KALYAN JN,ASANGAON,17:31:00,18:07:00,32,7,0 days 00:36:00
95510,ASANGAON,KALYAN JN,16:44:00,17:19:00,32,5,0 days 00:35:00
95511,KALYAN JN,ASANGAON,18:24:00,19:00:00,32,7,0 days 00:36:00
95512,ASANGAON,KALYAN JN,17:23:00,18:03:00,32,5,0 days 00:40:00
95513,KALYAN JN,ASANGAON,18:45:00,19:23:00,32,7,0 days 00:38:00
95514,ASANGAON,KALYAN JN,19:10:00,19:46:00,32,5,0 days 00:36:00
95515,KALYAN JN,ASANGAON,19:40:00,20:18:00,32,7,0 days 00:38:00
95516,ASANGAON,KALYAN JN,20:33:00,21:10:00,32,5,0 days 00:37:00
95517,KALYAN JN,ASANGAON,21:17:00,21:52:00,32,7,0 days 00:35:00
95601,KALYAN JN,TITVALA,10:11:00,10:27:00,10,4,0 days 00:16:00
95602,TITVALA,KALYAN JN,07:21:00,07:36:00,10,2,0 days 00:15:00
95603,KALYAN JN,TITVALA,10:30:00,10:47:00,10,4,0 days 00:17:00
95604,TITVALA,KALYAN JN,09:04:00,09:19:00,10,2,0 days 00:15:00
95605,KALYAN JN,TITVALA,10:47:00,11:03:00,10,4,0 days 00:16:00
95606,TITVALA,KALYAN JN,10:37:00,10:53:00,10,2,0 days 00:16:00
95607,KALYAN JN,TITVALA,11:53:00,12:08:00,10,4,0 days 00:15:00
95608,TITVALA,KALYAN JN,15:58:00,16:13:00,10,2,0 days 00:15:00
95609,KALYAN JN,TITVALA,12:13:00,12:29:00,10,4,0 days 00:16:00
95610,TITVALA,KALYAN JN,16:44:00,16:59:00,10,2,0 days 00:15:00
95611,KALYAN JN,TITVALA,18:32:00,18:47:00,10,4,0 days 00:15:00
95612,TITVALA,KALYAN JN,17:11:00,17:26:00,10,2,0 days 00:15:00
95613,KALYAN JN,TITVALA,18:59:00,19:15:00,10,4,0 days 00:16:00
95614,TITVALA,KALYAN JN,17:30:00,17:45:00,10,2,0 days 00:15:00
95615,KALYAN JN,TITVALA,19:46:00,20:01:00,10,4,0 days 00:15:00
95616,TITVALA,KALYAN JN,18:24:00,18:39:00,10,2,0 days 00:15:00
95617,KALYAN JN,TITVALA,20:35:00,20:51:00,10,4,0 days 00:16:00
95619,KALYAN JN,TITVALA,20:50:00,21:05:00,10,4,0 days 00:15:00
95701,CST-MUMBAI,KALYAN JN,06:06:00,07:06:00,53,7,0 days 01:00:00
95702,KALYAN JN,CST-MUMBAI,05:16:00,06:36:00,53,17,0 days 01:20:00
95703,CST-MUMBAI,KALYAN JN,07:29:00,08:29:00,53,9,0 days 01:00:00
95704,KALYAN JN,CST-MUMBAI,07:14:00,08:16:00,53,9,0 days 01:02:00
95705,CST-MUMBAI,KALYAN JN,08:25:00,09:24:00,53,9,0 days 00:59:00
95706,KALYAN JN,DADAR,07:25:00,08:24:00,44,12,0 days 00:59:00
95707,CST-MUMBAI,KALYAN JN,08:32:00,09:44:00,53,16,0 days 01:12:00
95708,KALYAN JN,CST-MUMBAI,07:47:00,09:01:00,53,13,0 days 01:14:00
95709,CST-MUMBAI,KALYAN JN,09:00:00,10:12:00,53,16,0 days 01:12:00
95710,KALYAN JN,CST-MUMBAI,08:13:00,09:29:00,53,14,0 days 01:16:00
95711,CST-MUMBAI,KALYAN JN,10:04:00,11:17:00,53,17,0 days 01:13:00
95712,KALYAN JN,CST-MUMBAI,08:36:00,09:38:00,53,9,0 days 01:02:00
95713,DADAR,KALYAN JN,10:44:00,11:33:00,44,6,0 days 00:49:00
95714,KALYAN JN,CST-MUMBAI,08:41:00,09:57:00,53,14,0 days 01:16:00
95715,CST-MUMBAI,KALYAN JN,11:43:00,12:56:00,53,14,0 days 01:13:00
95716,KALYAN JN,CST-MUMBAI,08:47:00,10:03:00,53,13,0 days 01:16:00
95717,CST-MUMBAI,KALYAN JN,12:55:00,13:57:00,53,8,0 days 01:02:00
95718,KALYAN JN,CST-MUMBAI,09:00:00,10:15:00,53,14,0 days 01:15:00
95719,CST-MUMBAI,KALYAN JN,15:17:00,16:19:00,53,8,0 days 01:02:00
95720,KALYAN JN,CST-MUMBAI,09:43:00,10:57:00,53,14,0 days 01:14:00
95721,CST-MUMBAI,KALYAN JN,15:56:00,17:08:00,53,19,0 days 01:12:00
95722,KALYAN JN,DADAR,09:47:00,10:37:00,44,6,0 days 00:50:00
95723,DADAR,KALYAN JN,16:13:00,17:02:00,44,7,0 days 00:49:00
95724,KALYAN JN,CST-MUMBAI,11:44:00,12:45:00,53,8,0 days 01:01:00
95725,DADAR,KALYAN JN,17:30:00,18:17:00,44,7,0 days 00:47:00
95726,KALYAN JN,CST-MUMBAI,14:10:00,15:12:00,53,8,0 days 01:02:00
95727,CST-MUMBAI,KALYAN JN,17:22:00,18:36:00,53,14,0 days 01:14:00
95728,KALYAN JN,CST-MUMBAI,16:30:00,17:45:00,53,14,0 days 01:15:00
95729,DADAR,KALYAN JN,18:00:00,19:00:00,44,12,0 days 01:00:00
95730,KALYAN JN,DADAR,16:31:00,17:20:00,44,6,0 days 00:49:00
95731,CST-MUMBAI,KALYAN JN,18:03:00,19:17:00,53,13,0 days 01:14:00
95732,KALYAN JN,CST-MUMBAI,16:58:00,18:10:00,53,13,0 days 01:12:00
95733,CST-MUMBAI,KALYAN JN,18:33:00,19:46:00,53,14,0 days 01:13:00
95734,KALYAN JN,DADAR,17:07:00,17:52:00,44,6,0 days 00:45:00
95735,DADAR,KALYAN JN,19:00:00,20:00:00,44,12,0 days 01:00:00
95736,KALYAN JN,CST-MUMBAI,17:20:00,18:33:00,53,13,0 days 01:13:00
95737,CST-MUMBAI,KALYAN JN,18:57:00,20:15:00,53,14,0 days 01:18:00
95738,KALYAN JN,CST-MUMBAI,17:41:00,18:56:00,53,14,0 days 01:15:00
95739,CST-MUMBAI,KALYAN JN,19:33:00,20:36:00,53,9,0 days 01:03:00
95740,KALYAN JN,CST-MUMBAI,18:23:00,19:25:00,53,2,0 days 01:02:00
95741,CST-MUMBAI,KALYAN JN,20:42:00,21:58:00,53,14,0 days 01:16:00
95742,KALYAN JN,CST-MUMBAI,18:42:00,19:55:00,53,14,0 days 01:13:00
95743,CST-MUMBAI,KALYAN JN,21:40:00,23:01:00,53,17,0 days 01:21:00
95744,KALYAN JN,CST-MUMBAI,20:41:00,21:43:00,53,8,0 days 01:02:00
95745,CST-MUMBAI,KALYAN JN,21:54:00,22:56:00,53,9,0 days 01:02:00
95746,KALYAN JN,CST-MUMBAI,23:05:00,00:05:00,53,9,0 days 01:00:00
95801,CST-MUMBAI,DOMBIVLI,17:37:00,18:42:00,48,11,0 days 01:05:00
95802,DOMBIVLI,CST-MUMBAI,08:14:00,09:21:00,48,12,0 days 01:07:00
95804,DOMBIVLI,CST-MUMBAI,16:28:00,17:34:00,48,11,0 days 01:06:00
95805,CST-MUMBAI,DOMBIVLI,21:42:00,22:52:00,48,14,0 days 01:10:00
95808,DOMBIVLI,CST-MUMBAI,17:22:00,18:29:00,48,11,0 days 01:07:00
95901,CST-MUMBAI,THANE,08:13:00,08:52:00,33,6,0 days 00:39:00
95902,THANE,CST-MUMBAI,05:08:00,05:52:00,33,7,0 days 00:44:00
95903,CST-MUMBAI,THANE,08:54:00,09:36:00,33,7,0 days 00:42:00
95904,THANE,CST-MUMBAI,08:02:00,08:47:00,33,7,0 days 00:45:00
95905,CST-MUMBAI,THANE,09:04:00,09:45:00,33,5,0 days 00:41:00
95906,THANE,CST-MUMBAI,08:25:00,09:08:00,33,7,0 days 00:43:00
95907,CST-MUMBAI,THANE,09:50:00,10:31:00,33,6,0 days 00:41:00
95908,THANE,CST-MUMBAI,09:00:00,09:45:00,33,7,0 days 00:45:00
95909,CST-MUMBAI,THANE,18:10:00,18:51:00,33,6,0 days 00:41:00
95910,THANE,CST-MUMBAI,09:54:00,10:37:00,33,7,0 days 00:43:00
95911,CST-MUMBAI,THANE,19:04:00,19:46:00,33,6,0 days 00:42:00
95912,THANE,CST-MUMBAI,10:49:00,11:33:00,33,7,0 days 00:44:00
95913,CST-MUMBAI,THANE,20:30:00,21:20:00,33,10,0 days 00:50:00
95917,CST-MUMBAI,THANE,19:04:00,19:47:00,33,6,0 days 00:43:00
95919,CST-MUMBAI,THANE,20:30:00,21:21:00,33,9,0 days 00:51:00
96001,KARJAT,PALASDARI,05:40:00,05:45:00,2,2,0 days 00:05:00
96002,PALASDARI,KARJAT,00:44:00,00:51:00,2,2,0 days 00:07:00
96003,KALYAN JN,PALASDARI,05:50:00,06:48:00,49,10,0 days 00:58:00
96004,PALASDARI,KARJAT,05:28:00,05:35:00,2,2,0 days 00:07:00
96005,KARJAT,PALASDARI,08:00:00,08:05:00,2,2,0 days 00:05:00
96006,PALASDARI,KARJAT,07:38:00,07:45:00,2,2,0 days 00:07:00
96007,KARJAT,PALASDARI,10:40:00,10:45:00,2,2,0 days 00:05:00
96008,PALASDARI,KARJAT,10:18:00,10:25:00,2,2,0 days 00:07:00
96009,KARJAT,PALASDARI,11:55:00,12:00:00,2,2,0 days 00:05:00
96010,PALASDARI,KARJAT,11:38:00,11:45:00,2,2,0 days 00:07:00
96011,KARJAT,PALASDARI,13:15:00,13:20:00,2,2,0 days 00:05:00
96012,PALASDARI,KARJAT,12:58:00,13:05:00,2,2,0 days 00:07:00
96013,KARJAT,PALASDARI,15:27:00,15:32:00,2,2,0 days 00:05:00
96014,PALASDARI,KARJAT,15:08:00,15:15:00,2,2,0 days 00:07:00
96015,KARJAT,PALASDARI,20:34:00,20:39:00,2,2,0 days 00:05:00
96016,PALASDARI,KARJAT,20:19:00,20:26:00,2,2,0 days 00:07:00
96017,KARJAT,PALASDARI,21:40:00,21:45:00,2,2,0 days 00:05:00
96018,PALASDARI,KARJAT,21:25:00,21:32:00,2,2,0 days 00:07:00
96019,KALYAN JN,PALASDARI,23:57:00,00:54:00,49,10,0 days 00:57:00
96020,PALASDARI,KALYAN JN,22:33:00,23:33:00,49,8,0 days 01:00:00
96022,PALASDARI,KARJAT,23:38:00,23:45:00,2,2,0 days 00:07:00
96101,KALYAN JN,KARJAT,01:52:00,02:45:00,46,9,0 days 00:53:00
96102,KARJAT,KALYAN JN,02:35:00,03:27:00,46,7,0 days 00:52:00
96103,KALYAN JN,KARJAT,05:33:00,06:24:00,46,9,0 days 00:51:00
96104,KARJAT,KALYAN JN,03:41:00,04:32:00,46,7,0 days 00:51:00
96105,KALYAN JN,KARJAT,06:01:00,06:52:00,46,9,0 days 00:51:00
96106,KARJAT,KALYAN JN,04:32:00,05:23:00,46,7,0 days 00:51:00
96107,KALYAN JN,KARJAT,06:16:00,07:08:00,46,9,0 days 00:52:00
96108,KARJAT,KALYAN JN,12:21:00,13:12:00,46,7,0 days 00:51:00
96109,KALYAN JN,KARJAT,06:48:00,07:39:00,46,9,0 days 00:51:00
96110,KARJAT,KALYAN JN,13:27:00,14:18:00,46,7,0 days 00:51:00
96111,KALYAN JN,KARJAT,11:12:00,12:13:00,46,9,0 days 01:01:00
96112,KARJAT,KALYAN JN,21:43:00,22:33:00,46,7,0 days 00:50:00
96113,KALYAN JN,KARJAT,12:39:00,13:31:00,46,9,0 days 00:52:00
96114,KARJAT,CST-MUMBAI,21:43:00,00:04:00,99,30,0 days 02:21:00
96115,KALYAN JN,KARJAT,18:23:00,19:14:00,46,9,0 days 00:51:00
96116,KARJAT,CST-MUMBAI,22:07:00,00:25:00,99,30,0 days 02:18:00
96117,KALYAN JN,KARJAT,20:39:00,21:30:00,46,9,0 days 00:51:00
96119,KALYAN JN,KARJAT,00:57:00,01:48:00,46,9,0 days 00:51:00
96121,KALYAN JN,KARJAT,00:57:00,01:48:00,46,9,0 days 00:51:00
96201,KALYAN JN,BADLAPUR,06:23:00,06:43:00,14,5,0 days 00:20:00
96202,BADLAPUR,KALYAN JN,05:41:00,05:59:00,14,3,0 days 00:18:00
96203,KALYAN JN,BADLAPUR,13:39:00,13:57:00,14,5,0 days 00:18:00
96204,BADLAPUR,KALYAN JN,06:15:00,06:33:00,14,3,0 days 00:18:00
96205,KALYAN JN,BADLAPUR,15:43:00,16:03:00,14,5,0 days 00:20:00
96206,BADLAPUR,KALYAN JN,06:47:00,07:04:00,14,3,0 days 00:17:00
96207,KALYAN JN,BADLAPUR,16:33:00,16:53:00,14,5,0 days 00:20:00
96208,BADLAPUR,KALYAN JN,07:57:00,08:17:00,14,3,0 days 00:20:00
96209,KALYAN JN,BADLAPUR,19:26:00,19:47:00,14,5,0 days 00:21:00
96210,BADLAPUR,KALYAN JN,08:53:00,09:12:00,14,3,0 days 00:19:00
96211,KALYAN JN,BADLAPUR,20:18:00,20:39:00,14,5,0 days 00:21:00
96212,BADLAPUR,KALYAN JN,10:27:00,10:47:00,14,3,0 days 00:20:00
96213,KALYAN JN,BADLAPUR,21:02:00,21:22:00,14,5,0 days 00:20:00
96214,BADLAPUR,KALYAN JN,10:58:00,11:23:00,14,3,0 days 00:25:00
96215,KALYAN JN,BADLAPUR,21:23:00,21:42:00,14,5,0 days 00:19:00
96216,BADLAPUR,KALYAN JN,11:23:00,11:44:00,14,3,0 days 00:21:00
96217,KALYAN JN,BADLAPUR,22:06:00,22:26:00,14,5,0 days 00:20:00
96218,BADLAPUR,KALYAN JN,11:41:00,12:00:00,14,3,0 days 00:19:00
96219,KALYAN JN,BADLAPUR,22:35:00,22:55:00,14,5,0 days 00:20:00
96220,BADLAPUR,KALYAN JN,12:00:00,12:19:00,14,3,0 days 00:19:00
96221,KALYAN JN,BADLAPUR,22:57:00,23:16:00,14,5,0 days 00:19:00
96222,BADLAPUR,KALYAN JN,12:22:00,12:43:00,14,3,0 days 00:21:00
96223,KALYAN JN,BADLAPUR,23:16:00,23:36:00,14,5,0 days 00:20:00
96224,BADLAPUR,KALYAN JN,20:24:00,20:45:00,14,3,0 days 00:21:00
96225,KALYAN JN,BADLAPUR,00:12:00,00:32:00,14,5,0 days 00:20:00
96226,BADLAPUR,KALYAN JN,21:37:00,21:56:00,14,3,0 days 00:19:00
96227,KALYAN JN,BADLAPUR,00:28:00,00:48:00,14,5,0 days 00:20:00
96228,BADLAPUR,KALYAN JN,21:58:00,22:17:00,14,3,0 days 00:19:00
96232,BADLAPUR,KALYAN JN,23:04:00,23:25:00,14,3,0 days 00:21:00
96234,BADLAPUR,KALYAN JN,23:31:00,23:51:00,14,3,0 days 00:20:00
96236,BADLAPUR,CST-MUMBAI,23:50:00,01:38:00,67,26,0 days 01:48:00
96301,KALYAN JN,AMBERNATH,01:32:00,01:45:00,6,4,0 days 00:13:00
96302,AMBERNATH,KALYAN JN,03:45:00,03:58:00,6,2,0 days 00:13:00
96303,KALYAN JN,AMBERNATH,06:52:00,07:05:00,6,4,0 days 00:13:00
96304,AMBERNATH,KALYAN JN,04:11:00,04:23:00,6,2,0 days 00:12:00
96305,KALYAN JN,AMBERNATH,07:08:00,07:22:00,6,4,0 days 00:14:00
96306,AMBERNATH,KALYAN JN,04:55:00,05:08:00,6,2,0 days 00:13:00
96307,KALYAN JN,AMBERNATH,07:47:00,07:59:00,6,4,0 days 00:12:00
96308,AMBERNATH,KALYAN JN,05:18:00,05:30:00,6,2,0 days 00:12:00
96309,KALYAN JN,AMBERNATH,08:20:00,08:33:00,6,4,0 days 00:13:00
96310,AMBERNATH,KALYAN JN,06:10:00,06:22:00,6,2,0 days 00:12:00
96311,KALYAN JN,AMBERNATH,13:12:00,13:24:00,6,4,0 days 00:12:00
96312,AMBERNATH,KALYAN JN,10:58:00,11:12:00,6,2,0 days 00:14:00
96313,KALYAN JN,AMBERNATH,13:27:00,13:40:00,6,4,0 days 00:13:00
96314,AMBERNATH,KALYAN JN,11:17:00,11:30:00,6,2,0 days 00:13:00
96315,KALYAN JN,AMBERNATH,14:03:00,14:15:00,6,4,0 days 00:12:00
96316,AMBERNATH,KALYAN JN,12:03:00,12:15:00,6,2,0 days 00:12:00
96317,KALYAN JN,AMBERNATH,14:25:00,14:38:00,6,4,0 days 00:13:00
96318,AMBERNATH,KALYAN JN,12:19:00,12:31:00,6,2,0 days 00:12:00
96319,KALYAN JN,AMBERNATH,14:45:00,14:58:00,6,4,0 days 00:13:00
96320,AMBERNATH,KALYAN JN,12:51:00,13:04:00,6,2,0 days 00:13:00
96321,KALYAN JN,AMBERNATH,15:17:00,15:30:00,6,4,0 days 00:13:00
96322,AMBERNATH,KALYAN JN,13:35:00,13:47:00,6,2,0 days 00:12:00
96323,KALYAN JN,AMBERNATH,16:01:00,16:14:00,6,4,0 days 00:13:00
96324,AMBERNATH,KALYAN JN,14:00:00,14:13:00,6,2,0 days 00:13:00
96325,KALYAN JN,AMBERNATH,16:19:00,16:32:00,6,4,0 days 00:13:00
96326,AMBERNATH,KALYAN JN,14:24:00,14:36:00,6,2,0 days 00:12:00
96327,KALYAN JN,AMBERNATH,17:23:00,17:36:00,6,4,0 days 00:13:00
96328,AMBERNATH,KALYAN JN,19:38:00,19:50:00,6,2,0 days 00:12:00
96329,KALYAN JN,AMBERNATH,17:40:00,17:54:00,6,4,0 days 00:14:00
96330,AMBERNATH,KALYAN JN,21:15:00,21:28:00,6,2,0 days 00:13:00
96331,KALYAN JN,AMBERNATH,21:06:00,21:19:00,6,4,0 days 00:13:00
96332,AMBERNATH,KALYAN JN,21:33:00,21:45:00,6,2,0 days 00:12:00
96333,KALYAN JN,AMBERNATH,21:41:00,21:54:00,6,4,0 days 00:13:00
96334,AMBERNATH,KALYAN JN,22:01:00,22:13:00,6,2,0 days 00:12:00
96335,KALYAN JN,AMBERNATH,22:10:00,22:23:00,6,4,0 days 00:13:00
96336,AMBERNATH,CST-MUMBAI,22:01:00,23:43:00,59,25,0 days 01:42:00
96337,KALYAN JN,AMBERNATH,23:08:00,23:20:00,6,4,0 days 00:12:00
96339,KALYAN JN,AMBERNATH,00:01:00,00:15:00,6,4,0 days 00:14:00
96341,KALYAN JN,AMBERNATH,00:35:00,00:49:00,6,4,0 days 00:14:00
96343,KALYAN JN,AMBERNATH,01:19:00,01:32:00,6,4,0 days 00:13:00
96345,KALYAN JN,AMBERNATH,01:19:00,01:32:00,6,4,0 days 00:13:00
96401,KALYAN JN,KASARA,01:43:00,03:00:00,67,12,0 days 01:17:00
96402,KASARA,KALYAN JN,04:25:00,05:35:00,67,10,0 days 01:10:00
96403,KALYAN JN,KASARA,05:43:00,06:56:00,67,12,0 days 01:13:00
96404,KASARA,KALYAN JN,05:00:00,06:10:00,67,10,0 days 01:10:00
96405,KALYAN JN,KASARA,06:28:00,07:38:00,67,12,0 days 01:10:00
96406,KASARA,KALYAN JN,22:05:00,23:17:00,67,10,0 days 01:12:00
96407,KALYAN JN,KASARA,14:38:00,15:47:00,67,12,0 days 01:09:00
96409,KALYAN JN,KASARA,23:01:00,00:11:00,67,12,0 days 01:10:00
96501,TITVALA,ASANGAON,05:05:00,05:26:00,21,4,0 days 00:21:00
96502,ASANGAON,KALYAN JN,06:11:00,06:49:00,32,5,0 days 00:38:00
96503,KALYAN JN,ASANGAON,05:28:00,06:03:00,32,7,0 days 00:35:00
96504,ASANGAON,KALYAN JN,07:08:00,07:45:00,32,5,0 days 00:37:00
96505,KALYAN JN,ASANGAON,06:20:00,06:57:00,32,7,0 days 00:37:00
96506,ASANGAON,KALYAN JN,08:47:00,09:24:00,32,5,0 days 00:37:00
96507,KALYAN JN,ASANGAON,06:40:00,07:16:00,32,7,0 days 00:36:00
96508,ASANGAON,KALYAN JN,09:19:00,09:55:00,32,5,0 days 00:36:00
96509,KALYAN JN,ASANGAON,07:32:00,08:07:00,32,7,0 days 00:35:00
96510,ASANGAON,KALYAN JN,10:00:00,10:36:00,32,5,0 days 00:36:00
96511,KALYAN JN,ASANGAON,08:04:00,08:39:00,32,7,0 days 00:35:00
96512,ASANGAON,KALYAN JN,11:16:00,11:52:00,32,5,0 days 00:36:00
96513,KALYAN JN,ASANGAON,09:10:00,09:45:00,32,7,0 days 00:35:00
96514,ASANGAON,KALYAN JN,13:16:00,13:51:00,32,5,0 days 00:35:00
96515,KALYAN JN,ASANGAON,12:27:00,13:03:00,32,7,0 days 00:36:00
96516,ASANGAON,KALYAN JN,18:15:00,18:52:00,32,5,0 days 00:37:00
96517,KALYAN JN,ASANGAON,15:00:00,15:35:00,32,7,0 days 00:35:00
96518,ASANGAON,KALYAN JN,19:43:00,20:20:00,32,5,0 days 00:37:00
96519,KALYAN JN,ASANGAON,16:28:00,17:03:00,32,7,0 days 00:35:00
96520,ASANGAON,KALYAN JN,22:10:00,22:50:00,32,5,0 days 00:40:00
96521,KALYAN JN,ASANGAON,22:25:00,23:00:00,32,7,0 days 00:35:00
96522,ASANGAON,KALYAN JN,23:08:00,23:42:00,32,5,0 days 00:34:00
96524,ASANGAON,KALYAN JN,23:32:00,00:06:00,32,5,0 days 00:34:00
96601,KALYAN JN,TITVALA,05:47:00,06:02:00,10,4,0 days 00:15:00
96602,TITVALA,KALYAN JN,04:01:00,04:16:00,10,2,0 days 00:15:00
96603,KALYAN JN,TITVALA,06:08:00,06:23:00,10,4,0 days 00:15:00
96604,TITVALA,KALYAN JN,04:32:00,04:47:00,10,2,0 days 00:15:00
96605,KALYAN JN,TITVALA,06:55:00,07:10:00,10,4,0 days 00:15:00
96606,TITVALA,KALYAN JN,05:05:00,05:20:00,10,2,0 days 00:15:00
96607,KALYAN JN,TITVALA,07:23:00,07:38:00,10,4,0 days 00:15:00
96608,TITVALA,KALYAN JN,05:35:00,05:50:00,10,2,0 days 00:15:00
96609,KALYAN JN,TITVALA,07:44:00,07:59:00,10,4,0 days 00:15:00
96610,TITVALA,KALYAN JN,06:13:00,06:28:00,10,2,0 days 00:15:00
96611,KALYAN JN,TITVALA,08:00:00,08:14:00,10,4,0 days 00:14:00
96612,TITVALA,KALYAN JN,06:46:00,06:57:00,10,2,0 days 00:11:00
96613,KALYAN JN,TITVALA,08:29:00,08:44:00,10,4,0 days 00:15:00
96614,TITVALA,KALYAN JN,07:52:00,08:07:00,10,2,0 days 00:15:00
96615,KALYAN JN,TITVALA,09:29:00,09:44:00,10,4,0 days 00:15:00
96616,TITVALA,KALYAN JN,08:10:00,08:25:00,10,2,0 days 00:15:00
96617,KALYAN JN,TITVALA,11:25:00,11:40:00,10,4,0 days 00:15:00
96618,TITVALA,KALYAN JN,08:33:00,08:50:00,10,2,0 days 00:17:00
96619,KALYAN JN,TITVALA,12:34:00,12:49:00,10,4,0 days 00:15:00
96620,TITVALA,KALYAN JN,09:54:00,10:09:00,10,2,0 days 00:15:00
96621,KALYAN JN,TITVALA,12:53:00,13:08:00,10,4,0 days 00:15:00
96622,TITVALA,KALYAN JN,10:54:00,11:11:00,10,2,0 days 00:17:00
96623,KALYAN JN,TITVALA,13:21:00,13:36:00,10,4,0 days 00:15:00
96624,TITVALA,KALYAN JN,11:18:00,11:35:00,10,2,0 days 00:17:00
96625,KALYAN JN,TITVALA,14:11:00,14:26:00,10,4,0 days 00:15:00
96626,TITVALA,KALYAN JN,11:54:00,12:09:00,10,2,0 days 00:15:00
96627,KALYAN JN,TITVALA,14:42:00,14:56:00,10,4,0 days 00:14:00
96628,TITVALA,KALYAN JN,12:21:00,12:36:00,10,2,0 days 00:15:00
96629,KALYAN JN,TITVALA,15:09:00,15:23:00,10,4,0 days 00:14:00
96630,TITVALA,KALYAN JN,12:45:00,13:00:00,10,2,0 days 00:15:00
96631,KALYAN JN,TITVALA,15:35:00,15:50:00,10,4,0 days 00:15:00
96632,TITVALA,KALYAN JN,13:01:00,13:16:00,10,2,0 days 00:15:00
96633,KALYAN JN,TITVALA,16:13:00,16:28:00,10,4,0 days 00:15:00
96634,TITVALA,KALYAN JN,13:20:00,13:35:00,10,2,0 days 00:15:00
96635,KALYAN JN,TITVALA,16:47:00,17:02:00,10,4,0 days 00:15:00
96636,TITVALA,KALYAN JN,13:51:00,14:06:00,10,2,0 days 00:15:00
96637,KALYAN JN,TITVALA,17:01:00,17:17:00,10,4,0 days 00:16:00
96638,TITVALA,KALYAN JN,14:44:00,14:59:00,10,2,0 days 00:15:00
96639,KALYAN JN,TITVALA,17:50:00,18:05:00,10,4,0 days 00:15:00
96640,TITVALA,KALYAN JN,15:05:00,15:21:00,10,2,0 days 00:16:00
96641,KALYAN JN,TITVALA,20:03:00,20:18:00,10,4,0 days 00:15:00
96642,TITVALA,KALYAN JN,15:35:00,15:50:00,10,2,0 days 00:15:00
96643,KALYAN JN,TITVALA,21:33:00,21:48:00,10,4,0 days 00:15:00
96644,TITVALA,KALYAN JN,19:01:00,19:16:00,10,2,0 days 00:15:00
96645,KALYAN JN,TITVALA,22:02:00,22:17:00,10,4,0 days 00:15:00
96646,TITVALA,KALYAN JN,19:47:00,20:03:00,10,2,0 days 00:16:00
96647,KALYAN JN,TITVALA,22:49:00,23:04:00,10,4,0 days 00:15:00
96648,TITVALA,KALYAN JN,20:21:00,20:36:00,10,2,0 days 00:15:00
96649,KALYAN JN,TITVALA,23:30:00,23:45:00,10,4,0 days 00:15:00
96650,TITVALA,KALYAN JN,20:37:00,20:53:00,10,2,0 days 00:16:00
96651,KALYAN JN,TITVALA,00:19:00,00:34:00,10,4,0 days 00:15:00
96652,TITVALA,KALYAN JN,21:00:00,21:15:00,10,2,0 days 00:15:00
96653,KALYAN JN,TITVALA,00:47:00,01:02:00,10,4,0 days 00:15:00
96654,TITVALA,KALYAN JN,21:24:00,21:39:00,10,2,0 days 00:15:00
96655,KALYAN JN,TITVALA,01:12:00,01:27:00,10,4,0 days 00:15:00
96656,TITVALA,KALYAN JN,22:06:00,22:21:00,10,2,0 days 00:15:00
96657,CST-MUMBAI,TITVALA,23:44:00,01:27:00,64,27,0 days 01:43:00
96658,TITVALA,KALYAN JN,22:25:00,22:41:00,10,2,0 days 00:16:00
96660,TITVALA,KALYAN JN,23:14:00,23:29:00,10,2,0 days 00:15:00
97000,KALYAN JN,CST-MUMBAI,04:59:00,06:27:00,53,2,0 days 01:28:00
97001,VIDYAVIHAR,KALYAN JN,05:47:00,06:43:00,35,14,0 days 00:56:00
97002,KALYAN JN,CST-MUMBAI,04:41:00,06:08:00,53,24,0 days 01:27:00
97003,VIDYAVIHAR,KALYAN JN,06:04:00,07:01:00,35,14,0 days 00:57:00
97004,KALYAN JN,CST-MUMBAI,05:21:00,06:48:00,53,24,0 days 01:27:00
97005,VIDYAVIHAR,KALYAN JN,06:21:00,07:18:00,35,14,0 days 00:57:00
97006,KALYAN JN,CST-MUMBAI,06:04:00,07:32:00,53,24,0 days 01:28:00
97007,VIDYAVIHAR,KALYAN JN,06:31:00,07:28:00,35,14,0 days 00:57:00
97008,KALYAN JN,CST-MUMBAI,06:13:00,07:40:00,53,24,0 days 01:27:00
97009,VIDYAVIHAR,KALYAN JN,06:41:00,07:38:00,35,14,0 days 00:57:00
97010,KALYAN JN,CST-MUMBAI,06:44:00,08:12:00,53,24,0 days 01:28:00
97011,CST-MUMBAI,KALYAN JN,06:12:00,07:42:00,53,24,0 days 01:30:00
97012,KALYAN JN,DADAR,06:56:00,08:04:00,44,17,0 days 01:08:00
97013,VIDYAVIHAR,KALYAN JN,06:56:00,07:54:00,35,13,0 days 00:58:00
97014,KALYAN JN,CST-MUMBAI,07:13:00,08:40:00,53,24,0 days 01:27:00
97015,CST-MUMBAI,KALYAN JN,06:40:00,08:08:00,53,24,0 days 01:28:00
97016,KALYAN JN,CST-MUMBAI,07:17:00,08:47:00,53,24,0 days 01:30:00
97017,CST-MUMBAI,KALYAN JN,07:12:00,08:40:00,53,24,0 days 01:28:00
97018,KALYAN JN,CST-MUMBAI,07:35:00,09:03:00,53,24,0 days 01:28:00
97019,CST-MUMBAI,KALYAN JN,07:24:00,08:52:00,53,24,0 days 01:28:00
97020,KALYAN JN,CST-MUMBAI,07:50:00,09:18:00,53,24,0 days 01:28:00
97021,CST-MUMBAI,KALYAN JN,07:32:00,09:00:00,53,24,0 days 01:28:00
97022,KALYAN JN,CST-MUMBAI,07:57:00,09:26:00,53,24,0 days 01:29:00
97023,DADAR,KALYAN JN,08:08:00,09:16:00,44,17,0 days 01:08:00
97024,KALYAN JN,CST-MUMBAI,08:00:00,09:29:00,53,24,0 days 01:29:00
97025,CST-MUMBAI,KALYAN JN,07:56:00,09:22:00,53,24,0 days 01:26:00
97026,KALYAN JN,DADAR,08:22:00,09:31:00,44,17,0 days 01:09:00
97027,CST-MUMBAI,KALYAN JN,08:12:00,09:39:00,53,24,0 days 01:27:00
97028,KALYAN JN,DADAR,09:07:00,10:17:00,44,17,0 days 01:10:00
97029,CST-MUMBAI,KALYAN JN,08:32:00,09:59:00,53,23,0 days 01:27:00
97030,KALYAN JN,CST-MUMBAI,09:22:00,10:52:00,53,24,0 days 01:30:00
97031,CST-MUMBAI,KALYAN JN,08:51:00,10:21:00,53,24,0 days 01:30:00
97032,KALYAN JN,CST-MUMBAI,09:29:00,11:00:00,53,24,0 days 01:31:00
97033,THANE,KALYAN JN,10:06:00,10:38:00,20,8,0 days 00:32:00
97034,KALYAN JN,CST-MUMBAI,09:51:00,11:20:00,53,24,0 days 01:29:00
97035,DADAR,KALYAN JN,09:39:00,10:50:00,44,17,0 days 01:11:00
97036,KALYAN JN,CST-MUMBAI,10:06:00,11:34:00,53,24,0 days 01:28:00
97037,CST-MUMBAI,KALYAN JN,09:29:00,10:58:00,53,24,0 days 01:29:00
97038,KALYAN JN,CST-MUMBAI,10:17:00,11:45:00,53,24,0 days 01:28:00
97039,CST-MUMBAI,KALYAN JN,10:02:00,11:29:00,53,24,0 days 01:27:00
97040,KALYAN JN,CST-MUMBAI,10:27:00,11:55:00,53,24,0 days 01:28:00
97041,CST-MUMBAI,KALYAN JN,10:10:00,11:38:00,53,24,0 days 01:28:00
97042,KALYAN JN,KURLA,10:41:00,11:40:00,37,15,0 days 00:59:00
97043,DADAR,KALYAN JN,10:47:00,11:59:00,44,17,0 days 01:12:00
97044,KALYAN JN,CST-MUMBAI,10:59:00,12:27:00,53,24,0 days 01:28:00
97045,DADAR,KALYAN JN,11:05:00,12:17:00,44,17,0 days 01:12:00
97046,KALYAN JN,THANE,11:07:00,11:38:00,20,8,0 days 00:31:00
97047,CST-MUMBAI,KALYAN JN,11:00:00,12:29:00,53,24,0 days 01:29:00
97048,KALYAN JN,CST-MUMBAI,11:23:00,12:53:00,53,24,0 days 01:30:00
97049,CST-MUMBAI,KALYAN JN,11:12:00,12:39:00,53,24,0 days 01:27:00
97050,KALYAN JN,DADAR,11:39:00,12:51:00,44,17,0 days 01:12:00
97051,KURLA,KALYAN JN,12:02:00,13:04:00,37,15,0 days 01:02:00
97052,KALYAN JN,CST-MUMBAI,11:47:00,13:17:00,53,24,0 days 01:30:00
97053,CST-MUMBAI,KALYAN JN,11:50:00,13:17:00,53,24,0 days 01:27:00
97054,KALYAN JN,CST-MUMBAI,12:08:00,13:37:00,53,24,0 days 01:29:00
97055,CST-MUMBAI,KALYAN JN,12:08:00,13:35:00,53,24,0 days 01:27:00
97056,KALYAN JN,THANE,12:25:00,12:56:00,20,8,0 days 00:31:00
97057,CST-MUMBAI,KALYAN JN,12:19:00,13:48:00,53,24,0 days 01:29:00
97058,KALYAN JN,CST-MUMBAI,12:40:00,14:08:00,53,24,0 days 01:28:00
97059,CST-MUMBAI,KALYAN JN,12:27:00,13:54:00,53,24,0 days 01:27:00
97060,KALYAN JN,CST-MUMBAI,12:48:00,14:16:00,53,24,0 days 01:28:00
97061,CST-MUMBAI,KALYAN JN,12:31:00,13:58:00,53,24,0 days 01:27:00
97062,KALYAN JN,CST-MUMBAI,13:08:00,14:37:00,53,24,0 days 01:29:00
97063,DADAR,KALYAN JN,13:04:00,14:13:00,44,17,0 days 01:09:00
97064,KALYAN JN,KURLA,13:20:00,14:18:00,37,15,0 days 00:58:00
97065,CST-MUMBAI,KALYAN JN,12:57:00,14:28:00,53,24,0 days 01:31:00
97066,KALYAN JN,CST-MUMBAI,13:24:00,14:52:00,53,24,0 days 01:28:00
97067,CST-MUMBAI,KALYAN JN,13:01:00,14:33:00,53,24,0 days 01:32:00
97068,KALYAN JN,CST-MUMBAI,13:43:00,15:11:00,53,24,0 days 01:28:00
97069,CST-MUMBAI,KALYAN JN,13:21:00,14:48:00,53,24,0 days 01:27:00
97070,KALYAN JN,CST-MUMBAI,13:56:00,15:25:00,53,24,0 days 01:29:00
97071,CST-MUMBAI,KALYAN JN,13:29:00,14:56:00,53,24,0 days 01:27:00
97072,KALYAN JN,DADAR,14:04:00,15:13:00,44,17,0 days 01:09:00
97073,THANE,KALYAN JN,14:33:00,15:05:00,20,8,0 days 00:32:00
97074,KALYAN JN,CST-MUMBAI,14:08:00,15:39:00,53,24,0 days 01:31:00
97075,CST-MUMBAI,KALYAN JN,13:46:00,15:13:00,53,24,0 days 01:27:00
97076,KALYAN JN,CST-MUMBAI,14:27:00,15:56:00,53,24,0 days 01:29:00
97077,KURLA,KALYAN JN,14:32:00,15:31:00,37,15,0 days 00:59:00
97078,KALYAN JN,CST-MUMBAI,14:33:00,16:01:00,53,24,0 days 01:28:00
97079,CST-MUMBAI,KALYAN JN,14:12:00,15:39:00,53,24,0 days 01:27:00
97080,KALYAN JN,CST-MUMBAI,14:41:00,16:10:00,53,24,0 days 01:29:00
97081,CST-MUMBAI,KALYAN JN,14:24:00,15:52:00,53,24,0 days 01:28:00
97082,KALYAN JN,CST-MUMBAI,14:55:00,16:23:00,53,24,0 days 01:28:00
97083,CST-MUMBAI,KALYAN JN,14:37:00,16:04:00,53,24,0 days 01:27:00
97084,KALYAN JN,CST-MUMBAI,15:07:00,16:34:00,53,24,0 days 01:27:00
97085,CST-MUMBAI,KALYAN JN,14:57:00,16:24:00,53,24,0 days 01:27:00
97086,KALYAN JN,THANE,15:12:00,15:43:00,20,8,0 days 00:31:00
97087,DADAR,KALYAN JN,15:26:00,16:36:00,44,17,0 days 01:10:00
97088,KALYAN JN,CST-MUMBAI,15:31:00,17:03:00,53,24,0 days 01:32:00
97089,CST-MUMBAI,KALYAN JN,15:17:00,16:44:00,53,24,0 days 01:27:00
97090,KALYAN JN,CST-MUMBAI,15:39:00,17:08:00,53,24,0 days 01:29:00
97091,CST-MUMBAI,KALYAN JN,15:43:00,17:12:00,53,24,0 days 01:29:00
97092,KALYAN JN,DADAR,15:48:00,16:57:00,44,17,0 days 01:09:00
97093,CST-MUMBAI,KALYAN JN,15:52:00,17:19:00,53,24,0 days 01:27:00
97094,KALYAN JN,THANE,16:00:00,17:31:00,20,8,0 days 01:31:00
97095,CST-MUMBAI,KALYAN JN,15:58:00,17:27:00,53,24,0 days 01:29:00
97096,KALYAN JN,CST-MUMBAI,16:17:00,17:43:00,53,24,0 days 01:26:00
97097,KURLA,KALYAN JN,16:54:00,17:54:00,37,15,0 days 01:00:00
97098,KALYAN JN,DADAR,16:21:00,17:29:00,44,17,0 days 01:08:00
97099,VIDYAVIHAR,KALYAN JN,17:15:00,18:14:00,35,14,0 days 00:59:00
97100,KALYAN JN,CST-MUMBAI,16:46:00,18:14:00,53,24,0 days 01:28:00
97101,CST-MUMBAI,KALYAN JN,16:48:00,18:18:00,53,24,0 days 01:30:00
97102,KALYAN JN,CST-MUMBAI,17:16:00,18:45:00,53,24,0 days 01:29:00
97103,CST-MUMBAI,KALYAN JN,17:00:00,18:30:00,53,24,0 days 01:30:00
97104,KALYAN JN,CST-MUMBAI,17:31:00,19:01:00,53,24,0 days 01:30:00
97105,CST-MUMBAI,KALYAN JN,17:12:00,18:41:00,53,24,0 days 01:29:00
97106,KALYAN JN,CST-MUMBAI,17:59:00,19:27:00,53,24,0 days 01:28:00
97107,DADAR,KALYAN JN,17:38:00,18:47:00,44,17,0 days 01:09:00
97108,KALYAN JN,CST-MUMBAI,18:21:00,19:49:00,53,24,0 days 01:28:00
97109,VIDYAVIHAR,KALYAN JN,17:59:00,18:54:00,35,14,0 days 00:55:00
97110,KALYAN JN,DADAR,18:25:00,19:33:00,44,17,0 days 01:08:00
97111,CST-MUMBAI,KALYAN JN,17:36:00,19:04:00,53,24,0 days 01:28:00
97112,KALYAN JN,CST-MUMBAI,18:35:00,20:02:00,53,24,0 days 01:27:00
97113,CST-MUMBAI,KALYAN JN,17:53:00,19:21:00,53,24,0 days 01:28:00
97114,KALYAN JN,CST-MUMBAI,18:46:00,20:14:00,53,24,0 days 01:28:00
97115,DADAR,KALYAN JN,18:20:00,19:33:00,44,17,0 days 01:13:00
97116,KALYAN JN,KURLA,18:54:00,19:52:00,37,15,0 days 00:58:00
97117,CST-MUMBAI,KALYAN JN,18:08:00,19:37:00,53,24,0 days 01:29:00
97118,KALYAN JN,THANE,18:58:00,19:29:00,20,8,0 days 00:31:00
97119,CST-MUMBAI,KALYAN JN,18:14:00,19:42:00,53,24,0 days 01:28:00
97120,KALYAN JN,DADAR,19:08:00,20:20:00,44,17,0 days 01:12:00
97121,DADAR,KALYAN JN,18:43:00,19:54:00,44,17,0 days 01:11:00
97122,KALYAN JN,CST-MUMBAI,19:12:00,20:42:00,53,24,0 days 01:30:00
97123,DADAR,KALYAN JN,19:11:00,20:25:00,44,17,0 days 01:14:00
97124,KALYAN JN,CST-MUMBAI,19:27:00,20:56:00,53,24,0 days 01:29:00
97125,CST-MUMBAI,KALYAN JN,19:01:00,20:29:00,53,24,0 days 01:28:00
97126,KALYAN JN,DADAR,19:38:00,20:46:00,44,17,0 days 01:08:00
97127,CST-MUMBAI,KALYAN JN,19:14:00,20:42:00,53,24,0 days 01:28:00
97128,KALYAN JN,CST-MUMBAI,19:42:00,21:09:00,53,24,0 days 01:27:00
97129,CST-MUMBAI,KALYAN JN,19:18:00,20:46:00,53,24,0 days 01:28:00
97130,KALYAN JN,THANE,19:49:00,20:21:00,20,8,0 days 00:32:00
97131,KURLA,KALYAN JN,19:57:00,20:58:00,37,15,0 days 01:01:00
97132,KALYAN JN,DADAR,20:00:00,21:11:00,44,17,0 days 01:11:00
97133,CST-MUMBAI,KALYAN JN,19:45:00,21:13:00,53,24,0 days 01:28:00
97134,KALYAN JN,DADAR,20:21:00,21:31:00,44,17,0 days 01:10:00
97135,DADAR,KALYAN JN,20:27:00,21:37:00,44,17,0 days 01:10:00
97136,KALYAN JN,CST-MUMBAI,20:31:00,21:58:00,53,24,0 days 01:27:00
97137,DADAR,KALYAN JN,21:02:00,22:14:00,44,17,0 days 01:12:00
97138,KALYAN JN,DADAR,20:38:00,21:47:00,44,17,0 days 01:09:00
97139,CST-MUMBAI,KALYAN JN,20:52:00,22:21:00,53,24,0 days 01:29:00
97140,KALYAN JN,KURLA,20:52:00,21:52:00,37,15,0 days 01:00:00
97141,DADAR,KALYAN JN,21:17:00,22:29:00,44,17,0 days 01:12:00
97142,KALYAN JN,CST-MUMBAI,21:04:00,22:35:00,53,24,0 days 01:31:00
97143,DADAR,KALYAN JN,21:42:00,22:53:00,44,17,0 days 01:11:00
97144,KALYAN JN,CST-MUMBAI,21:20:00,22:48:00,53,24,0 days 01:28:00
97145,DADAR,KALYAN JN,22:03:00,23:13:00,44,17,0 days 01:10:00
97146,KALYAN JN,CST-MUMBAI,22:06:00,23:35:00,53,24,0 days 01:29:00
97147,CST-MUMBAI,KALYAN JN,21:58:00,23:26:00,53,24,0 days 01:28:00
97148,KALYAN JN,KURLA,22:26:00,23:25:00,37,15,0 days 00:59:00
97149,CST-MUMBAI,KALYAN JN,22:06:00,23:34:00,53,24,0 days 01:28:00
97150,KALYAN JN,THANE,23:39:00,00:11:00,20,8,0 days 00:32:00
97151,CST-MUMBAI,KALYAN JN,22:16:00,23:45:00,53,24,0 days 01:29:00
97152,KALYAN JN,THANE,23:58:00,00:29:00,20,8,0 days 00:31:00
97153,CST-MUMBAI,KALYAN JN,22:24:00,23:53:00,53,24,0 days 01:29:00
97155,DADAR,KALYAN JN,22:52:00,00:01:00,44,17,0 days 01:09:00
97201,CST-MUMBAI,DOMBIVLI,06:20:00,07:38:00,48,22,0 days 01:18:00
97202,DOMBIVLI,CST-MUMBAI,05:57:00,07:16:00,48,22,0 days 01:19:00
97203,CST-MUMBAI,DOMBIVLI,06:32:00,07:50:00,48,22,0 days 01:18:00
97204,DOMBIVLI,CST-MUMBAI,07:29:00,08:50:00,48,22,0 days 01:21:00
97205,CST-MUMBAI,DOMBIVLI,07:16:00,08:34:00,48,22,0 days 01:18:00
97206,DOMBIVLI,CST-MUMBAI,07:47:00,09:07:00,48,22,0 days 01:20:00
97207,CST-MUMBAI,DOMBIVLI,07:36:00,08:54:00,48,22,0 days 01:18:00
97208,DOMBIVLI,CST-MUMBAI,08:41:00,10:02:00,48,22,0 days 01:21:00
97209,CST-MUMBAI,DOMBIVLI,08:20:00,09:38:00,48,22,0 days 01:18:00
97210,DOMBIVLI,CST-MUMBAI,09:05:00,10:26:00,48,22,0 days 01:21:00
97211,CST-MUMBAI,DOMBIVLI,09:15:00,10:32:00,48,22,0 days 01:17:00
97212,DOMBIVLI,DADAR,09:48:00,10:50:00,39,15,0 days 01:02:00
97213,CST-MUMBAI,DOMBIVLI,09:33:00,10:52:00,48,22,0 days 01:19:00
97214,DOMBIVLI,CST-MUMBAI,10:40:00,12:00:00,48,22,0 days 01:20:00
97215,CST-MUMBAI,DOMBIVLI,10:22:00,11:39:00,48,22,0 days 01:17:00
97216,DOMBIVLI,CST-MUMBAI,11:03:00,12:23:00,48,22,0 days 01:20:00
97217,CST-MUMBAI,DOMBIVLI,10:36:00,11:53:00,48,22,0 days 01:17:00
97218,DOMBIVLI,CST-MUMBAI,11:47:00,13:09:00,48,22,0 days 01:22:00
97219,CST-MUMBAI,DOMBIVLI,11:24:00,12:43:00,48,22,0 days 01:19:00
97220,DOMBIVLI,CST-MUMBAI,12:05:00,13:25:00,48,22,0 days 01:20:00
97221,CST-MUMBAI,DOMBIVLI,12:39:00,13:57:00,48,22,0 days 01:18:00
97222,DOMBIVLI,CST-MUMBAI,13:00:00,14:20:00,48,22,0 days 01:20:00
97223,CST-MUMBAI,DOMBIVLI,13:55:00,15:13:00,48,22,0 days 01:18:00
97224,DOMBIVLI,CST-MUMBAI,14:08:00,15:30:00,48,22,0 days 01:22:00
97225,CST-MUMBAI,DOMBIVLI,15:13:00,16:31:00,48,22,0 days 01:18:00
97226,DOMBIVLI,CST-MUMBAI,15:36:00,16:56:00,48,22,0 days 01:20:00
97227,CST-MUMBAI,DOMBIVLI,15:27:00,16:48:00,48,22,0 days 01:21:00
97228,DOMBIVLI,CST-MUMBAI,16:43:00,18:04:00,48,22,0 days 01:21:00
97229,CST-MUMBAI,DOMBIVLI,15:47:00,17:06:00,48,22,0 days 01:19:00
97230,DOMBIVLI,CST-MUMBAI,17:02:00,18:22:00,48,22,0 days 01:20:00
97231,CST-MUMBAI,DOMBIVLI,16:06:00,17:24:00,48,22,0 days 01:18:00
97232,DOMBIVLI,CST-MUMBAI,17:15:00,18:34:00,48,22,0 days 01:19:00
97233,CST-MUMBAI,DOMBIVLI,16:34:00,17:51:00,48,22,0 days 01:17:00
97234,DOMBIVLI,DADAR,17:32:00,18:34:00,39,15,0 days 01:02:00
97235,DADAR,DOMBIVLI,17:13:00,18:15:00,39,15,0 days 01:02:00
97236,DOMBIVLI,CST-MUMBAI,17:59:00,19:18:00,48,22,0 days 01:19:00
97237,DADAR,DOMBIVLI,17:58:00,18:58:00,39,15,0 days 01:00:00
97238,DOMBIVLI,CST-MUMBAI,18:25:00,19:45:00,48,22,0 days 01:20:00
97239,CST-MUMBAI,DOMBIVLI,17:58:00,19:19:00,48,22,0 days 01:21:00
97240,DOMBIVLI,CST-MUMBAI,18:47:00,20:06:00,48,22,0 days 01:19:00
97241,CST-MUMBAI,DOMBIVLI,18:22:00,19:41:00,48,22,0 days 01:19:00
97242,DOMBIVLI,CST-MUMBAI,19:10:00,20:33:00,48,22,0 days 01:23:00
97243,CST-MUMBAI,DOMBIVLI,18:42:00,20:01:00,48,22,0 days 01:19:00
97244,DOMBIVLI,CST-MUMBAI,19:30:00,20:52:00,48,22,0 days 01:22:00
97245,CST-MUMBAI,DOMBIVLI,19:05:00,20:23:00,48,22,0 days 01:18:00
97246,DOMBIVLI,CST-MUMBAI,19:53:00,21:13:00,48,22,0 days 01:20:00
97247,DADAR,DOMBIVLI,19:43:00,20:45:00,39,15,0 days 01:02:00
97248,DOMBIVLI,CST-MUMBAI,20:20:00,21:41:00,48,22,0 days 01:21:00
97249,CST-MUMBAI,DOMBIVLI,20:00:00,21:18:00,48,22,0 days 01:18:00
97250,DOMBIVLI,CST-MUMBAI,20:34:00,21:54:00,48,22,0 days 01:20:00
97251,CST-MUMBAI,DOMBIVLI,20:22:00,21:40:00,48,22,0 days 01:18:00
97252,DOMBIVLI,CST-MUMBAI,21:08:00,22:32:00,48,22,0 days 01:24:00
97253,CST-MUMBAI,DOMBIVLI,20:48:00,22:08:00,48,22,0 days 01:20:00
97254,DOMBIVLI,DADAR,21:33:00,22:34:00,39,15,0 days 01:01:00
97255,CST-MUMBAI,DOMBIVLI,21:13:00,22:31:00,48,22,0 days 01:18:00
97256,DOMBIVLI,CST-MUMBAI,21:59:00,23:20:00,48,22,0 days 01:21:00
97258,DOMBIVLI,CST-MUMBAI,22:18:00,23:39:00,48,22,0 days 01:21:00
97260,DOMBIVLI,DADAR,22:54:00,23:54:00,39,15,0 days 01:00:00
97301,CST-MUMBAI,THANE,00:34:00,01:30:00,33,17,0 days 00:56:00
97302,THANE,CST-MUMBAI,04:00:00,04:56:00,33,17,0 days 00:56:00
97303,CST-MUMBAI,THANE,06:36:00,07:32:00,33,17,0 days 00:56:00
97304,THANE,CST-MUMBAI,04:20:00,05:16:00,33,17,0 days 00:56:00
97305,CST-MUMBAI,THANE,06:48:00,07:44:00,33,17,0 days 00:56:00
97306,THANE,CST-MUMBAI,04:40:00,05:36:00,33,17,0 days 00:56:00
97307,CST-MUMBAI,THANE,07:08:00,08:04:00,33,17,0 days 00:56:00
97308,THANE,CST-MUMBAI,05:20:00,06:16:00,33,17,0 days 00:56:00
97309,CST-MUMBAI,THANE,07:28:00,08:24:00,33,17,0 days 00:56:00
97310,THANE,CST-MUMBAI,05:30:00,06:28:00,33,17,0 days 00:58:00
97311,CST-MUMBAI,THANE,07:44:00,08:40:00,33,17,0 days 00:56:00
97312,THANE,CST-MUMBAI,05:40:00,06:36:00,33,17,0 days 00:56:00
97313,CST-MUMBAI,THANE,08:00:00,08:56:00,33,17,0 days 00:56:00
97314,THANE,CST-MUMBAI,05:46:00,06:44:00,33,17,0 days 00:58:00
97315,CST-MUMBAI,THANE,08:08:00,09:04:00,33,17,0 days 00:56:00
97316,THANE,CST-MUMBAI,06:00:00,06:56:00,33,17,0 days 00:56:00
97317,CST-MUMBAI,THANE,08:16:00,09:12:00,33,17,0 days 00:56:00
97318,THANE,CST-MUMBAI,06:16:00,07:12:00,33,17,0 days 00:56:00
97319,CST-MUMBAI,THANE,08:24:00,09:20:00,33,17,0 days 00:56:00
97320,THANE,CST-MUMBAI,06:28:00,07:24:00,33,17,0 days 00:56:00
97321,CST-MUMBAI,THANE,08:36:00,09:32:00,33,17,0 days 00:56:00
97322,THANE,CST-MUMBAI,06:52:00,07:48:00,33,17,0 days 00:56:00
97323,CST-MUMBAI,THANE,08:47:00,09:45:00,33,17,0 days 00:58:00
97324,THANE,CST-MUMBAI,07:04:00,08:00:00,33,17,0 days 00:56:00
97325,CST-MUMBAI,THANE,08:58:00,09:54:00,33,17,0 days 00:56:00
97326,THANE,CST-MUMBAI,07:24:00,08:20:00,33,17,0 days 00:56:00
97327,CST-MUMBAI,THANE,09:03:00,10:02:00,33,17,0 days 00:59:00
97328,THANE,CST-MUMBAI,07:40:00,08:36:00,33,17,0 days 00:56:00
97329,CST-MUMBAI,THANE,09:18:00,10:14:00,33,17,0 days 00:56:00
97330,THANE,CST-MUMBAI,07:55:00,08:54:00,33,17,0 days 00:59:00
97331,CST-MUMBAI,THANE,09:26:00,10:23:00,33,17,0 days 00:57:00
97332,THANE,CST-MUMBAI,07:59:00,08:57:00,33,17,0 days 00:58:00
97333,CST-MUMBAI,THANE,09:37:00,10:33:00,33,17,0 days 00:56:00
97334,THANE,CST-MUMBAI,08:17:00,09:15:00,33,17,0 days 00:58:00
97335,CST-MUMBAI,THANE,09:41:00,10:37:00,33,17,0 days 00:56:00
97336,THANE,CST-MUMBAI,08:24:00,09:22:00,33,17,0 days 00:58:00
97337,CST-MUMBAI,THANE,09:49:00,10:46:00,33,17,0 days 00:57:00
97338,THANE,CST-MUMBAI,08:36:00,09:33:00,33,17,0 days 00:57:00
97339,CST-MUMBAI,THANE,10:06:00,11:01:00,33,17,0 days 00:55:00
97340,THANE,CST-MUMBAI,08:47:00,09:45:00,33,17,0 days 00:58:00
97341,CST-MUMBAI,THANE,10:14:00,11:09:00,33,17,0 days 00:55:00
97342,THANE,CST-MUMBAI,09:00:00,09:58:00,33,17,0 days 00:58:00
97343,CST-MUMBAI,THANE,10:26:00,11:24:00,33,17,0 days 00:58:00
97344,THANE,CST-MUMBAI,09:08:00,10:06:00,33,17,0 days 00:58:00
97345,CST-MUMBAI,THANE,10:40:00,11:37:00,33,17,0 days 00:57:00
97346,THANE,CST-MUMBAI,09:16:00,10:14:00,33,17,0 days 00:58:00
97347,CST-MUMBAI,THANE,10:48:00,11:48:00,33,17,0 days 01:00:00
97348,THANE,CST-MUMBAI,09:30:00,10:30:00,33,17,0 days 01:00:00
97349,CST-MUMBAI,THANE,10:56:00,11:52:00,33,17,0 days 00:56:00
97350,THANE,CST-MUMBAI,09:41:00,10:40:00,33,17,0 days 00:59:00
97351,CST-MUMBAI,THANE,11:04:00,12:00:00,33,17,0 days 00:56:00
97352,THANE,CST-MUMBAI,09:50:00,10:48:00,33,17,0 days 00:58:00
97353,CST-MUMBAI,THANE,11:20:00,12:15:00,33,17,0 days 00:55:00
97354,THANE,CST-MUMBAI,09:58:00,10:56:00,33,17,0 days 00:58:00
97355,CST-MUMBAI,THANE,11:37:00,12:33:00,33,17,0 days 00:56:00
97356,THANE,CST-MUMBAI,10:06:00,11:04:00,33,17,0 days 00:58:00
97357,CST-MUMBAI,THANE,11:41:00,12:37:00,33,17,0 days 00:56:00
97358,THANE,CST-MUMBAI,10:18:00,11:16:00,33,17,0 days 00:58:00
97359,CST-MUMBAI,THANE,12:23:00,13:19:00,33,17,0 days 00:56:00
97360,THANE,CST-MUMBAI,10:30:00,11:28:00,33,17,0 days 00:58:00
97361,CST-MUMBAI,THANE,12:49:00,13:49:00,33,17,0 days 01:00:00
97362,THANE,CST-MUMBAI,10:42:00,11:41:00,33,17,0 days 00:59:00
97363,CST-MUMBAI,THANE,13:09:00,14:05:00,33,17,0 days 00:56:00
97364,THANE,CST-MUMBAI,10:52:00,11:50:00,33,17,0 days 00:58:00
97365,CST-MUMBAI,THANE,13:38:00,14:34:00,33,17,0 days 00:56:00
97366,THANE,CST-MUMBAI,11:21:00,12:19:00,33,17,0 days 00:58:00
97367,CST-MUMBAI,THANE,14:00:00,14:56:00,33,17,0 days 00:56:00
97368,THANE,CST-MUMBAI,11:37:00,12:35:00,33,17,0 days 00:58:00
97369,CST-MUMBAI,THANE,14:20:00,15:15:00,33,17,0 days 00:55:00
97370,THANE,CST-MUMBAI,11:58:00,12:57:00,33,17,0 days 00:59:00
97371,CST-MUMBAI,THANE,14:29:00,15:25:00,33,17,0 days 00:56:00
97372,THANE,CST-MUMBAI,12:57:00,13:55:00,33,17,0 days 00:58:00
97373,CST-MUMBAI,THANE,15:37:00,16:34:00,33,17,0 days 00:57:00
97374,THANE,CST-MUMBAI,13:27:00,14:25:00,33,17,0 days 00:58:00
97375,DADAR,THANE,16:13:00,16:51:00,24,10,0 days 00:38:00
97376,THANE,CST-MUMBAI,13:59:00,14:57:00,33,17,0 days 00:58:00
97377,CST-MUMBAI,THANE,16:09:00,17:05:00,33,17,0 days 00:56:00
97378,THANE,CST-MUMBAI,14:22:00,15:21:00,33,17,0 days 00:59:00
97379,CST-MUMBAI,THANE,16:19:00,17:15:00,33,17,0 days 00:56:00
97380,THANE,CST-MUMBAI,14:54:00,15:52:00,33,17,0 days 00:58:00
97381,CST-MUMBAI,THANE,16:30:00,17:26:00,33,17,0 days 00:56:00
97382,THANE,CST-MUMBAI,15:16:00,16:13:00,33,17,0 days 00:57:00
97383,CST-MUMBAI,THANE,16:38:00,17:35:00,33,17,0 days 00:57:00
97384,THANE,DADAR,15:23:00,16:01:00,24,10,0 days 00:38:00
97385,CST-MUMBAI,THANE,16:52:00,17:48:00,33,17,0 days 00:56:00
97386,THANE,CST-MUMBAI,15:41:00,16:39:00,33,17,0 days 00:58:00
97387,CST-MUMBAI,THANE,17:04:00,18:00:00,33,17,0 days 00:56:00
97388,THANE,CST-MUMBAI,15:55:00,16:52:00,33,17,0 days 00:57:00
97389,CST-MUMBAI,THANE,17:08:00,18:04:00,33,17,0 days 00:56:00
97390,THANE,CST-MUMBAI,16:15:00,17:12:00,33,17,0 days 00:57:00
97391,CST-MUMBAI,THANE,17:16:00,18:12:00,33,17,0 days 00:56:00
97392,THANE,CST-MUMBAI,16:27:00,17:24:00,33,17,0 days 00:57:00
97393,CST-MUMBAI,THANE,17:24:00,18:20:00,33,17,0 days 00:56:00
97394,THANE,CST-MUMBAI,16:30:00,17:28:00,33,17,0 days 00:58:00
97395,CST-MUMBAI,THANE,17:32:00,18:28:00,33,17,0 days 00:56:00
97396,THANE,CST-MUMBAI,16:35:00,17:32:00,33,17,0 days 00:57:00
97397,CST-MUMBAI,THANE,17:44:00,18:40:00,33,17,0 days 00:56:00
97398,THANE,CST-MUMBAI,16:42:00,17:40:00,33,17,0 days 00:58:00
97399,CST-MUMBAI,THANE,18:04:00,19:02:00,33,17,0 days 00:58:00
97400,THANE,CST-MUMBAI,16:58:00,17:53:00,33,17,0 days 00:55:00
97401,CST-MUMBAI,THANE,18:29:00,19:26:00,33,17,0 days 00:57:00
97402,THANE,CST-MUMBAI,17:01:00,17:58:00,33,17,0 days 00:57:00
97403,CST-MUMBAI,THANE,18:38:00,19:34:00,33,17,0 days 00:56:00
97404,THANE,CST-MUMBAI,17:10:00,18:09:00,33,17,0 days 00:59:00
97405,CST-MUMBAI,THANE,18:46:00,19:42:00,33,17,0 days 00:56:00
97406,THANE,DADAR,17:14:00,17:52:00,24,10,0 days 00:38:00
97407,CST-MUMBAI,THANE,18:57:00,19:53:00,33,17,0 days 00:56:00
97408,THANE,CST-MUMBAI,17:20:00,18:18:00,33,17,0 days 00:58:00
97409,DADAR,THANE,19:27:00,20:06:00,24,10,0 days 00:39:00
97410,THANE,DADAR,17:31:00,18:11:00,24,10,0 days 00:40:00
97411,CST-MUMBAI,THANE,19:22:00,20:17:00,33,17,0 days 00:55:00
97412,THANE,CST-MUMBAI,17:42:00,18:41:00,33,17,0 days 00:59:00
97413,CST-MUMBAI,THANE,19:35:00,20:32:00,33,17,0 days 00:57:00
97414,THANE,CST-MUMBAI,17:52:00,18:50:00,33,17,0 days 00:58:00
97415,DADAR,THANE,19:57:00,20:35:00,24,10,0 days 00:38:00
97416,THANE,CST-MUMBAI,18:06:00,19:05:00,33,17,0 days 00:59:00
97417,CST-MUMBAI,THANE,19:50:00,20:46:00,33,17,0 days 00:56:00
97418,THANE,CST-MUMBAI,18:12:00,19:09:00,33,17,0 days 00:57:00
97419,CST-MUMBAI,THANE,20:17:00,21:13:00,33,17,0 days 00:56:00
97420,THANE,DADAR,18:16:00,18:55:00,24,10,0 days 00:39:00
97421,CST-MUMBAI,THANE,20:35:00,21:31:00,33,17,0 days 00:56:00
97422,THANE,CST-MUMBAI,18:24:00,19:22:00,33,17,0 days 00:58:00
97423,CST-MUMBAI,THANE,21:04:00,21:59:00,33,17,0 days 00:55:00
97424,THANE,DADAR,18:36:00,19:14:00,24,10,0 days 00:38:00
97425,CST-MUMBAI,THANE,22:02:00,22:57:00,33,17,0 days 00:55:00
97426,THANE,CST-MUMBAI,18:44:00,19:42:00,33,17,0 days 00:58:00
97427,CST-MUMBAI,THANE,22:39:00,23:34:00,33,17,0 days 00:55:00
97428,THANE,CST-MUMBAI,18:57:00,19:55:00,33,17,0 days 00:58:00
97429,DADAR,THANE,22:30:00,23:09:00,24,10,0 days 00:39:00
97430,THANE,DADAR,19:12:00,19:51:00,24,10,0 days 00:39:00
97431,CST-MUMBAI,THANE,22:47:00,23:42:00,33,17,0 days 00:55:00
97432,THANE,CST-MUMBAI,19:30:00,20:28:00,33,17,0 days 00:58:00
97433,CST-MUMBAI,THANE,22:59:00,23:55:00,33,17,0 days 00:56:00
97434,THANE,CST-MUMBAI,19:38:00,20:38:00,33,17,0 days 01:00:00
97435,CST-MUMBAI,THANE,23:12:00,00:07:00,33,17,0 days 00:55:00
97436,THANE,CST-MUMBAI,19:48:00,20:46:00,33,17,0 days 00:58:00
97437,CST-MUMBAI,THANE,23:39:00,00:35:00,33,17,0 days 00:56:00
97438,THANE,CST-MUMBAI,20:03:00,21:01:00,33,17,0 days 00:58:00
97439,CST-MUMBAI,THANE,23:59:00,00:55:00,33,17,0 days 00:56:00
97440,THANE,CST-MUMBAI,21:21:00,22:20:00,33,17,0 days 00:59:00
97441,CST-MUMBAI,THANE,23:35:00,00:30:00,33,17,0 days 00:55:00
97442,THANE,DADAR,21:41:00,22:20:00,24,10,0 days 00:39:00
97444,THANE,CST-MUMBAI,21:31:00,22:30:00,33,16,0 days 00:59:00
97445,CST-MUMBAI,THANE,23:52:00,00:48:00,33,16,0 days 00:56:00
97446,THANE,CST-MUMBAI,21:54:00,22:52:00,33,16,0 days 00:58:00
97501,CST-MUMBAI,GHAT KOPAR,08:40:00,09:14:00,19,12,0 days 00:34:00
97502,GHAT KOPAR,CST-MUMBAI,09:18:00,09:55:00,19,12,0 days 00:37:00
97503,CST-MUMBAI,GHAT KOPAR,09:07:00,09:41:00,19,12,0 days 00:34:00
97504,GHAT KOPAR,CST-MUMBAI,09:45:00,10:22:00,19,12,0 days 00:37:00
97601,CST-MUMBAI,KURLA,08:28:00,08:56:00,15,10,0 days 00:28:00
97602,KURLA,CST-MUMBAI,04:51:00,05:21:00,15,10,0 days 00:30:00
97603,CST-MUMBAI,KURLA,08:43:00,09:11:00,15,10,0 days 00:28:00
97604,KURLA,CST-MUMBAI,05:42:00,06:12:00,15,10,0 days 00:30:00
97605,CST-MUMBAI,KURLA,08:55:00,09:23:00,15,10,0 days 00:28:00
97606,KURLA,CST-MUMBAI,05:54:00,06:24:00,15,10,0 days 00:30:00
97607,CST-MUMBAI,KURLA,09:11:00,09:39:00,15,10,0 days 00:28:00
97608,KURLA,CST-MUMBAI,07:38:00,08:08:00,15,10,0 days 00:30:00
97609,CST-MUMBAI,KURLA,09:22:00,09:52:00,15,10,0 days 00:30:00
97610,KURLA,CST-MUMBAI,09:11:00,09:41:00,15,10,0 days 00:30:00
97611,CST-MUMBAI,KURLA,09:54:00,10:22:00,15,10,0 days 00:28:00
97612,KURLA,CST-MUMBAI,09:39:00,10:10:00,15,10,0 days 00:31:00
97613,CST-MUMBAI,KURLA,10:18:00,10:46:00,15,10,0 days 00:28:00
97614,KURLA,CST-MUMBAI,10:03:00,10:34:00,15,10,0 days 00:31:00
97615,CST-MUMBAI,KURLA,10:30:00,11:01:00,15,10,0 days 00:31:00
97616,KURLA,CST-MUMBAI,10:41:00,11:11:00,15,10,0 days 00:30:00
97617,CST-MUMBAI,KURLA,10:44:00,11:13:00,15,10,0 days 00:29:00
97618,KURLA,CST-MUMBAI,15:47:00,16:17:00,15,10,0 days 00:30:00
97619,CST-MUMBAI,KURLA,10:52:00,11:22:00,15,10,0 days 00:30:00
97620,KURLA,CST-MUMBAI,16:13:00,16:43:00,15,10,0 days 00:30:00
97621,CST-MUMBAI,KURLA,11:16:00,11:44:00,15,10,0 days 00:28:00
97622,KURLA,CST-MUMBAI,17:06:00,17:36:00,15,10,0 days 00:30:00
97623,CST-MUMBAI,KURLA,16:43:00,17:11:00,15,10,0 days 00:28:00
97624,KURLA,CST-MUMBAI,17:21:00,17:50:00,15,10,0 days 00:29:00
97625,CST-MUMBAI,KURLA,17:28:00,17:56:00,15,10,0 days 00:28:00
97626,KURLA,CST-MUMBAI,17:56:00,18:26:00,15,10,0 days 00:30:00
97627,CST-MUMBAI,KURLA,17:48:00,18:16:00,15,10,0 days 00:28:00
97628,KURLA,CST-MUMBAI,18:07:00,18:37:00,15,10,0 days 00:30:00
97629,CST-MUMBAI,KURLA,18:18:00,18:46:00,15,10,0 days 00:28:00
97630,KURLA,CST-MUMBAI,18:27:00,18:57:00,15,10,0 days 00:30:00
97631,CST-MUMBAI,KURLA,18:50:00,19:18:00,15,10,0 days 00:28:00
97632,KURLA,CST-MUMBAI,19:00:00,19:30:00,15,10,0 days 00:30:00
97633,CST-MUMBAI,KURLA,20:26:00,20:55:00,15,10,0 days 00:29:00
97634,KURLA,CST-MUMBAI,19:28:00,19:59:00,15,10,0 days 00:31:00
97635,CST-MUMBAI,KURLA,22:09:00,22:37:00,15,10,0 days 00:28:00
97636,KURLA,CST-MUMBAI,19:19:00,19:49:00,15,10,0 days 00:30:00
97637,CST-MUMBAI,KURLA,22:27:00,22:56:00,15,10,0 days 00:29:00
97638,KURLA,CST-MUMBAI,18:05:00,18:35:00,15,10,0 days 00:30:00
97639,CST-MUMBAI,KURLA,22:55:00,23:23:00,15,10,0 days 00:28:00
97640,KURLA,CST-MUMBAI,18:12:00,18:43:00,15,10,0 days 00:31:00
97641,CST-MUMBAI,KURLA,23:25:00,23:53:00,15,10,0 days 00:28:00
97642,KURLA,CST-MUMBAI,18:32:00,19:03:00,15,10,0 days 00:31:00
97643,CST-MUMBAI,KURLA,23:48:00,00:16:00,15,10,0 days 00:28:00
97644,KURLA,CST-MUMBAI,18:55:00,19:25:00,15,10,0 days 00:30:00
97645,CST-MUMBAI,KURLA,21:03:00,21:32:00,15,10,0 days 00:29:00
97646,KURLA,CST-MUMBAI,19:20:00,19:50:00,15,10,0 days 00:30:00
97647,CST-MUMBAI,KURLA,22:06:00,22:35:00,15,10,0 days 00:29:00
97648,KURLA,CST-MUMBAI,19:47:00,20:17:00,15,10,0 days 00:30:00
97649,CST-MUMBAI,KURLA,22:30:00,22:59:00,15,10,0 days 00:29:00
97651,CST-MUMBAI,KURLA,22:54:00,23:23:00,15,10,0 days 00:29:00
97653,CST-MUMBAI,KURLA,23:25:00,23:54:00,15,10,0 days 00:29:00
97655,CST-MUMBAI,KURLA,23:56:00,00:25:00,15,10,0 days 00:29:00
98000,PANVEL,CST-MUMBAI,04:00:00,05:17:00,49,2,0 days 01:17:00
98001,CST-MUMBAI,PANVEL,00:13:00,01:30:00,49,2,0 days 01:17:00
98002,PANVEL,CST-MUMBAI,04:26:00,05:43:00,49,2,0 days 01:17:00
98003,CST-MUMBAI,PANVEL,00:28:00,01:45:00,49,2,0 days 01:17:00
98004,PANVEL,CST-MUMBAI,04:59:00,06:16:00,49,2,0 days 01:17:00
98005,CST-MUMBAI,PANVEL,00:45:00,02:02:00,49,2,0 days 01:17:00
98006,PANVEL,CST-MUMBAI,05:23:00,06:40:00,49,2,0 days 01:17:00
98007,CST-MUMBAI,PANVEL,04:23:00,05:40:00,49,2,0 days 01:17:00
98008,PANVEL,CST-MUMBAI,05:39:00,06:56:00,49,2,0 days 01:17:00
98009,CST-MUMBAI,PANVEL,04:39:00,05:56:00,49,2,0 days 01:17:00
98010,PANVEL,CST-MUMBAI,05:51:00,07:08:00,49,2,0 days 01:17:00
98011,CST-MUMBAI,PANVEL,04:51:00,06:08:00,49,2,0 days 01:17:00
98012,PANVEL,CST-MUMBAI,06:05:00,07:22:00,49,2,0 days 01:17:00
98013,VASHI,PANVEL,05:50:00,06:21:00,20,2,0 days 00:31:00
98014,PANVEL,CST-MUMBAI,06:23:00,07:40:00,49,2,0 days 01:17:00
98015,CST-MUMBAI,PANVEL,05:08:00,06:25:00,49,2,0 days 01:17:00
98016,PANVEL,CST-MUMBAI,06:35:00,07:53:00,49,2,0 days 01:18:00
98017,CST-MUMBAI,PANVEL,05:22:00,06:39:00,49,2,0 days 01:17:00
98018,PANVEL,MUMBAI VADAL,06:43:00,07:43:00,39,2,0 days 01:00:00
98019,CST-MUMBAI,PANVEL,05:30:00,06:47:00,49,2,0 days 01:17:00
98020,PANVEL,CST-MUMBAI,06:51:00,08:09:00,49,2,0 days 01:18:00
98021,VASHI,PANVEL,06:25:00,06:55:00,20,2,0 days 00:30:00
98022,PANVEL,CST-MUMBAI,07:08:00,08:26:00,49,2,0 days 01:18:00
98023,CST-MUMBAI,PANVEL,05:47:00,07:04:00,49,2,0 days 01:17:00
98024,PANVEL,CST-MUMBAI,07:20:00,08:37:00,49,2,0 days 01:17:00
98025,CST-MUMBAI,PANVEL,06:00:00,07:17:00,49,2,0 days 01:17:00
98026,PANVEL,MUMBAI VADAL,07:28:00,08:27:00,39,2,0 days 00:59:00
98027,CST-MUMBAI,PANVEL,06:08:00,07:25:00,49,2,0 days 01:17:00
98028,PANVEL,CST-MUMBAI,07:32:00,08:49:00,49,2,0 days 01:17:00
98029,CST-MUMBAI,PANVEL,06:20:00,07:37:00,49,2,0 days 01:17:00
98030,PANVEL,CST-MUMBAI,07:48:00,09:05:00,49,2,0 days 01:17:00
98031,MUMBAI VADAL,PANVEL,06:42:00,07:44:00,39,2,0 days 01:02:00
98032,PANVEL,MUMBAI VADAL,07:56:00,08:55:00,39,2,0 days 00:59:00
98033,CST-MUMBAI,PANVEL,06:28:00,07:45:00,49,2,0 days 01:17:00
98034,PANVEL,CST-MUMBAI,08:00:00,09:17:00,49,2,0 days 01:17:00
98035,CST-MUMBAI,PANVEL,06:44:00,08:02:00,49,2,0 days 01:18:00
98036,PANVEL,CST-MUMBAI,08:12:00,09:29:00,49,2,0 days 01:17:00
98037,CST-MUMBAI,PANVEL,06:52:00,08:12:00,49,2,0 days 01:20:00
98038,PANVEL,CST-MUMBAI,08:24:00,09:41:00,49,2,0 days 01:17:00
98039,CST-MUMBAI,PANVEL,07:00:00,08:17:00,49,2,0 days 01:17:00
98040,PANVEL,MUMBAI VADAL,08:36:00,09:35:00,39,2,0 days 00:59:00
98041,CST-MUMBAI,PANVEL,07:13:00,08:30:00,49,2,0 days 01:17:00
98042,PANVEL,CST-MUMBAI,08:40:00,09:57:00,49,2,0 days 01:17:00
98043,CST-MUMBAI,PANVEL,07:22:00,08:39:00,49,2,0 days 01:17:00
98044,PANVEL,CST-MUMBAI,08:50:00,10:08:00,49,2,0 days 01:18:00
98045,CST-MUMBAI,PANVEL,07:30:00,08:47:00,49,2,0 days 01:17:00
98046,PANVEL,CST-MUMBAI,08:58:00,10:16:00,49,2,0 days 01:18:00
98047,CST-MUMBAI,PANVEL,07:43:00,09:00:00,49,2,0 days 01:17:00
98048,PANVEL,CST-MUMBAI,09:10:00,10:27:00,49,2,0 days 01:17:00
98049,CST-MUMBAI,PANVEL,08:05:00,09:22:00,49,2,0 days 01:17:00
98050,PANVEL,CST-MUMBAI,09:20:00,10:37:00,49,2,0 days 01:17:00
98051,MUMBAI VADAL,PANVEL,08:34:00,09:33:00,39,2,0 days 00:59:00
98052,PANVEL,CST-MUMBAI,09:31:00,10:48:00,49,2,0 days 01:17:00
98053,CST-MUMBAI,PANVEL,08:23:00,09:40:00,49,2,0 days 01:17:00
98054,PANVEL,CST-MUMBAI,09:40:00,10:57:00,49,2,0 days 01:17:00
98055,CST-MUMBAI,PANVEL,08:41:00,09:59:00,49,2,0 days 01:18:00
98056,PANVEL,CST-MUMBAI,09:54:00,11:13:00,49,2,0 days 01:19:00
98057,CST-MUMBAI,PANVEL,08:53:00,10:11:00,49,2,0 days 01:18:00
98058,PANVEL,CST-MUMBAI,10:08:00,11:25:00,49,2,0 days 01:17:00
98059,CST-MUMBAI,PANVEL,09:05:00,10:22:00,49,2,0 days 01:17:00
98060,PANVEL,CST-MUMBAI,10:20:00,11:37:00,49,2,0 days 01:17:00
98061,CST-MUMBAI,PANVEL,09:17:00,10:34:00,49,2,0 days 01:17:00
98062,PANVEL,CST-MUMBAI,10:32:00,11:49:00,49,2,0 days 01:17:00
98063,CST-MUMBAI,PANVEL,09:29:00,10:47:00,49,2,0 days 01:18:00
98064,PANVEL,CST-MUMBAI,10:43:00,12:00:00,49,2,0 days 01:17:00
98065,CST-MUMBAI,PANVEL,09:45:00,11:02:00,49,2,0 days 01:17:00
98066,PANVEL,CST-MUMBAI,10:59:00,12:17:00,49,2,0 days 01:18:00
98067,CST-MUMBAI,PANVEL,10:01:00,11:18:00,49,2,0 days 01:17:00
98068,PANVEL,CST-MUMBAI,11:09:00,12:26:00,49,2,0 days 01:17:00
98069,CST-MUMBAI,PANVEL,10:12:00,11:29:00,49,2,0 days 01:17:00
98070,PANVEL,CST-MUMBAI,11:18:00,12:35:00,49,2,0 days 01:17:00
98071,CST-MUMBAI,PANVEL,10:23:00,11:40:00,49,2,0 days 01:17:00
98072,PANVEL,CST-MUMBAI,11:32:00,12:49:00,49,2,0 days 01:17:00
98073,CST-MUMBAI,PANVEL,10:31:00,11:48:00,49,2,0 days 01:17:00
98074,PANVEL,CST-MUMBAI,11:40:00,12:57:00,49,2,0 days 01:17:00
98075,CST-MUMBAI,PANVEL,10:41:00,12:01:00,49,2,0 days 01:20:00
98076,PANVEL,CST-MUMBAI,11:52:00,13:09:00,49,2,0 days 01:17:00
98077,CST-MUMBAI,PANVEL,10:52:00,12:09:00,49,2,0 days 01:17:00
98078,PANVEL,CST-MUMBAI,12:04:00,13:25:00,49,2,0 days 01:21:00
98079,CST-MUMBAI,PANVEL,11:09:00,12:26:00,49,2,0 days 01:17:00
98080,PANVEL,CST-MUMBAI,12:09:00,13:29:00,49,2,0 days 01:20:00
98081,CST-MUMBAI,PANVEL,11:21:00,12:38:00,49,2,0 days 01:17:00
98082,PANVEL,CST-MUMBAI,12:23:00,13:41:00,49,2,0 days 01:18:00
98083,MUMBAI VADAL,PANVEL,11:43:00,12:43:00,39,2,0 days 01:00:00
98084,PANVEL,CST-MUMBAI,12:36:00,13:54:00,49,2,0 days 01:18:00
98085,CST-MUMBAI,PANVEL,11:41:00,12:58:00,49,2,0 days 01:17:00
98087,CST-MUMBAI,PANVEL,11:54:00,13:11:00,49,2,0 days 01:17:00
98088,PANVEL,CST-MUMBAI,13:00:00,14:17:00,49,2,0 days 01:17:00
98089,CST-MUMBAI,PANVEL,12:06:00,13:23:00,49,2,0 days 01:17:00
98090,PANVEL,CST-MUMBAI,13:08:00,14:25:00,49,2,0 days 01:17:00
98091,CST-MUMBAI,PANVEL,12:21:00,13:38:00,49,2,0 days 01:17:00
98092,PANVEL,CST-MUMBAI,13:24:00,14:41:00,49,2,0 days 01:17:00
98093,CST-MUMBAI,PANVEL,12:40:00,13:58:00,49,2,0 days 01:18:00
98094,PANVEL,CST-MUMBAI,13:40:00,14:57:00,49,2,0 days 01:17:00
98095,CST-MUMBAI,PANVEL,12:53:00,14:11:00,49,2,0 days 01:18:00
98096,PANVEL,CST-MUMBAI,13:52:00,15:09:00,49,2,0 days 01:17:00
98097,CST-MUMBAI,PANVEL,13:05:00,14:22:00,49,2,0 days 01:17:00
98098,PANVEL,CST-MUMBAI,14:04:00,15:21:00,49,2,0 days 01:17:00
98099,CST-MUMBAI,PANVEL,13:21:00,14:38:00,49,2,0 days 01:17:00
98100,PANVEL,CST-MUMBAI,14:20:00,15:37:00,49,2,0 days 01:17:00
98101,CST-MUMBAI,PANVEL,13:29:00,14:46:00,49,2,0 days 01:17:00
98102,PANVEL,CST-MUMBAI,14:24:00,15:41:00,49,2,0 days 01:17:00
98103,MUMBAI VADAL,PANVEL,14:19:00,15:19:00,39,2,0 days 01:00:00
98104,PANVEL,CST-MUMBAI,14:32:00,15:49:00,49,2,0 days 01:17:00
98105,CST-MUMBAI,PANVEL,13:45:00,15:02:00,49,2,0 days 01:17:00
98106,PANVEL,CST-MUMBAI,14:46:00,16:04:00,49,2,0 days 01:18:00
98107,CST-MUMBAI,PANVEL,13:58:00,15:15:00,49,2,0 days 01:17:00
98108,PANVEL,CST-MUMBAI,14:58:00,16:18:00,49,2,0 days 01:20:00
98109,CST-MUMBAI,PANVEL,14:10:00,15:29:00,49,2,0 days 01:19:00
98110,PANVEL,CST-MUMBAI,15:15:00,16:32:00,49,2,0 days 01:17:00
98111,CST-MUMBAI,PANVEL,14:29:00,15:47:00,49,2,0 days 01:18:00
98112,PANVEL,CST-MUMBAI,15:27:00,16:44:00,49,2,0 days 01:17:00
98113,CST-MUMBAI,PANVEL,14:45:00,16:02:00,49,2,0 days 01:17:00
98114,PANVEL,CST-MUMBAI,15:31:00,16:48:00,49,2,0 days 01:17:00
98115,CST-MUMBAI,PANVEL,14:57:00,16:14:00,49,2,0 days 01:17:00
98116,PANVEL,CST-MUMBAI,15:39:00,16:56:00,49,2,0 days 01:17:00
98117,CST-MUMBAI,PANVEL,15:01:00,16:18:00,49,2,0 days 01:17:00
98118,PANVEL,CST-MUMBAI,15:57:00,17:16:00,49,2,0 days 01:19:00
98119,CST-MUMBAI,PANVEL,15:13:00,16:31:00,49,2,0 days 01:18:00
98120,PANVEL,CST-MUMBAI,16:14:00,17:32:00,49,2,0 days 01:18:00
98121,CST-MUMBAI,PANVEL,15:25:00,16:42:00,49,2,0 days 01:17:00
98122,PANVEL,CST-MUMBAI,16:22:00,17:40:00,49,2,0 days 01:18:00
98123,CST-MUMBAI,PANVEL,15:37:00,16:54:00,49,2,0 days 01:17:00
98124,PANVEL,CST-MUMBAI,16:41:00,18:00:00,49,2,0 days 01:19:00
98125,CST-MUMBAI,PANVEL,15:41:00,16:58:00,49,2,0 days 01:17:00
98126,PANVEL,CST-MUMBAI,16:54:00,18:12:00,49,2,0 days 01:18:00
98127,CST-MUMBAI,PANVEL,15:55:00,17:12:00,49,2,0 days 01:17:00
98128,PANVEL,CST-MUMBAI,17:10:00,18:27:00,49,2,0 days 01:17:00
98129,CST-MUMBAI,PANVEL,16:00:00,17:17:00,49,2,0 days 01:17:00
98130,PANVEL,CST-MUMBAI,17:20:00,18:37:00,49,2,0 days 01:17:00
98131,CST-MUMBAI,PANVEL,16:08:00,17:27:00,49,2,0 days 01:19:00
98132,PANVEL,CST-MUMBAI,17:38:00,18:57:00,49,2,0 days 01:19:00
98133,MUMBAI VADAL,PANVEL,16:36:00,17:39:00,39,2,0 days 01:03:00
98134,PANVEL,MUMBAI VADAL,17:48:00,18:49:00,39,2,0 days 01:01:00
98135,CST-MUMBAI,PANVEL,16:23:00,17:43:00,49,2,0 days 01:20:00
98136,PANVEL,CST-MUMBAI,17:53:00,19:12:00,49,2,0 days 01:19:00
98137,CST-MUMBAI,PANVEL,16:36:00,17:54:00,49,2,0 days 01:18:00
98138,PANVEL,CST-MUMBAI,18:06:00,19:24:00,49,2,0 days 01:18:00
98139,CST-MUMBAI,PANVEL,16:52:00,18:09:00,49,2,0 days 01:17:00
98140,PANVEL,CST-MUMBAI,18:22:00,19:43:00,49,2,0 days 01:21:00
98141,CST-MUMBAI,PANVEL,17:04:00,18:21:00,49,2,0 days 01:17:00
98142,PANVEL,CST-MUMBAI,18:38:00,19:57:00,49,2,0 days 01:19:00
98143,MUMBAI VADAL,PANVEL,17:30:00,18:30:00,39,2,0 days 01:00:00
98144,PANVEL,MUMBAI VADAL,18:47:00,19:46:00,39,2,0 days 00:59:00
98145,CST-MUMBAI,PANVEL,17:21:00,18:39:00,49,2,0 days 01:18:00
98146,PANVEL,CST-MUMBAI,18:57:00,20:14:00,49,2,0 days 01:17:00
98147,CST-MUMBAI,PANVEL,17:33:00,18:50:00,49,2,0 days 01:17:00
98148,PANVEL,CST-MUMBAI,19:05:00,20:22:00,49,2,0 days 01:17:00
98149,MUMBAI VADAL,PANVEL,17:55:00,18:55:00,39,2,0 days 01:00:00
98150,PANVEL,CST-MUMBAI,19:15:00,20:32:00,49,2,0 days 01:17:00
98151,CST-MUMBAI,PANVEL,17:46:00,19:05:00,49,2,0 days 01:19:00
98152,PANVEL,CST-MUMBAI,19:26:00,20:43:00,49,2,0 days 01:17:00
98153,CST-MUMBAI,PANVEL,17:57:00,19:15:00,49,2,0 days 01:18:00
98154,PANVEL,CST-MUMBAI,19:39:00,20:56:00,49,2,0 days 01:17:00
98155,CST-MUMBAI,PANVEL,18:01:00,19:19:00,49,2,0 days 01:18:00
98156,PANVEL,CST-MUMBAI,19:53:00,21:10:00,49,2,0 days 01:17:00
98157,CST-MUMBAI,PANVEL,18:12:00,19:30:00,49,2,0 days 01:18:00
98158,PANVEL,CST-MUMBAI,19:57:00,21:14:00,49,2,0 days 01:17:00
98159,CST-MUMBAI,PANVEL,18:26:00,19:43:00,49,2,0 days 01:17:00
98160,PANVEL,CST-MUMBAI,20:07:00,21:26:00,49,2,0 days 01:19:00
98161,CST-MUMBAI,PANVEL,18:40:00,19:57:00,49,2,0 days 01:17:00
98162,PANVEL,CST-MUMBAI,20:20:00,21:38:00,49,2,0 days 01:18:00
98163,CST-MUMBAI,PANVEL,18:54:00,20:13:00,49,2,0 days 01:19:00
98164,PANVEL,CST-MUMBAI,20:28:00,21:46:00,49,2,0 days 01:18:00
98165,CST-MUMBAI,PANVEL,19:07:00,20:24:00,49,2,0 days 01:17:00
98166,PANVEL,VASHI,20:37:00,21:07:00,20,2,0 days 00:30:00
98167,MUMBAI VADAL,PANVEL,19:29:00,20:29:00,39,2,0 days 01:00:00
98168,PANVEL,CST-MUMBAI,20:42:00,22:01:00,49,2,0 days 01:19:00
98169,CST-MUMBAI,PANVEL,19:20:00,20:37:00,49,2,0 days 01:17:00
98170,PANVEL,CST-MUMBAI,20:47:00,22:05:00,49,2,0 days 01:18:00
98171,CST-MUMBAI,PANVEL,19:32:00,20:50:00,49,2,0 days 01:18:00
98172,PANVEL,CST-MUMBAI,20:56:00,22:14:00,49,2,0 days 01:18:00
98173,MUMBAI VADAL,PANVEL,20:00:00,20:59:00,39,2,0 days 00:59:00
98174,PANVEL,CST-MUMBAI,21:04:00,22:22:00,49,2,0 days 01:18:00
98175,CST-MUMBAI,PANVEL,19:52:00,21:10:00,49,2,0 days 01:18:00
98176,PANVEL,CST-MUMBAI,21:14:00,22:32:00,49,2,0 days 01:18:00
98177,MUMBAI VADAL,PANVEL,20:14:00,21:14:00,39,2,0 days 01:00:00
98178,PANVEL,CST-MUMBAI,21:27:00,22:45:00,49,2,0 days 01:18:00
98179,CST-MUMBAI,PANVEL,20:05:00,21:23:00,49,2,0 days 01:18:00
98180,PANVEL,CST-MUMBAI,21:38:00,22:55:00,49,2,0 days 01:17:00
98181,MUMBAI VADAL,PANVEL,20:30:00,21:30:00,39,2,0 days 01:00:00
98182,PANVEL,CST-MUMBAI,21:48:00,23:06:00,49,2,0 days 01:18:00
98183,CST-MUMBAI,PANVEL,20:17:00,21:34:00,49,2,0 days 01:17:00
98184,PANVEL,CST-MUMBAI,21:58:00,23:15:00,49,2,0 days 01:17:00
98185,CST-MUMBAI,PANVEL,20:35:00,21:52:00,49,2,0 days 01:17:00
98186,PANVEL,CST-MUMBAI,22:05:00,23:23:00,49,2,0 days 01:18:00
98187,MUMBAI VADAL,PANVEL,21:03:00,22:03:00,39,2,0 days 01:00:00
98188,PANVEL,CST-MUMBAI,22:15:00,23:32:00,49,2,0 days 01:17:00
98189,CST-MUMBAI,PANVEL,20:50:00,22:07:00,49,2,0 days 01:17:00
98190,PANVEL,CST-MUMBAI,22:30:00,23:47:00,49,2,0 days 01:17:00
98191,CST-MUMBAI,PANVEL,21:00:00,22:17:00,49,2,0 days 01:17:00
98192,PANVEL,CST-MUMBAI,22:45:00,00:03:00,49,2,0 days 01:18:00
98193,CST-MUMBAI,PANVEL,21:14:00,22:32:00,49,2,0 days 01:18:00
98194,PANVEL,CST-MUMBAI,23:00:00,00:17:00,49,2,0 days 01:17:00
98195,CST-MUMBAI,PANVEL,21:30:00,22:49:00,49,2,0 days 01:19:00
98196,PANVEL,BELAPUR C.B.,23:08:00,23:23:00,10,2,0 days 00:15:00
98197,CST-MUMBAI,PANVEL,21:42:00,23:00:00,49,2,0 days 01:18:00
98198,PANVEL,CST-MUMBAI,23:23:00,00:41:00,49,2,0 days 01:18:00
98199,CST-MUMBAI,PANVEL,21:57:00,23:15:00,49,2,0 days 01:18:00
98200,PANVEL,VASHI,23:31:00,00:01:00,20,2,0 days 00:30:00
98201,CST-MUMBAI,PANVEL,22:05:00,23:23:00,49,2,0 days 01:18:00
98202,PANVEL,CST-MUMBAI,23:44:00,01:02:00,49,2,0 days 01:18:00
98203,CST-MUMBAI,PANVEL,22:18:00,23:35:00,49,2,0 days 01:17:00
98204,PANVEL,CST-MUMBAI,23:59:00,01:19:00,49,2,0 days 01:20:00
98205,CST-MUMBAI,PANVEL,22:32:00,23:49:00,49,2,0 days 01:17:00
98207,CST-MUMBAI,PANVEL,22:51:00,00:08:00,49,2,0 days 01:17:00
98208,PANVEL,BELAPUR C.B.,21:31:00,21:46:00,10,2,0 days 00:15:00
98209,CST-MUMBAI,PANVEL,23:00:00,00:17:00,49,2,0 days 01:17:00
98211,CST-MUMBAI,PANVEL,23:15:00,00:32:00,49,2,0 days 01:17:00
98213,CST-MUMBAI,PANVEL,23:30:00,00:47:00,49,2,0 days 01:17:00
98214,PANVEL,BELAPUR C.B.,00:15:00,00:30:00,10,2,0 days 00:15:00
98215,CST-MUMBAI,PANVEL,23:51:00,01:09:00,49,2,0 days 01:18:00
98300,BELAPUR C.B.,CST-MUMBAI,03:48:00,04:52:00,38,2,0 days 01:04:00
98301,CST-MUMBAI,BELAPUR C.B.,00:03:00,01:07:00,38,2,0 days 01:04:00
98302,BELAPUR C.B.,CST-MUMBAI,04:04:00,05:08:00,38,2,0 days 01:04:00
98303,CST-MUMBAI,BELAPUR C.B.,06:12:00,07:15:00,38,2,0 days 01:03:00
98304,BELAPUR C.B.,CST-MUMBAI,04:28:00,05:32:00,38,2,0 days 01:04:00
98305,CST-MUMBAI,BELAPUR C.B.,06:36:00,07:39:00,38,2,0 days 01:03:00
98306,BELAPUR C.B.,CST-MUMBAI,05:00:00,06:04:00,38,2,0 days 01:04:00
98307,CST-MUMBAI,BELAPUR C.B.,06:48:00,07:54:00,38,2,0 days 01:06:00
98308,BELAPUR C.B.,CST-MUMBAI,05:28:00,06:32:00,38,2,0 days 01:04:00
98309,MUMBAI VADAL,BELAPUR C.B.,07:51:00,08:37:00,28,2,0 days 00:46:00
98310,BELAPUR C.B.,CST-MUMBAI,05:44:00,06:48:00,38,2,0 days 01:04:00
98311,CST-MUMBAI,BELAPUR C.B.,07:49:00,08:52:00,38,2,0 days 01:03:00
98312,BELAPUR C.B.,CST-MUMBAI,05:57:00,07:00:00,38,2,0 days 01:03:00
98313,CST-MUMBAI,BELAPUR C.B.,08:09:00,09:12:00,38,2,0 days 01:03:00
98314,BELAPUR C.B.,CST-MUMBAI,06:15:00,07:18:00,38,2,0 days 01:03:00
98315,CST-MUMBAI,BELAPUR C.B.,08:29:00,09:32:00,38,2,0 days 01:03:00
98316,BELAPUR C.B.,CST-MUMBAI,06:29:00,07:32:00,38,2,0 days 01:03:00
98317,CST-MUMBAI,BELAPUR C.B.,08:45:00,09:48:00,38,2,0 days 01:03:00
98318,BELAPUR C.B.,CST-MUMBAI,06:42:00,07:45:00,38,2,0 days 01:03:00
98319,CST-MUMBAI,BELAPUR C.B.,08:57:00,10:00:00,38,2,0 days 01:03:00
98320,BELAPUR C.B.,CST-MUMBAI,07:26:00,08:29:00,38,2,0 days 01:03:00
98321,MUMBAI VADAL,BELAPUR C.B.,09:43:00,10:29:00,28,2,0 days 00:46:00
98322,BELAPUR C.B.,CST-MUMBAI,07:50:00,08:53:00,38,2,0 days 01:03:00
98323,CST-MUMBAI,BELAPUR C.B.,09:37:00,10:42:00,38,2,0 days 01:05:00
98324,BELAPUR C.B.,CST-MUMBAI,08:06:00,09:09:00,38,2,0 days 01:03:00
98325,CST-MUMBAI,BELAPUR C.B.,09:57:00,11:00:00,38,2,0 days 01:03:00
98326,BELAPUR C.B.,CST-MUMBAI,08:46:00,09:49:00,38,2,0 days 01:03:00
98327,CST-MUMBAI,BELAPUR C.B.,10:27:00,11:30:00,38,2,0 days 01:03:00
98328,BELAPUR C.B.,CST-MUMBAI,09:07:00,10:12:00,38,2,0 days 01:05:00
98329,MUMBAI VADAL,BELAPUR C.B.,10:55:00,11:43:00,28,2,0 days 00:48:00
98330,BELAPUR C.B.,CST-MUMBAI,09:20:00,10:23:00,38,2,0 days 01:03:00
98331,CST-MUMBAI,BELAPUR C.B.,11:00:00,12:03:00,38,2,0 days 01:03:00
98332,BELAPUR C.B.,CST-MUMBAI,09:39:00,10:42:00,38,2,0 days 01:03:00
98333,CST-MUMBAI,BELAPUR C.B.,11:17:00,12:20:00,38,2,0 days 01:03:00
98334,BELAPUR C.B.,MUMBAI VADAL,09:58:00,10:43:00,28,2,0 days 00:45:00
98335,CST-MUMBAI,BELAPUR C.B.,11:29:00,12:34:00,38,2,0 days 01:05:00
98336,BELAPUR C.B.,CST-MUMBAI,10:12:00,11:17:00,38,2,0 days 01:05:00
98337,CST-MUMBAI,BELAPUR C.B.,12:17:00,13:20:00,38,2,0 days 01:03:00
98338,BELAPUR C.B.,MUMBAI VADAL,10:38:00,11:23:00,28,2,0 days 00:45:00
98339,CST-MUMBAI,BELAPUR C.B.,12:30:00,13:34:00,38,2,0 days 01:04:00
98340,BELAPUR C.B.,MUMBAI VADAL,10:50:00,11:35:00,28,2,0 days 00:45:00
98341,CST-MUMBAI,BELAPUR C.B.,13:09:00,14:12:00,38,2,0 days 01:03:00
98342,BELAPUR C.B.,CST-MUMBAI,11:09:00,12:13:00,38,2,0 days 01:04:00
98343,CST-MUMBAI,BELAPUR C.B.,13:33:00,14:36:00,38,2,0 days 01:03:00
98344,BELAPUR C.B.,CST-MUMBAI,11:38:00,12:41:00,38,2,0 days 01:03:00
98345,CST-MUMBAI,BELAPUR C.B.,13:49:00,14:53:00,38,2,0 days 01:04:00
98346,BELAPUR C.B.,CST-MUMBAI,11:58:00,13:01:00,38,2,0 days 01:03:00
98347,CST-MUMBAI,BELAPUR C.B.,14:21:00,15:24:00,38,2,0 days 01:03:00
98348,BELAPUR C.B.,CST-MUMBAI,12:14:00,13:17:00,38,2,0 days 01:03:00
98349,CST-MUMBAI,BELAPUR C.B.,14:37:00,15:41:00,38,2,0 days 01:04:00
98350,BELAPUR C.B.,CST-MUMBAI,12:30:00,13:34:00,38,2,0 days 01:04:00
98351,CST-MUMBAI,BELAPUR C.B.,14:49:00,15:53:00,38,2,0 days 01:04:00
98352,BELAPUR C.B.,CST-MUMBAI,12:41:00,13:45:00,38,2,0 days 01:04:00
98353,CST-MUMBAI,BELAPUR C.B.,15:29:00,16:34:00,38,2,0 days 01:05:00
98354,BELAPUR C.B.,CST-MUMBAI,13:30:00,14:33:00,38,2,0 days 01:03:00
98355,MUMBAI VADAL,BELAPUR C.B.,16:07:00,16:53:00,28,2,0 days 00:46:00
98356,BELAPUR C.B.,CST-MUMBAI,13:50:00,14:53:00,38,2,0 days 01:03:00
98357,CST-MUMBAI,BELAPUR C.B.,16:28:00,17:31:00,38,2,0 days 01:03:00
98358,BELAPUR C.B.,CST-MUMBAI,14:26:00,15:29:00,38,2,0 days 01:03:00
98359,CST-MUMBAI,BELAPUR C.B.,16:48:00,17:51:00,38,2,0 days 01:03:00
98360,BELAPUR C.B.,CST-MUMBAI,14:49:00,15:53:00,38,2,0 days 01:04:00
98361,CST-MUMBAI,BELAPUR C.B.,17:00:00,18:03:00,38,2,0 days 01:03:00
98362,BELAPUR C.B.,CST-MUMBAI,15:04:00,16:08:00,38,2,0 days 01:04:00
98363,CST-MUMBAI,BELAPUR C.B.,17:16:00,18:19:00,38,2,0 days 01:03:00
98364,BELAPUR C.B.,MUMBAI VADAL,15:37:00,16:25:00,28,2,0 days 00:48:00
98365,CST-MUMBAI,BELAPUR C.B.,18:05:00,19:09:00,38,2,0 days 01:04:00
98366,BELAPUR C.B.,CST-MUMBAI,15:49:00,16:52:00,38,2,0 days 01:03:00
98367,MUMBAI VADAL,BELAPUR C.B.,19:01:00,19:47:00,28,2,0 days 00:46:00
98368,BELAPUR C.B.,CST-MUMBAI,16:07:00,17:12:00,38,2,0 days 01:05:00
98369,CST-MUMBAI,BELAPUR C.B.,19:02:00,20:05:00,38,2,0 days 01:03:00
98370,BELAPUR C.B.,CST-MUMBAI,16:24:00,17:28:00,38,2,0 days 01:04:00
98371,CST-MUMBAI,BELAPUR C.B.,19:16:00,20:19:00,38,2,0 days 01:03:00
98372,BELAPUR C.B.,CST-MUMBAI,16:42:00,17:49:00,38,2,0 days 01:07:00
98373,CST-MUMBAI,BELAPUR C.B.,19:37:00,20:41:00,38,2,0 days 01:04:00
98374,BELAPUR C.B.,CST-MUMBAI,17:04:00,18:08:00,38,2,0 days 01:04:00
98375,CST-MUMBAI,BELAPUR C.B.,20:00:00,21:05:00,38,2,0 days 01:05:00
98376,BELAPUR C.B.,CST-MUMBAI,17:39:00,18:42:00,38,2,0 days 01:03:00
98377,CST-MUMBAI,BELAPUR C.B.,20:26:00,21:29:00,38,2,0 days 01:03:00
98378,BELAPUR C.B.,CST-MUMBAI,17:59:00,19:04:00,38,2,0 days 01:05:00
98379,CST-MUMBAI,BELAPUR C.B.,21:18:00,22:22:00,38,2,0 days 01:04:00
98380,BELAPUR C.B.,CST-MUMBAI,18:14:00,19:20:00,38,2,0 days 01:06:00
98381,CST-MUMBAI,BELAPUR C.B.,21:38:00,22:43:00,38,2,0 days 01:05:00
98382,BELAPUR C.B.,CST-MUMBAI,18:29:00,19:32:00,38,2,0 days 01:03:00
98384,BELAPUR C.B.,MUMBAI VADAL,19:23:00,20:08:00,28,2,0 days 00:45:00
98386,BELAPUR C.B.,CST-MUMBAI,19:57:00,21:00:00,38,2,0 days 01:03:00
98388,BELAPUR C.B.,CST-MUMBAI,20:15:00,21:22:00,38,2,0 days 01:07:00
98390,BELAPUR C.B.,CST-MUMBAI,20:30:00,21:34:00,38,2,0 days 01:04:00
98392,BELAPUR C.B.,CST-MUMBAI,20:48:00,21:51:00,38,2,0 days 01:03:00
98394,BELAPUR C.B.,CST-MUMBAI,21:15:00,22:18:00,38,2,0 days 01:03:00
98500,VASHI,CST-MUMBAI,04:00:00,04:48:00,28,2,0 days 00:48:00
98501,CST-MUMBAI,VASHI,07:18:00,08:05:00,28,2,0 days 00:47:00
98502,VASHI,CST-MUMBAI,04:16:00,05:04:00,28,2,0 days 00:48:00
98503,CST-MUMBAI,VASHI,07:36:00,08:24:00,28,2,0 days 00:48:00
98504,VASHI,CST-MUMBAI,04:38:00,05:26:00,28,2,0 days 00:48:00
98505,CST-MUMBAI,VASHI,08:13:00,09:00:00,28,2,0 days 00:47:00
98506,VASHI,CST-MUMBAI,05:04:00,05:52:00,28,2,0 days 00:48:00
98507,MUMBAI VADAL,VASHI,09:07:00,09:36:00,19,2,0 days 00:29:00
98508,VASHI,CST-MUMBAI,05:20:00,06:08:00,28,2,0 days 00:48:00
98509,CST-MUMBAI,VASHI,09:09:00,09:57:00,28,2,0 days 00:48:00
98510,VASHI,CST-MUMBAI,05:36:00,06:24:00,28,2,0 days 00:48:00
98511,CST-MUMBAI,VASHI,09:21:00,10:08:00,28,2,0 days 00:47:00
98512,VASHI,CST-MUMBAI,05:48:00,06:36:00,28,2,0 days 00:48:00
98513,CST-MUMBAI,VASHI,09:33:00,10:21:00,28,2,0 days 00:48:00
98514,VASHI,MUMBAI VADAL,06:04:00,06:34:00,19,2,0 days 00:30:00
98515,CST-MUMBAI,VASHI,09:49:00,10:36:00,28,2,0 days 00:47:00
98516,VASHI,CST-MUMBAI,07:09:00,07:57:00,28,2,0 days 00:48:00
98517,CST-MUMBAI,VASHI,10:08:00,10:55:00,28,2,0 days 00:47:00
98518,VASHI,CST-MUMBAI,07:17:00,08:05:00,28,2,0 days 00:48:00
98519,CST-MUMBAI,VASHI,10:16:00,11:04:00,28,2,0 days 00:48:00
98520,VASHI,CST-MUMBAI,07:32:00,08:20:00,28,2,0 days 00:48:00
98521,CST-MUMBAI,VASHI,10:34:00,11:22:00,28,2,0 days 00:48:00
98522,VASHI,CST-MUMBAI,08:13:00,09:01:00,28,2,0 days 00:48:00
98523,CST-MUMBAI,VASHI,10:45:00,11:32:00,28,2,0 days 00:47:00
98524,VASHI,CST-MUMBAI,08:36:00,09:25:00,28,2,0 days 00:49:00
98525,CST-MUMBAI,VASHI,10:56:00,11:43:00,28,2,0 days 00:47:00
98526,VASHI,CST-MUMBAI,09:15:00,10:04:00,28,2,0 days 00:49:00
98527,MUMBAI VADAL,VASHI,11:31:00,12:00:00,19,2,0 days 00:29:00
98528,VASHI,CST-MUMBAI,09:43:00,10:31:00,28,2,0 days 00:48:00
98529,CST-MUMBAI,VASHI,12:45:00,13:32:00,28,2,0 days 00:47:00
98530,VASHI,CST-MUMBAI,10:04:00,10:52:00,28,2,0 days 00:48:00
98531,CST-MUMBAI,VASHI,13:01:00,13:48:00,28,2,0 days 00:47:00
98532,VASHI,CST-MUMBAI,10:17:00,11:05:00,28,2,0 days 00:48:00
98533,CST-MUMBAI,VASHI,13:37:00,14:24:00,28,2,0 days 00:47:00
98535,CST-MUMBAI,VASHI,15:45:00,16:32:00,28,2,0 days 00:47:00
98537,CST-MUMBAI,VASHI,16:13:00,17:00:00,28,2,0 days 00:47:00
98538,VASHI,MUMBAI VADAL,13:41:00,14:11:00,19,2,0 days 00:30:00
98539,CST-MUMBAI,VASHI,16:40:00,17:27:00,28,2,0 days 00:47:00
98540,VASHI,CST-MUMBAI,13:57:00,14:45:00,28,2,0 days 00:48:00
98541,CST-MUMBAI,VASHI,17:08:00,17:55:00,28,2,0 days 00:47:00
98543,CST-MUMBAI,VASHI,17:25:00,18:13:00,28,2,0 days 00:48:00
98544,VASHI,CST-MUMBAI,14:37:00,15:25:00,28,2,0 days 00:48:00
98545,CST-MUMBAI,VASHI,17:41:00,18:30:00,28,2,0 days 00:49:00
98546,VASHI,MUMBAI VADAL,15:25:00,15:55:00,19,2,0 days 00:30:00
98547,CST-MUMBAI,VASHI,17:53:00,18:42:00,28,2,0 days 00:49:00
98548,VASHI,CST-MUMBAI,15:35:00,16:23:00,28,2,0 days 00:48:00
98549,CST-MUMBAI,VASHI,18:16:00,19:03:00,28,2,0 days 00:47:00
98550,VASHI,CST-MUMBAI,15:48:00,16:36:00,28,2,0 days 00:48:00
98551,CST-MUMBAI,VASHI,18:33:00,19:21:00,28,2,0 days 00:48:00
98552,VASHI,CST-MUMBAI,16:16:00,17:04:00,28,2,0 days 00:48:00
98553,CST-MUMBAI,VASHI,18:47:00,19:36:00,28,2,0 days 00:49:00
98554,VASHI,CST-MUMBAI,16:32:00,17:20:00,28,2,0 days 00:48:00
98555,CST-MUMBAI,VASHI,19:24:00,20:12:00,28,2,0 days 00:48:00
98556,VASHI,CST-MUMBAI,16:47:00,17:36:00,28,2,0 days 00:49:00
98557,CST-MUMBAI,VASHI,19:47:00,20:34:00,28,2,0 days 00:47:00
98558,VASHI,MUMBAI VADAL,16:55:00,17:25:00,19,2,0 days 00:30:00
98559,CST-MUMBAI,VASHI,20:39:00,21:26:00,28,2,0 days 00:47:00
98560,VASHI,CST-MUMBAI,17:08:00,17:56:00,28,2,0 days 00:48:00
98561,CST-MUMBAI,VASHI,21:05:00,21:52:00,28,2,0 days 00:47:00
98562,VASHI,MUMBAI VADAL,17:16:00,17:46:00,19,2,0 days 00:30:00
98563,CST-MUMBAI,VASHI,21:26:00,22:14:00,28,2,0 days 00:48:00
98564,VASHI,CST-MUMBAI,17:35:00,18:23:00,28,2,0 days 00:48:00
98565,CST-MUMBAI,VASHI,21:52:00,22:39:00,28,2,0 days 00:47:00
98566,VASHI,CST-MUMBAI,18:02:00,18:50:00,28,2,0 days 00:48:00
98567,CST-MUMBAI,VASHI,22:09:00,22:56:00,28,2,0 days 00:47:00
98568,VASHI,CST-MUMBAI,18:26:00,19:16:00,28,2,0 days 00:50:00
98569,CST-MUMBAI,VASHI,22:22:00,23:09:00,28,2,0 days 00:47:00
98570,VASHI,MUMBAI VADAL,18:38:00,19:10:00,19,2,0 days 00:32:00
98571,CST-MUMBAI,VASHI,22:38:00,23:25:00,28,2,0 days 00:47:00
98572,VASHI,CST-MUMBAI,18:57:00,19:47:00,28,2,0 days 00:50:00
98573,CST-MUMBAI,VASHI,23:19:00,00:06:00,28,2,0 days 00:47:00
98574,VASHI,CST-MUMBAI,19:12:00,20:00:00,28,2,0 days 00:48:00
98575,CST-MUMBAI,VASHI,23:38:00,00:25:00,28,2,0 days 00:47:00
98576,VASHI,CST-MUMBAI,19:30:00,20:18:00,28,2,0 days 00:48:00
98577,CST-MUMBAI,VASHI,23:55:00,00:42:00,28,2,0 days 00:47:00
98578,VASHI,MUMBAI VADAL,19:51:00,20:21:00,19,2,0 days 00:30:00
98580,VASHI,MUMBAI VADAL,20:29:00,21:00:00,19,2,0 days 00:31:00
98600,MANKHURD,CST-MUMBAI,08:00:00,08:41:00,21,2,0 days 00:41:00
98601,CST-MUMBAI,MANKHURD,07:04:00,07:48:00,21,2,0 days 00:44:00
98602,MANKHURD,CST-MUMBAI,08:52:00,09:33:00,21,2,0 days 00:41:00
98603,CST-MUMBAI,MANKHURD,07:57:00,08:41:00,21,2,0 days 00:44:00
98604,CHEMBUR,CST-MUMBAI,09:09:00,09:45:00,17,2,0 days 00:36:00
98605,CST-MUMBAI,CHEMBUR,08:33:00,09:06:00,17,2,0 days 00:33:00
98700,RAVLI JN,CST-MUMBAI,00:55:00,01:15:00,10,2,0 days 00:20:00
98701,CST-MUMBAI,RAVLI JN,04:27:00,04:47:00,10,2,0 days 00:20:00
98702,RAVLI JN,CST-MUMBAI,05:39:00,06:00:00,10,2,0 days 00:21:00
98703,CST-MUMBAI,RAVLI JN,04:55:00,05:15:00,10,2,0 days 00:20:00
98704,RAVLI JN,CST-MUMBAI,06:07:00,06:28:00,10,2,0 days 00:21:00
98705,CST-MUMBAI,RAVLI JN,05:12:00,05:32:00,10,2,0 days 00:20:00
98706,RAVLI JN,CST-MUMBAI,06:31:00,06:52:00,10,2,0 days 00:21:00
98707,CST-MUMBAI,RAVLI JN,05:26:00,05:46:00,10,2,0 days 00:20:00
98708,RAVLI JN,CST-MUMBAI,06:43:00,07:04:00,10,2,0 days 00:21:00
98709,CST-MUMBAI,RAVLI JN,05:52:00,06:12:00,10,2,0 days 00:20:00
98710,RAVLI JN,CST-MUMBAI,07:05:00,07:26:00,10,2,0 days 00:21:00
98711,CST-MUMBAI,RAVLI JN,06:16:00,06:36:00,10,2,0 days 00:20:00
98712,RAVLI JN,CST-MUMBAI,07:28:00,07:49:00,10,2,0 days 00:21:00
98713,CST-MUMBAI,RAVLI JN,06:40:00,07:00:00,10,2,0 days 00:20:00
98714,RAVLI JN,CST-MUMBAI,07:52:00,08:13:00,10,2,0 days 00:21:00
98715,CST-MUMBAI,RAVLI JN,07:09:00,07:29:00,10,2,0 days 00:20:00
98716,RAVLI JN,CST-MUMBAI,08:24:00,08:45:00,10,2,0 days 00:21:00
98717,CST-MUMBAI,RAVLI JN,07:40:00,08:00:00,10,2,0 days 00:20:00
98718,RAVLI JN,CST-MUMBAI,08:52:00,09:13:00,10,2,0 days 00:21:00
98719,CST-MUMBAI,RAVLI JN,08:01:00,08:21:00,10,2,0 days 00:20:00
98720,RAVLI JN,CST-MUMBAI,09:16:00,09:37:00,10,2,0 days 00:21:00
98721,CST-MUMBAI,RAVLI JN,08:37:00,08:57:00,10,2,0 days 00:20:00
98722,RAVLI JN,CST-MUMBAI,09:40:00,10:01:00,10,2,0 days 00:21:00
98723,CST-MUMBAI,RAVLI JN,09:01:00,09:21:00,10,2,0 days 00:20:00
98724,RAVLI JN,CST-MUMBAI,10:13:00,10:34:00,10,2,0 days 00:21:00
98725,CST-MUMBAI,RAVLI JN,09:25:00,09:45:00,10,2,0 days 00:20:00
98726,RAVLI JN,CST-MUMBAI,10:39:00,11:00:00,10,2,0 days 00:21:00
98727,CST-MUMBAI,RAVLI JN,09:53:00,10:13:00,10,2,0 days 00:20:00
98728,RAVLI JN,CST-MUMBAI,11:08:00,11:29:00,10,2,0 days 00:21:00
98729,CST-MUMBAI,RAVLI JN,10:20:00,10:40:00,10,2,0 days 00:20:00
98730,RAVLI JN,CST-MUMBAI,11:33:00,11:54:00,10,2,0 days 00:21:00
98731,CST-MUMBAI,RAVLI JN,10:48:00,11:08:00,10,2,0 days 00:20:00
98732,RAVLI JN,CST-MUMBAI,12:00:00,12:21:00,10,2,0 days 00:21:00
98733,CST-MUMBAI,RAVLI JN,11:13:00,11:33:00,10,2,0 days 00:20:00
98734,RAVLI JN,CST-MUMBAI,12:32:00,12:53:00,10,2,0 days 00:21:00
98735,CST-MUMBAI,RAVLI JN,11:45:00,12:06:00,10,2,0 days 00:21:00
98736,RAVLI JN,CST-MUMBAI,13:00:00,13:21:00,10,2,0 days 00:21:00
98737,CST-MUMBAI,RAVLI JN,12:13:00,12:33:00,10,2,0 days 00:20:00
98738,RAVLI JN,CST-MUMBAI,13:28:00,13:49:00,10,2,0 days 00:21:00
98739,CST-MUMBAI,RAVLI JN,12:57:00,13:17:00,10,2,0 days 00:20:00
98740,RAVLI JN,CST-MUMBAI,14:16:00,14:37:00,10,2,0 days 00:21:00
98741,CST-MUMBAI,RAVLI JN,13:25:00,13:45:00,10,2,0 days 00:20:00
98742,RAVLI JN,CST-MUMBAI,14:40:00,15:01:00,10,2,0 days 00:21:00
98743,CST-MUMBAI,RAVLI JN,13:54:00,14:14:00,10,2,0 days 00:20:00
98744,RAVLI JN,CST-MUMBAI,15:12:00,15:33:00,10,2,0 days 00:21:00
98745,CST-MUMBAI,RAVLI JN,14:25:00,14:45:00,10,2,0 days 00:20:00
98746,RAVLI JN,CST-MUMBAI,15:40:00,16:00:00,10,2,0 days 00:20:00
98747,CST-MUMBAI,RAVLI JN,14:53:00,15:13:00,10,2,0 days 00:20:00
98748,RAVLI JN,CST-MUMBAI,16:08:00,16:28:00,10,2,0 days 00:20:00
98749,CST-MUMBAI,RAVLI JN,15:21:00,15:41:00,10,2,0 days 00:20:00
98750,RAVLI JN,CST-MUMBAI,16:38:00,16:59:00,10,2,0 days 00:21:00
98751,CST-MUMBAI,RAVLI JN,15:49:00,16:09:00,10,2,0 days 00:20:00
98752,RAVLI JN,CST-MUMBAI,17:03:00,17:24:00,10,2,0 days 00:21:00
98753,CST-MUMBAI,RAVLI JN,16:18:00,16:38:00,10,2,0 days 00:20:00
98754,RAVLI JN,CST-MUMBAI,17:32:00,17:53:00,10,2,0 days 00:21:00
98755,CST-MUMBAI,RAVLI JN,16:44:00,17:04:00,10,2,0 days 00:20:00
98756,RAVLI JN,CST-MUMBAI,17:56:00,18:17:00,10,2,0 days 00:21:00
98757,CST-MUMBAI,RAVLI JN,17:12:00,17:32:00,10,2,0 days 00:20:00
98758,RAVLI JN,CST-MUMBAI,18:25:00,18:46:00,10,2,0 days 00:21:00
98759,CST-MUMBAI,RAVLI JN,17:37:00,17:57:00,10,2,0 days 00:20:00
98760,RAVLI JN,CST-MUMBAI,18:49:00,19:09:00,10,2,0 days 00:20:00
98761,CST-MUMBAI,RAVLI JN,18:08:00,18:28:00,10,2,0 days 00:20:00
98762,RAVLI JN,CST-MUMBAI,19:19:00,19:40:00,10,2,0 days 00:21:00
98763,CST-MUMBAI,RAVLI JN,18:36:00,18:56:00,10,2,0 days 00:20:00
98764,RAVLI JN,CST-MUMBAI,19:48:00,20:08:00,10,2,0 days 00:20:00
98765,CST-MUMBAI,RAVLI JN,18:58:00,19:18:00,10,2,0 days 00:20:00
98766,RAVLI JN,CST-MUMBAI,20:09:00,20:29:00,10,2,0 days 00:20:00
98767,CST-MUMBAI,RAVLI JN,19:12:00,19:32:00,10,2,0 days 00:20:00
98768,RAVLI JN,CST-MUMBAI,20:26:00,20:48:00,10,2,0 days 00:22:00
98769,CST-MUMBAI,RAVLI JN,19:43:00,20:03:00,10,2,0 days 00:20:00
98770,RAVLI JN,CST-MUMBAI,20:57:00,21:18:00,10,2,0 days 00:21:00
98771,CST-MUMBAI,RAVLI JN,20:11:00,20:31:00,10,2,0 days 00:20:00
98772,RAVLI JN,CST-MUMBAI,21:22:00,21:42:00,10,2,0 days 00:20:00
98773,CST-MUMBAI,RAVLI JN,20:32:00,20:53:00,10,2,0 days 00:21:00
98774,RAVLI JN,CST-MUMBAI,21:50:00,22:10:00,10,2,0 days 00:20:00
98775,CST-MUMBAI,RAVLI JN,21:10:00,21:30:00,10,2,0 days 00:20:00
98776,RAVLI JN,CST-MUMBAI,22:29:00,22:49:00,10,2,0 days 00:20:00
98777,CST-MUMBAI,RAVLI JN,21:46:00,22:06:00,10,2,0 days 00:20:00
98778,RAVLI JN,CST-MUMBAI,22:59:00,23:19:00,10,2,0 days 00:20:00
98779,CST-MUMBAI,RAVLI JN,22:14:00,22:34:00,10,2,0 days 00:20:00
98780,RAVLI JN,CST-MUMBAI,23:31:00,23:51:00,10,2,0 days 00:20:00
98781,CST-MUMBAI,RAVLI JN,22:41:00,23:01:00,10,2,0 days 00:20:00
98782,RAVLI JN,CST-MUMBAI,23:53:00,00:13:00,10,2,0 days 00:20:00
98783,CST-MUMBAI,RAVLI JN,23:07:00,23:27:00,10,2,0 days 00:20:00
98784,RAVLI JN,CST-MUMBAI,00:18:00,00:38:00,10,2,0 days 00:20:00
98785,CST-MUMBAI,RAVLI JN,23:43:00,00:03:00,10,2,0 days 00:20:00
98800,RAVLI JN,CST-MUMBAI,04:18:00,04:39:00,10,2,0 days 00:21:00
98801,CST-MUMBAI,RAVLI JN,00:17:00,00:45:00,10,2,0 days 00:28:00
98802,RAVLI JN,CST-MUMBAI,04:38:00,04:59:00,10,2,0 days 00:21:00
98803,CST-MUMBAI,RAVLI JN,00:41:00,01:09:00,10,2,0 days 00:28:00
98804,RAVLI JN,CST-MUMBAI,05:01:00,05:22:00,10,2,0 days 00:21:00
98805,CST-MUMBAI,RAVLI JN,04:43:00,05:03:00,10,2,0 days 00:20:00
98806,RAVLI JN,CST-MUMBAI,05:26:00,05:47:00,10,2,0 days 00:21:00
98807,CST-MUMBAI,RAVLI JN,05:04:00,05:24:00,10,2,0 days 00:20:00
98808,RAVLI JN,CST-MUMBAI,05:51:00,06:12:00,10,2,0 days 00:21:00
98809,CST-MUMBAI,RAVLI JN,05:36:00,05:56:00,10,2,0 days 00:20:00
98810,RAVLI JN,CST-MUMBAI,06:23:00,06:44:00,10,2,0 days 00:21:00
98811,CST-MUMBAI,RAVLI JN,06:04:00,06:24:00,10,2,0 days 00:20:00
98812,RAVLI JN,CST-MUMBAI,06:51:00,07:12:00,10,2,0 days 00:21:00
98813,CST-MUMBAI,RAVLI JN,06:32:00,06:52:00,10,2,0 days 00:20:00
98814,RAVLI JN,CST-MUMBAI,07:15:00,07:36:00,10,2,0 days 00:21:00
98815,CST-MUMBAI,RAVLI JN,06:56:00,07:17:00,10,2,0 days 00:21:00
98816,RAVLI JN,CST-MUMBAI,07:40:00,08:01:00,10,2,0 days 00:21:00
98817,CST-MUMBAI,RAVLI JN,07:26:00,07:46:00,10,2,0 days 00:20:00
98818,RAVLI JN,CST-MUMBAI,08:12:00,08:33:00,10,2,0 days 00:21:00
98819,CST-MUMBAI,RAVLI JN,07:53:00,08:13:00,10,2,0 days 00:20:00
98820,RAVLI JN,CST-MUMBAI,08:36:00,08:57:00,10,2,0 days 00:21:00
98821,CST-MUMBAI,RAVLI JN,08:17:00,08:37:00,10,2,0 days 00:20:00
98822,RAVLI JN,CST-MUMBAI,09:00:00,09:21:00,10,2,0 days 00:21:00
98823,CST-MUMBAI,RAVLI JN,08:49:00,09:09:00,10,2,0 days 00:20:00
98824,RAVLI JN,CST-MUMBAI,09:32:00,09:53:00,10,2,0 days 00:21:00
98825,CST-MUMBAI,RAVLI JN,09:13:00,09:33:00,10,2,0 days 00:20:00
98826,RAVLI JN,CST-MUMBAI,09:57:00,10:19:00,10,2,0 days 00:22:00
98827,CST-MUMBAI,RAVLI JN,09:41:00,10:01:00,10,2,0 days 00:20:00
98828,RAVLI JN,CST-MUMBAI,10:24:00,10:45:00,10,2,0 days 00:21:00
98829,CST-MUMBAI,RAVLI JN,10:04:00,10:24:00,10,2,0 days 00:20:00
98830,RAVLI JN,CST-MUMBAI,10:48:00,11:09:00,10,2,0 days 00:21:00
98831,CST-MUMBAI,RAVLI JN,10:37:00,10:57:00,10,2,0 days 00:20:00
98832,RAVLI JN,CST-MUMBAI,11:20:00,11:41:00,10,2,0 days 00:21:00
98833,CST-MUMBAI,RAVLI JN,11:03:00,11:23:00,10,2,0 days 00:20:00
98834,RAVLI JN,CST-MUMBAI,11:48:00,12:09:00,10,2,0 days 00:21:00
98835,CST-MUMBAI,RAVLI JN,11:35:00,11:57:00,10,2,0 days 00:22:00
98836,RAVLI JN,CST-MUMBAI,12:24:00,12:45:00,10,2,0 days 00:21:00
98837,CST-MUMBAI,RAVLI JN,11:58:00,12:18:00,10,2,0 days 00:20:00
98838,RAVLI JN,CST-MUMBAI,12:44:00,13:05:00,10,2,0 days 00:21:00
98839,CST-MUMBAI,RAVLI JN,12:25:00,12:45:00,10,2,0 days 00:20:00
98840,RAVLI JN,CST-MUMBAI,13:16:00,13:37:00,10,2,0 days 00:21:00
98841,CST-MUMBAI,RAVLI JN,12:49:00,13:09:00,10,2,0 days 00:20:00
98842,RAVLI JN,CST-MUMBAI,13:37:00,13:58:00,10,2,0 days 00:21:00
98843,CST-MUMBAI,RAVLI JN,13:13:00,13:33:00,10,2,0 days 00:20:00
98844,RAVLI JN,CST-MUMBAI,14:00:00,14:21:00,10,2,0 days 00:21:00
98845,CST-MUMBAI,RAVLI JN,13:41:00,14:01:00,10,2,0 days 00:20:00
98846,RAVLI JN,CST-MUMBAI,14:28:00,14:49:00,10,2,0 days 00:21:00
98847,CST-MUMBAI,RAVLI JN,14:06:00,14:26:00,10,2,0 days 00:20:00
98848,RAVLI JN,CST-MUMBAI,14:52:00,15:13:00,10,2,0 days 00:21:00
98849,CST-MUMBAI,RAVLI JN,14:41:00,15:01:00,10,2,0 days 00:20:00
98850,RAVLI JN,CST-MUMBAI,15:25:00,15:45:00,10,2,0 days 00:20:00
98851,CST-MUMBAI,RAVLI JN,15:05:00,15:25:00,10,2,0 days 00:20:00
98852,RAVLI JN,CST-MUMBAI,15:52:00,16:13:00,10,2,0 days 00:21:00
98853,CST-MUMBAI,RAVLI JN,15:33:00,15:53:00,10,2,0 days 00:20:00
98854,RAVLI JN,CST-MUMBAI,16:19:00,16:40:00,10,2,0 days 00:21:00
98855,CST-MUMBAI,RAVLI JN,16:04:00,16:24:00,10,2,0 days 00:20:00
98856,RAVLI JN,CST-MUMBAI,16:46:00,17:08:00,10,2,0 days 00:22:00
98857,CST-MUMBAI,RAVLI JN,16:32:00,16:52:00,10,2,0 days 00:20:00
98858,RAVLI JN,CST-MUMBAI,17:22:00,17:44:00,10,2,0 days 00:22:00
98859,CST-MUMBAI,RAVLI JN,16:56:00,17:16:00,10,2,0 days 00:20:00
98860,RAVLI JN,CST-MUMBAI,17:43:00,18:04:00,10,2,0 days 00:21:00
98861,CST-MUMBAI,RAVLI JN,17:29:00,17:49:00,10,2,0 days 00:20:00
98862,RAVLI JN,CST-MUMBAI,18:12:00,18:33:00,10,2,0 days 00:21:00
98863,CST-MUMBAI,RAVLI JN,17:50:00,18:10:00,10,2,0 days 00:20:00
98864,RAVLI JN,CST-MUMBAI,18:33:00,18:54:00,10,2,0 days 00:21:00
98865,CST-MUMBAI,RAVLI JN,18:21:00,18:43:00,10,2,0 days 00:22:00
98866,RAVLI JN,CST-MUMBAI,19:07:00,19:28:00,10,2,0 days 00:21:00
98867,CST-MUMBAI,RAVLI JN,18:50:00,19:10:00,10,2,0 days 00:20:00
98868,RAVLI JN,CST-MUMBAI,19:33:00,19:54:00,10,2,0 days 00:21:00
98869,CST-MUMBAI,RAVLI JN,19:28:00,19:48:00,10,2,0 days 00:20:00
98870,RAVLI JN,CST-MUMBAI,20:14:00,20:35:00,10,2,0 days 00:21:00
98871,CST-MUMBAI,RAVLI JN,19:57:00,20:17:00,10,2,0 days 00:20:00
98872,RAVLI JN,CST-MUMBAI,20:44:00,21:05:00,10,2,0 days 00:21:00
98873,CST-MUMBAI,RAVLI JN,20:22:00,20:44:00,10,2,0 days 00:22:00
98874,RAVLI JN,CST-MUMBAI,21:08:00,21:30:00,10,2,0 days 00:22:00
98875,CST-MUMBAI,RAVLI JN,20:54:00,21:14:00,10,2,0 days 00:20:00
98876,RAVLI JN,CST-MUMBAI,21:37:00,21:57:00,10,2,0 days 00:20:00
98877,CST-MUMBAI,RAVLI JN,21:22:00,21:42:00,10,2,0 days 00:20:00
98878,RAVLI JN,CST-MUMBAI,22:06:00,22:26:00,10,2,0 days 00:20:00
98879,CST-MUMBAI,RAVLI JN,21:34:00,21:55:00,10,2,0 days 00:21:00
98880,RAVLI JN,CST-MUMBAI,22:18:00,22:38:00,10,2,0 days 00:20:00
98881,CST-MUMBAI,RAVLI JN,22:00:00,22:20:00,10,2,0 days 00:20:00
98882,RAVLI JN,CST-MUMBAI,22:43:00,23:03:00,10,2,0 days 00:20:00
98883,CST-MUMBAI,RAVLI JN,22:26:00,22:46:00,10,2,0 days 00:20:00
98884,RAVLI JN,CST-MUMBAI,23:16:00,23:36:00,10,2,0 days 00:20:00
98885,CST-MUMBAI,RAVLI JN,22:55:00,23:15:00,10,2,0 days 00:20:00
98886,RAVLI JN,CST-MUMBAI,23:39:00,23:59:00,10,2,0 days 00:20:00
98887,CST-MUMBAI,RAVLI JN,23:23:00,23:43:00,10,2,0 days 00:20:00
98900,RAVLI JN,PANVEL,08:04:00,09:10:00,40,2,0 days 01:06:00
98901,PANVEL,MUMBAI VADAL,05:57:00,06:57:00,39,2,0 days 01:00:00
98902,RAVLI JN,PANVEL,09:08:00,10:18:00,40,2,0 days 01:10:00
98903,PANVEL,MUMBAI VADAL,06:59:00,07:58:00,39,2,0 days 00:59:00
98904,RAVLI JN,PANVEL,10:01:00,11:10:00,40,2,0 days 01:09:00
98905,PANVEL,MUMBAI VADAL,07:40:00,08:39:00,39,2,0 days 00:59:00
98906,RAVLI JN,PANVEL,12:47:00,13:53:00,40,2,0 days 01:06:00
98907,PANVEL,MUMBAI VADAL,10:47:00,11:46:00,39,2,0 days 00:59:00
98908,RAVLI JN,PANVEL,18:39:00,19:47:00,40,2,0 days 01:08:00
98909,PANVEL,MUMBAI VADAL,16:33:00,17:33:00,39,2,0 days 01:00:00
98910,RAVLI JN,PANVEL,19:02:00,20:09:00,40,2,0 days 01:07:00
98911,PANVEL,MUMBAI VADAL,17:01:00,18:00:00,39,2,0 days 00:59:00
98912,RAVLI JN,PANVEL,19:37:00,20:47:00,40,2,0 days 01:10:00
98913,PANVEL,RAVLI JN,17:29:00,18:39:00,40,3,0 days 01:10:00
98914,RAVLI JN,PANVEL,20:40:00,21:48:00,40,2,0 days 01:08:00
98915,PANVEL,RAVLI JN,18:31:00,19:43:00,40,2,0 days 01:12:00
98916,RAVLI JN,PANVEL,21:34:00,22:40:00,40,2,0 days 01:06:00
98917,PANVEL,RAVLI JN,19:30:00,20:40:00,40,3,0 days 01:10:00
99000,PANVEL,THANE,04:35:00,05:29:00,34,2,0 days 00:54:00
99001,THANE,PANVEL,06:20:00,07:13:00,34,2,0 days 00:53:00
99002,PANVEL,THANE,05:33:00,06:26:00,34,2,0 days 00:53:00
99003,THANE,PANVEL,07:05:00,07:58:00,34,2,0 days 00:53:00
99004,PANVEL,THANE,06:19:00,07:12:00,34,2,0 days 00:53:00
99005,THANE,PANVEL,08:03:00,08:56:00,34,2,0 days 00:53:00
99006,PANVEL,THANE,06:55:00,07:51:00,34,2,0 days 00:56:00
99007,THANE,PANVEL,09:00:00,09:49:00,34,2,0 days 00:49:00
99008,PANVEL,THANE,07:24:00,08:17:00,34,2,0 days 00:53:00
99009,THANE,PANVEL,09:14:00,10:07:00,34,2,0 days 00:53:00
99010,PANVEL,THANE,08:06:00,08:52:00,34,2,0 days 00:46:00
99011,THANE,PANVEL,10:00:00,10:53:00,34,2,0 days 00:53:00
99012,PANVEL,THANE,09:16:00,10:10:00,34,2,0 days 00:54:00
99013,THANE,PANVEL,11:11:00,12:04:00,34,2,0 days 00:53:00
99014,PANVEL,THANE,10:01:00,10:55:00,34,2,0 days 00:54:00
99015,THANE,PANVEL,12:07:00,13:02:00,34,2,0 days 00:55:00
99016,PANVEL,THANE,10:28:00,11:21:00,34,2,0 days 00:53:00
99017,THANE,PANVEL,12:50:00,13:43:00,34,2,0 days 00:53:00
99018,PANVEL,THANE,11:05:00,11:58:00,34,2,0 days 00:53:00
99019,THANE,PANVEL,13:13:00,14:06:00,34,2,0 days 00:53:00
99020,PANVEL,THANE,12:13:00,13:06:00,34,2,0 days 00:53:00
99021,THANE,PANVEL,14:15:00,15:11:00,34,2,0 days 00:56:00
99022,PANVEL,THANE,13:12:00,14:05:00,34,2,0 days 00:53:00
99023,THANE,PANVEL,15:29:00,16:22:00,34,2,0 days 00:53:00
99024,PANVEL,THANE,13:56:00,14:49:00,34,2,0 days 00:53:00
99025,THANE,PANVEL,16:38:00,17:31:00,34,2,0 days 00:53:00
99026,PANVEL,THANE,14:16:00,15:09:00,34,2,0 days 00:53:00
99027,THANE,PANVEL,17:20:00,18:13:00,34,2,0 days 00:53:00
99028,PANVEL,THANE,15:19:00,16:12:00,34,2,0 days 00:53:00
99029,THANE,PANVEL,17:50:00,18:43:00,34,2,0 days 00:53:00
99030,PANVEL,THANE,16:37:00,17:30:00,34,2,0 days 00:53:00
99031,THANE,PANVEL,18:34:00,19:27:00,34,2,0 days 00:53:00
99032,PANVEL,THANE,17:42:00,18:35:00,34,2,0 days 00:53:00
99033,THANE,PANVEL,19:14:00,20:03:00,34,2,0 days 00:49:00
99034,PANVEL,THANE,18:26:00,19:12:00,34,2,0 days 00:46:00
99035,THANE,PANVEL,19:50:00,20:43:00,34,2,0 days 00:53:00
99036,PANVEL,THANE,18:52:00,19:45:00,34,2,0 days 00:53:00
99037,THANE,PANVEL,20:45:00,21:39:00,34,2,0 days 00:54:00
99038,PANVEL,THANE,19:35:00,20:28:00,34,2,0 days 00:53:00
99039,THANE,PANVEL,21:34:00,22:27:00,34,2,0 days 00:53:00
99040,PANVEL,THANE,20:12:00,21:05:00,34,2,0 days 00:53:00
99041,THANE,PANVEL,22:52:00,23:45:00,34,2,0 days 00:53:00
99042,PANVEL,THANE,21:52:00,22:45:00,34,2,0 days 00:53:00
99100,BELAPUR C.B.,THANE,05:09:00,05:49:00,23,2,0 days 00:40:00
99101,THANE,BELAPUR C.B.,10:40:00,11:19:00,23,2,0 days 00:39:00
99102,BELAPUR C.B.,THANE,07:01:00,07:40:00,23,2,0 days 00:39:00
99103,THANE,BELAPUR C.B.,20:11:00,20:50:00,23,2,0 days 00:39:00
99104,BELAPUR C.B.,THANE,15:16:00,15:55:00,23,2,0 days 00:39:00
99105,THANE,BELAPUR C.B.,21:19:00,21:59:00,23,2,0 days 00:40:00
99107,THANE,BELAPUR C.B.,23:19:00,23:59:00,23,2,0 days 00:40:00
99200,NERUL,THANE,06:20:00,06:52:00,20,2,0 days 00:32:00
99201,THANE,NERUL,05:40:00,06:12:00,20,2,0 days 00:32:00
99202,NERUL,THANE,06:53:00,07:25:00,20,2,0 days 00:32:00
99203,THANE,NERUL,06:08:00,06:40:00,20,2,0 days 00:32:00
99204,NERUL,THANE,07:30:00,08:02:00,20,2,0 days 00:32:00
99205,THANE,NERUL,06:45:00,07:17:00,20,2,0 days 00:32:00
99206,NERUL,THANE,08:06:00,08:38:00,20,2,0 days 00:32:00
99207,THANE,NERUL,07:26:00,07:58:00,20,2,0 days 00:32:00
99208,NERUL,THANE,08:35:00,09:07:00,20,2,0 days 00:32:00
99209,THANE,NERUL,07:47:00,08:19:00,20,2,0 days 00:32:00
99210,NERUL,THANE,08:55:00,09:27:00,20,2,0 days 00:32:00
99211,THANE,NERUL,08:15:00,08:47:00,20,2,0 days 00:32:00
99212,NERUL,THANE,09:10:00,09:42:00,20,2,0 days 00:32:00
99213,THANE,NERUL,08:29:00,09:01:00,20,2,0 days 00:32:00
99214,NERUL,THANE,09:31:00,10:03:00,20,2,0 days 00:32:00
99215,THANE,NERUL,08:51:00,09:23:00,20,2,0 days 00:32:00
99216,NERUL,THANE,10:16:00,10:48:00,20,2,0 days 00:32:00
99217,THANE,NERUL,09:34:00,10:06:00,20,2,0 days 00:32:00
99218,NERUL,THANE,11:00:00,11:32:00,20,2,0 days 00:32:00
99219,THANE,NERUL,10:18:00,10:50:00,20,2,0 days 00:32:00
99220,NERUL,THANE,11:39:00,12:12:00,20,2,0 days 00:33:00
99221,THANE,NERUL,10:56:00,11:28:00,20,2,0 days 00:32:00
99222,NERUL,THANE,12:08:00,12:40:00,20,2,0 days 00:32:00
99223,THANE,NERUL,11:28:00,12:00:00,20,2,0 days 00:32:00
99224,NERUL,THANE,13:02:00,13:34:00,20,2,0 days 00:32:00
99225,THANE,NERUL,12:22:00,12:54:00,20,2,0 days 00:32:00
99226,NERUL,THANE,14:25:00,14:57:00,20,2,0 days 00:32:00
99227,THANE,NERUL,13:40:00,14:12:00,20,2,0 days 00:32:00
99228,NERUL,THANE,15:17:00,15:49:00,20,2,0 days 00:32:00
99229,THANE,NERUL,14:37:00,15:09:00,20,2,0 days 00:32:00
99230,NERUL,THANE,15:55:00,16:29:00,20,2,0 days 00:34:00
99231,THANE,NERUL,15:05:00,15:37:00,20,2,0 days 00:32:00
99232,NERUL,THANE,16:35:00,17:07:00,20,2,0 days 00:32:00
99233,THANE,NERUL,15:55:00,16:27:00,20,2,0 days 00:32:00
99234,NERUL,THANE,16:50:00,17:22:00,20,2,0 days 00:32:00
99235,THANE,NERUL,16:10:00,16:42:00,20,2,0 days 00:32:00
99236,NERUL,THANE,17:32:00,18:04:00,20,2,0 days 00:32:00
99237,THANE,NERUL,16:51:00,17:23:00,20,2,0 days 00:32:00
99238,NERUL,THANE,17:48:00,18:20:00,20,2,0 days 00:32:00
99239,THANE,NERUL,17:07:00,17:39:00,20,2,0 days 00:32:00
99240,NERUL,THANE,18:23:00,18:55:00,20,2,0 days 00:32:00
99241,THANE,NERUL,17:31:00,18:03:00,20,2,0 days 00:32:00
99242,NERUL,THANE,18:55:00,19:27:00,20,2,0 days 00:32:00
99243,THANE,NERUL,18:12:00,18:44:00,20,2,0 days 00:32:00
99244,NERUL,THANE,19:33:00,20:05:00,20,2,0 days 00:32:00
99245,THANE,NERUL,18:53:00,19:25:00,20,2,0 days 00:32:00
99246,NERUL,THANE,20:07:00,20:39:00,20,2,0 days 00:32:00
99247,THANE,NERUL,19:21:00,19:53:00,20,2,0 days 00:32:00
99248,NERUL,THANE,20:22:00,20:55:00,20,2,0 days 00:33:00
99249,THANE,NERUL,19:39:00,20:11:00,20,2,0 days 00:32:00
99250,NERUL,THANE,21:15:00,21:47:00,20,2,0 days 00:32:00
99251,THANE,NERUL,20:35:00,21:07:00,20,2,0 days 00:32:00
99252,NERUL,THANE,21:40:00,22:12:00,20,2,0 days 00:32:00
99253,THANE,NERUL,20:58:00,21:30:00,20,2,0 days 00:32:00
99254,NERUL,THANE,23:00:00,23:32:00,20,2,0 days 00:32:00
99255,THANE,NERUL,22:15:00,22:47:00,20,2,0 days 00:32:00
99400,VASHI,THANE,05:35:00,06:03:00,18,2,0 days 00:28:00
99401,THANE,VASHI,05:30:00,05:58:00,18,2,0 days 00:28:00
99402,VASHI,THANE,05:45:00,06:13:00,18,2,0 days 00:28:00
99403,THANE,VASHI,05:56:00,06:24:00,18,2,0 days 00:28:00
99404,VASHI,THANE,06:06:00,06:34:00,18,2,0 days 00:28:00
99405,THANE,VASHI,06:14:00,06:42:00,18,2,0 days 00:28:00
99406,VASHI,THANE,06:32:00,07:00:00,18,2,0 days 00:28:00
99407,THANE,VASHI,06:40:00,07:08:00,18,2,0 days 00:28:00
99408,VASHI,THANE,06:52:00,07:20:00,18,2,0 days 00:28:00
99409,THANE,VASHI,06:59:00,07:27:00,18,2,0 days 00:28:00
99410,VASHI,THANE,07:17:00,07:45:00,18,2,0 days 00:28:00
99411,THANE,VASHI,07:17:00,07:45:00,18,2,0 days 00:28:00
99412,VASHI,THANE,07:40:00,08:08:00,18,2,0 days 00:28:00
99413,THANE,VASHI,07:34:00,08:02:00,18,2,0 days 00:28:00
99414,VASHI,THANE,07:54:00,08:22:00,18,2,0 days 00:28:00
99415,THANE,VASHI,07:55:00,08:23:00,18,2,0 days 00:28:00
99416,VASHI,THANE,08:16:00,08:44:00,18,2,0 days 00:28:00
99417,THANE,VASHI,08:10:00,08:38:00,18,2,0 days 00:28:00
99418,VASHI,THANE,08:31:00,08:59:00,18,2,0 days 00:28:00
99419,THANE,VASHI,08:24:00,08:52:00,18,2,0 days 00:28:00
99420,VASHI,THANE,08:48:00,09:17:00,18,2,0 days 00:29:00
99421,THANE,VASHI,08:44:00,09:12:00,18,2,0 days 00:28:00
99422,VASHI,THANE,09:05:00,09:33:00,18,2,0 days 00:28:00
99423,THANE,VASHI,09:08:00,09:36:00,18,2,0 days 00:28:00
99424,VASHI,THANE,09:20:00,09:48:00,18,2,0 days 00:28:00
99425,THANE,VASHI,09:24:00,09:52:00,18,2,0 days 00:28:00
99426,VASHI,THANE,09:47:00,10:16:00,18,2,0 days 00:29:00
99427,THANE,VASHI,09:39:00,10:07:00,18,2,0 days 00:28:00
99428,VASHI,THANE,10:00:00,10:28:00,18,2,0 days 00:28:00
99429,THANE,VASHI,09:50:00,10:19:00,18,2,0 days 00:29:00
99430,VASHI,THANE,10:15:00,10:43:00,18,2,0 days 00:28:00
99431,THANE,VASHI,10:11:00,10:39:00,18,2,0 days 00:28:00
99432,VASHI,THANE,10:32:00,11:00:00,18,2,0 days 00:28:00
99433,THANE,VASHI,10:29:00,10:57:00,18,2,0 days 00:28:00
99434,VASHI,THANE,10:47:00,11:15:00,18,2,0 days 00:28:00
99435,THANE,VASHI,10:49:00,11:17:00,18,2,0 days 00:28:00
99436,VASHI,THANE,11:10:00,11:38:00,18,2,0 days 00:28:00
99437,THANE,VASHI,11:03:00,11:31:00,18,2,0 days 00:28:00
99438,VASHI,THANE,11:25:00,11:53:00,18,2,0 days 00:28:00
99439,THANE,VASHI,11:22:00,11:50:00,18,2,0 days 00:28:00
99440,VASHI,THANE,11:39:00,12:07:00,18,2,0 days 00:28:00
99441,THANE,VASHI,11:42:00,12:10:00,18,2,0 days 00:28:00
99442,VASHI,THANE,12:00:00,12:28:00,18,2,0 days 00:28:00
99443,THANE,VASHI,12:00:00,12:28:00,18,2,0 days 00:28:00
99444,VASHI,THANE,12:22:00,12:50:00,18,2,0 days 00:28:00
99445,THANE,VASHI,12:13:00,12:41:00,18,2,0 days 00:28:00
99446,VASHI,THANE,12:50:00,13:18:00,18,2,0 days 00:28:00
99447,THANE,VASHI,12:35:00,13:04:00,18,2,0 days 00:29:00
99448,VASHI,THANE,13:20:00,13:48:00,18,2,0 days 00:28:00
99449,THANE,VASHI,13:00:00,13:29:00,18,2,0 days 00:29:00
99450,VASHI,THANE,13:45:00,14:13:00,18,2,0 days 00:28:00
99451,THANE,VASHI,13:27:00,13:56:00,18,2,0 days 00:29:00
99452,VASHI,THANE,14:04:00,14:32:00,18,2,0 days 00:28:00
99453,THANE,VASHI,14:00:00,14:29:00,18,2,0 days 00:29:00
99454,VASHI,THANE,14:46:00,15:14:00,18,2,0 days 00:28:00
99455,THANE,VASHI,14:20:00,14:48:00,18,2,0 days 00:28:00
99456,VASHI,THANE,15:05:00,15:33:00,18,2,0 days 00:28:00
99457,THANE,VASHI,14:56:00,15:24:00,18,2,0 days 00:28:00
99458,VASHI,THANE,15:35:00,16:03:00,18,2,0 days 00:28:00
99459,THANE,VASHI,15:20:00,15:48:00,18,2,0 days 00:28:00
99460,VASHI,THANE,15:56:00,16:24:00,18,2,0 days 00:28:00
99461,THANE,VASHI,15:40:00,16:08:00,18,2,0 days 00:28:00
99462,VASHI,THANE,16:16:00,16:44:00,18,2,0 days 00:28:00
99463,THANE,VASHI,16:05:00,16:33:00,18,2,0 days 00:28:00
99464,VASHI,THANE,16:30:00,16:58:00,18,2,0 days 00:28:00
99465,THANE,VASHI,16:24:00,16:52:00,18,2,0 days 00:28:00
99466,VASHI,THANE,16:45:00,17:13:00,18,2,0 days 00:28:00
99467,THANE,VASHI,16:43:00,17:12:00,18,2,0 days 00:29:00
99468,VASHI,THANE,17:07:00,17:35:00,18,2,0 days 00:28:00
99469,THANE,VASHI,17:00:00,17:28:00,18,2,0 days 00:28:00
99470,VASHI,THANE,17:24:00,17:52:00,18,2,0 days 00:28:00
99471,THANE,VASHI,17:25:00,17:53:00,18,2,0 days 00:28:00
99472,VASHI,THANE,17:42:00,18:10:00,18,2,0 days 00:28:00
99473,THANE,VASHI,17:40:00,18:08:00,18,2,0 days 00:28:00
99474,VASHI,THANE,18:01:00,18:29:00,18,2,0 days 00:28:00
99475,THANE,VASHI,18:00:00,18:28:00,18,2,0 days 00:28:00
99476,VASHI,THANE,18:16:00,18:44:00,18,2,0 days 00:28:00
99477,THANE,VASHI,18:17:00,18:45:00,18,2,0 days 00:28:00
99478,VASHI,THANE,18:36:00,19:04:00,18,2,0 days 00:28:00
99479,THANE,VASHI,18:29:00,18:57:00,18,2,0 days 00:28:00
99480,VASHI,THANE,18:53:00,19:21:00,18,2,0 days 00:28:00
99481,THANE,VASHI,18:45:00,19:13:00,18,2,0 days 00:28:00
99482,VASHI,THANE,19:06:00,19:34:00,18,2,0 days 00:28:00
99483,THANE,VASHI,19:05:00,19:33:00,18,2,0 days 00:28:00
99484,VASHI,THANE,19:25:00,19:53:00,18,2,0 days 00:28:00
99485,THANE,VASHI,19:28:00,19:56:00,18,2,0 days 00:28:00
99486,VASHI,THANE,19:46:00,20:14:00,18,2,0 days 00:28:00
99487,THANE,VASHI,19:45:00,20:13:00,18,2,0 days 00:28:00
99488,VASHI,THANE,20:05:00,20:33:00,18,2,0 days 00:28:00
99489,THANE,VASHI,20:00:00,20:30:00,18,2,0 days 00:30:00
99490,VASHI,THANE,20:22:00,20:51:00,18,2,0 days 00:29:00
99491,THANE,VASHI,20:22:00,20:50:00,18,2,0 days 00:28:00
99492,VASHI,THANE,20:40:00,21:08:00,18,2,0 days 00:28:00
99493,THANE,VASHI,20:51:00,21:19:00,18,2,0 days 00:28:00
99494,VASHI,THANE,20:59:00,21:27:00,18,2,0 days 00:28:00
99495,THANE,VASHI,21:08:00,22:37:00,18,2,0 days 01:29:00
99496,VASHI,THANE,21:30:00,21:58:00,18,2,0 days 00:28:00
99497,THANE,VASHI,21:55:00,22:24:00,18,2,0 days 00:29:00
99498,VASHI,THANE,22:00:00,22:28:00,18,2,0 days 00:28:00
99499,THANE,VASHI,22:25:00,22:54:00,18,2,0 days 00:29:00
99500,VASHI,THANE,22:35:00,23:03:00,18,2,0 days 00:28:00
99501,THANE,VASHI,22:39:00,23:08:00,18,2,0 days 00:29:00
99502,VASHI,THANE,23:10:00,23:38:00,18,2,0 days 00:28:00
99503,THANE,VASHI,23:45:00,00:14:00,18,2,0 days 00:29:00
99801,LONAVLA,PUNE JN.,05:20:00,06:40:00,63,17,0 days 01:20:00
99802,PUNE JN.,LONAVLA,00:10:00,01:50:00,63,17,0 days 01:40:00
99803,LONAVLA,PUNE JN.,06:30:00,07:55:00,63,17,0 days 01:25:00
99804,PUNE JN.,LONAVLA,04:45:00,06:05:00,63,17,0 days 01:20:00
99805,LONAVLA,PUNE JN.,07:25:00,08:50:00,63,17,0 days 01:25:00
99806,PUNE JN.,LONAVLA,05:45:00,07:10:00,63,17,0 days 01:25:00
99807,LONAVLA,PUNE JN.,08:20:00,09:45:00,63,17,0 days 01:25:00
99808,PUNE JN.,LONAVLA,06:30:00,07:55:00,63,17,0 days 01:25:00
99809,LONAVLA,PUNE JN.,10:10:00,11:55:00,63,17,0 days 01:45:00
99810,PUNE JN.,LONAVLA,08:05:00,09:30:00,63,17,0 days 01:25:00
99811,LONAVLA,PUNE JN.,11:30:00,12:55:00,63,17,0 days 01:25:00
99812,PUNE JN.,LONAVLA,09:55:00,11:20:00,63,17,0 days 01:25:00
99813,LONAVLA,PUNE JN.,14:00:00,15:25:00,63,17,0 days 01:25:00
99814,SHIVAJINAGAR,LONAVLA,11:20:00,12:38:00,61,16,0 days 01:18:00
99815,LONAVLA,PUNE JN.,14:50:00,16:15:00,63,17,0 days 01:25:00
99816,PUNE JN.,LONAVLA,12:15:00,13:45:00,63,17,0 days 01:30:00
99817,LONAVLA,PUNE JN.,15:40:00,17:05:00,63,17,0 days 01:25:00
99818,PUNE JN.,LONAVLA,13:00:00,14:20:00,63,17,0 days 01:20:00
99819,LONAVLA,PUNE JN.,17:25:00,18:50:00,63,17,0 days 01:25:00
99820,PUNE JN.,LONAVLA,15:00:00,16:25:00,63,17,0 days 01:25:00
99821,LONAVLA,PUNE JN.,18:20:00,19:45:00,63,17,0 days 01:25:00
99822,PUNE JN.,LONAVLA,16:25:00,17:50:00,63,17,0 days 01:25:00
99823,LONAVLA,SHIVAJINAGAR,19:00:00,20:25:00,61,12,0 days 01:25:00
99824,PUNE JN.,LONAVLA,17:15:00,18:40:00,63,17,0 days 01:25:00
99825,LONAVLA,PUNE JN.,19:35:00,20:55:00,63,17,0 days 01:20:00
99826,PUNE JN.,LONAVLA,18:02:00,19:27:00,63,17,0 days 01:25:00
99827,LONAVLA,PUNE JN.,20:40:00,22:00:00,63,17,0 days 01:20:00
99828,PUNE JN.,LONAVLA,19:05:00,20:30:00,63,17,0 days 01:25:00
99829,LONAVLA,PUNE JN.,21:35:00,22:55:00,63,17,0 days 01:20:00
99830,PUNE JN.,LONAVLA,20:05:00,21:25:00,63,17,0 days 01:20:00
99831,LONAVLA,PUNE JN.,22:05:00,23:25:00,63,17,0 days 01:20:00
99832,SHIVAJINAGAR,LONAVLA,20:35:00,21:53:00,61,16,0 days 01:18:00
99833,LONAVLA,PUNE JN.,22:35:00,00:20:00,63,17,0 days 01:45:00
99834,PUNE JN.,LONAVLA,21:02:00,22:23:00,63,17,0 days 01:21:00
99835,LONAVLA,PUNE JN.,23:40:00,01:35:00,63,17,0 days 01:55:00
99836,PUNE JN.,LONAVLA,22:10:00,23:30:00,63,17,0 days 01:20:00
99901,TALEGAON,PUNE JN.,00:05:00,01:15:00,34,12,0 days 01:10:00
99902,PUNE JN.,TALEGAON,06:50:00,07:40:00,34,12,0 days 00:50:00
99903,TALEGAON,PUNE JN.,07:50:00,08:40:00,34,12,0 days 00:50:00
99904,PUNE JN.,TALEGAON,08:57:00,09:47:00,34,12,0 days 00:50:00
99905,TALEGAON,SHIVAJINAGAR,09:57:00,10:40:00,31,11,0 days 00:43:00
99906,PUNE JN.,TALEGAON,15:40:00,16:30:00,34,12,0 days 00:50:00
99907,TALEGAON,PUNE JN.,16:38:00,17:30:00,34,12,0 days 00:52:00
99908,PUNE JN.,TALEGAON,23:00:00,23:50:00,34,12,0 days 00:50:00
